id	kind	screen	mechanism	reach	status	evidence	lines	receipts	reached_unapplied
CLOSING.TXT:@MESSAGES	txt	結局	string	conditional	pending		1		
COLONY.TXT:@DUTCH:0x00000877	txt	海上地圖	string	normal	pending		1		
COLONY.TXT:@DUTCH:0x00000886	txt	海上地圖	string	normal	pending		1		
COLONY.TXT:@DUTCH:0x00000893	txt	海上地圖	string	normal	pending		1		
COLONY.TXT:@DUTCH:0x000008A0	txt	海上地圖	string	normal	pending		1		
COLONY.TXT:@DUTCH:0x000008AD	txt	海上地圖	string	normal	pending		1		
COLONY.TXT:@DUTCH:0x000008B9	txt	海上地圖	string	normal	pending		1		
COLONY.TXT:@DUTCH:0x000008C2	txt	海上地圖	string	normal	pending		1		
COLONY.TXT:@DUTCH:0x000008CA	txt	海上地圖	string	normal	pending		1		
COLONY.TXT:@DUTCH:0x000008D1	txt	海上地圖	string	normal	pending		1		
COLONY.TXT:@DUTCH:0x000008DD	txt	海上地圖	string	normal	pending		1		
COLONY.TXT:@DUTCH:0x000008E9	txt	海上地圖	string	normal	pending		1		
COLONY.TXT:@DUTCH:0x000008F5	txt	海上地圖	string	normal	pending		1		
COLONY.TXT:@DUTCH:0x00000904	txt	海上地圖	string	normal	pending		1		
COLONY.TXT:@DUTCH:0x0000090F	txt	海上地圖	string	normal	pending		1		
COLONY.TXT:@DUTCH:0x00000918	txt	海上地圖	string	normal	pending		1		
COLONY.TXT:@DUTCH:0x00000921	txt	海上地圖	string	normal	pending		1		
COLONY.TXT:@DUTCH:0x0000092A	txt	海上地圖	string	normal	pending		1		
COLONY.TXT:@DUTCH:0x00000933	txt	海上地圖	string	normal	pending		1		
COLONY.TXT:@DUTCH:0x0000093F	txt	海上地圖	string	normal	pending		1		
COLONY.TXT:@DUTCH:0x00000946	txt	海上地圖	string	normal	pending		1		
COLONY.TXT:@DUTCH:0x00000957	txt	海上地圖	string	normal	pending		1		
COLONY.TXT:@DUTCH:0x0000095D	txt	海上地圖	string	normal	pending		1		
COLONY.TXT:@DUTCH:0x00000966	txt	海上地圖	string	normal	pending		1		
COLONY.TXT:@DUTCH:0x0000096F	txt	海上地圖	string	normal	pending		1		
COLONY.TXT:@DUTCH:0x00000978	txt	海上地圖	string	normal	pending		1		
COLONY.TXT:@DUTCH:0x00000981	txt	海上地圖	string	normal	pending		1		
COLONY.TXT:@DUTCH:0x00000992	txt	海上地圖	string	normal	pending		1		
COLONY.TXT:@DUTCH:0x0000099E	txt	海上地圖	string	normal	pending		1		
COLONY.TXT:@DUTCH:0x000009AD	txt	海上地圖	string	normal	pending		1		
COLONY.TXT:@DUTCH:0x000009BA	txt	海上地圖	string	normal	pending		1		
COLONY.TXT:@DUTCH:0x000009CA	txt	海上地圖	string	normal	pending		1		
COLONY.TXT:@DUTCH:0x000009DB	txt	海上地圖	string	normal	pending		1		
COLONY.TXT:@ENGLISH:0x0000011B	txt	海上地圖	string	normal	shown	confirmed	1	colonizopedia,colony-buy-insufficient,colony-interactions,colony-strings,europe-reports,frontend-audio,input-labels,orders-disabled-map-label,sea-menus-occlusion,trade-grid-land,trade-grid-sea,trade-route-land,trade-route-sea	colony-cargo-ship-options,colony-dock-arrival-tutorial,colony-harbor-ship-options,europe-cancel-and-report-fields
COLONY.TXT:@ENGLISH:0x0000012B	txt	海上地圖	string	normal	pending		1		
COLONY.TXT:@ENGLISH:0x0000013A	txt	海上地圖	string	normal	pending		1		
COLONY.TXT:@ENGLISH:0x00000148	txt	海上地圖	string	normal	pending		1		
COLONY.TXT:@ENGLISH:0x00000157	txt	海上地圖	string	normal	pending		1		
COLONY.TXT:@ENGLISH:0x00000167	txt	海上地圖	string	normal	pending		1		
COLONY.TXT:@ENGLISH:0x00000174	txt	海上地圖	string	normal	pending		1		
COLONY.TXT:@ENGLISH:0x00000184	txt	海上地圖	string	normal	pending		1		
COLONY.TXT:@ENGLISH:0x00000195	txt	海上地圖	string	normal	pending		1		
COLONY.TXT:@ENGLISH:0x000001A4	txt	海上地圖	string	normal	pending		1		
COLONY.TXT:@ENGLISH:0x000001B4	txt	海上地圖	string	normal	pending		1		
COLONY.TXT:@ENGLISH:0x000001C3	txt	海上地圖	string	normal	pending		1		
COLONY.TXT:@ENGLISH:0x000001D0	txt	海上地圖	string	normal	pending		1		
COLONY.TXT:@ENGLISH:0x000001E1	txt	海上地圖	string	normal	pending		1		
COLONY.TXT:@ENGLISH:0x000001F2	txt	海上地圖	string	normal	pending		1		
COLONY.TXT:@ENGLISH:0x00000205	txt	海上地圖	string	normal	pending		1		
COLONY.TXT:@ENGLISH:0x0000020E	txt	海上地圖	string	normal	pending		1		
COLONY.TXT:@ENGLISH:0x00000218	txt	海上地圖	string	normal	pending		1		
COLONY.TXT:@ENGLISH:0x00000228	txt	海上地圖	string	normal	pending		1		
COLONY.TXT:@ENGLISH:0x00000236	txt	海上地圖	string	normal	pending		1		
COLONY.TXT:@ENGLISH:0x00000241	txt	海上地圖	string	normal	pending		1		
COLONY.TXT:@ENGLISH:0x0000024B	txt	海上地圖	string	normal	pending		1		
COLONY.TXT:@ENGLISH:0x00000259	txt	海上地圖	string	normal	pending		1		
COLONY.TXT:@ENGLISH:0x00000265	txt	海上地圖	string	normal	pending		1		
COLONY.TXT:@ENGLISH:0x0000026E	txt	海上地圖	string	normal	pending		1		
COLONY.TXT:@ENGLISH:0x00000277	txt	海上地圖	string	normal	pending		1		
COLONY.TXT:@ENGLISH:0x00000283	txt	海上地圖	string	normal	pending		1		
COLONY.TXT:@ENGLISH:0x0000028D	txt	海上地圖	string	normal	pending		1		
COLONY.TXT:@ENGLISH:0x00000299	txt	海上地圖	string	normal	pending		1		
COLONY.TXT:@ENGLISH:0x000002A1	txt	海上地圖	string	normal	pending		1		
COLONY.TXT:@ENGLISH:0x000002AE	txt	海上地圖	string	normal	pending		1		
COLONY.TXT:@ENGLISH:0x000002BC	txt	海上地圖	string	normal	pending		1		
COLONY.TXT:@ENGLISH:0x000002C5	txt	海上地圖	string	normal	pending		1		
COLONY.TXT:@ENGLISH:0x000002D8	txt	海上地圖	string	normal	pending		1		
COLONY.TXT:@ENGLISH:0x000002E2	txt	海上地圖	string	normal	pending		1		
COLONY.TXT:@ENGLISH:0x000002EB	txt	海上地圖	string	normal	pending		1		
COLONY.TXT:@FRENCH:0x00000305	txt	海上地圖	string	normal	pending		1		
COLONY.TXT:@FRENCH:0x0000030D	txt	海上地圖	string	normal	pending		1		
COLONY.TXT:@FRENCH:0x00000317	txt	海上地圖	string	normal	pending		1		
COLONY.TXT:@FRENCH:0x00000323	txt	海上地圖	string	normal	pending		1		
COLONY.TXT:@FRENCH:0x0000032C	txt	海上地圖	string	normal	pending		1		
COLONY.TXT:@FRENCH:0x00000337	txt	海上地圖	string	normal	pending		1		
COLONY.TXT:@FRENCH:0x00000343	txt	海上地圖	string	normal	pending		1		
COLONY.TXT:@FRENCH:0x0000034F	txt	海上地圖	string	normal	pending		1		
COLONY.TXT:@FRENCH:0x0000035F	txt	海上地圖	string	normal	pending		1		
COLONY.TXT:@FRENCH:0x0000036F	txt	海上地圖	string	normal	pending		1		
COLONY.TXT:@FRENCH:0x0000037C	txt	海上地圖	string	normal	pending		1		
COLONY.TXT:@FRENCH:0x0000038B	txt	海上地圖	string	normal	pending		1		
COLONY.TXT:@FRENCH:0x00000399	txt	海上地圖	string	normal	pending		1		
COLONY.TXT:@FRENCH:0x000003A9	txt	海上地圖	string	normal	pending		1		
COLONY.TXT:@FRENCH:0x000003BC	txt	海上地圖	string	normal	pending		1		
COLONY.TXT:@FRENCH:0x000003CC	txt	海上地圖	string	normal	pending		1		
COLONY.TXT:@FRENCH:0x000003D9	txt	海上地圖	string	normal	pending		1		
COLONY.TXT:@FRENCH:0x000003E7	txt	海上地圖	string	normal	pending		1		
COLONY.TXT:@FRENCH:0x000003F8	txt	海上地圖	string	normal	pending		1		
COLONY.TXT:@FRENCH:0x00000407	txt	海上地圖	string	normal	pending		1		
COLONY.TXT:@FRENCH:0x00000416	txt	海上地圖	string	normal	pending		1		
COLONY.TXT:@FRENCH:0x00000422	txt	海上地圖	string	normal	pending		1		
COLONY.TXT:@FRENCH:0x00000432	txt	海上地圖	string	normal	pending		1		
COLONY.TXT:@FRENCH:0x0000043E	txt	海上地圖	string	normal	pending		1		
COLONY.TXT:@FRENCH:0x0000044D	txt	海上地圖	string	normal	pending		1		
COLONY.TXT:@FRENCH:0x0000045D	txt	海上地圖	string	normal	pending		1		
COLONY.TXT:@FRENCH:0x0000046D	txt	海上地圖	string	normal	pending		1		
COLONY.TXT:@FRENCH:0x00000478	txt	海上地圖	string	normal	pending		1		
COLONY.TXT:@FRENCH:0x00000487	txt	海上地圖	string	normal	pending		1		
COLONY.TXT:@FRENCH:0x0000049D	txt	海上地圖	string	normal	pending		1		
COLONY.TXT:@FRENCH:0x000004AE	txt	海上地圖	string	normal	pending		1		
COLONY.TXT:@FRENCH:0x000004BC	txt	海上地圖	string	normal	pending		1		
COLONY.TXT:@FRENCH:0x000004CC	txt	海上地圖	string	normal	pending		1		
COLONY.TXT:@FRENCH:0x000004DA	txt	海上地圖	string	normal	pending		1		
COLONY.TXT:@FRENCH:0x000004EB	txt	海上地圖	string	normal	pending		1		
COLONY.TXT:@FRENCH:0x000004F9	txt	海上地圖	string	normal	pending		1		
COLONY.TXT:@FRENCH:0x00000507	txt	海上地圖	string	normal	pending		1		
COLONY.TXT:@FRENCH:0x00000518	txt	海上地圖	string	normal	pending		1		
COLONY.TXT:@FRENCH:0x00000528	txt	海上地圖	string	normal	pending		1		
COLONY.TXT:@FRENCH:0x00000536	txt	海上地圖	string	normal	pending		1		
COLONY.TXT:@FRENCH:0x00000544	txt	海上地圖	string	normal	pending		1		
COLONY.TXT:@FRENCH:0x00000551	txt	海上地圖	string	normal	pending		1		
COLONY.TXT:@FRENCH:0x0000055D	txt	海上地圖	string	normal	pending		1		
COLONY.TXT:@FRENCH:0x0000056D	txt	海上地圖	string	normal	pending		1		
COLONY.TXT:@FRENCH:0x0000057C	txt	海上地圖	string	normal	pending		1		
COLONY.TXT:@FRENCH:0x0000058B	txt	海上地圖	string	normal	pending		1		
COLONY.TXT:@FRENCH:0x00000597	txt	海上地圖	string	normal	pending		1		
COLONY.TXT:@FRENCH:0x000005A4	txt	海上地圖	string	normal	pending		1		
COLONY.TXT:@FRENCH:0x000005B1	txt	海上地圖	string	normal	pending		1		
COLONY.TXT:@FRENCH:0x000005C3	txt	海上地圖	string	normal	pending		1		
COLONY.TXT:@FRENCH:0x000005D0	txt	海上地圖	string	normal	pending		1		
COLONY.TXT:@FRENCH:0x000005DC	txt	海上地圖	string	normal	pending		1		
COLONY.TXT:@FRENCH:0x000005E7	txt	海上地圖	string	normal	pending		1		
COLONY.TXT:@FRENCH:0x000005F2	txt	海上地圖	string	normal	pending		1		
COLONY.TXT:@FRENCH:0x00000600	txt	海上地圖	string	normal	pending		1		
COLONY.TXT:@FRENCH:0x0000060D	txt	海上地圖	string	normal	pending		1		
COLONY.TXT:@FRENCH:0x0000061D	txt	海上地圖	string	normal	pending		1		
COLONY.TXT:@FRENCH:0x00000628	txt	海上地圖	string	normal	pending		1		
COLONY.TXT:@FRENCH:0x00000634	txt	海上地圖	string	normal	pending		1		
COLONY.TXT:@FRENCH:0x00000644	txt	海上地圖	string	normal	pending		1		
COLONY.TXT:@FRENCH:0x00000650	txt	海上地圖	string	normal	pending		1		
COLONY.TXT:@FRENCH:0x0000065A	txt	海上地圖	string	normal	pending		1		
COLONY.TXT:@FRENCH:0x00000666	txt	海上地圖	string	normal	pending		1		
COLONY.TXT:@FRENCH:0x00000678	txt	海上地圖	string	normal	pending		1		
COLONY.TXT:@FRENCH:0x00000685	txt	海上地圖	string	normal	pending		1		
COLONY.TXT:@FRENCH:0x00000699	txt	海上地圖	string	normal	pending		1		
COLONY.TXT:@SPANISH:0x000006BA	txt	海上地圖	string	normal	pending		1		
COLONY.TXT:@SPANISH:0x000006C4	txt	海上地圖	string	normal	pending		1		
COLONY.TXT:@SPANISH:0x000006D3	txt	海上地圖	string	normal	pending		1		
COLONY.TXT:@SPANISH:0x000006E1	txt	海上地圖	string	normal	pending		1		
COLONY.TXT:@SPANISH:0x000006EB	txt	海上地圖	string	normal	pending		1		
COLONY.TXT:@SPANISH:0x000006F3	txt	海上地圖	string	normal	pending		1		
COLONY.TXT:@SPANISH:0x000006FD	txt	海上地圖	string	normal	pending		1		
COLONY.TXT:@SPANISH:0x00000707	txt	海上地圖	string	normal	pending		1		
COLONY.TXT:@SPANISH:0x0000070F	txt	海上地圖	string	normal	pending		1		
COLONY.TXT:@SPANISH:0x0000071A	txt	海上地圖	string	normal	pending		1		
COLONY.TXT:@SPANISH:0x00000729	txt	海上地圖	string	normal	pending		1		
COLONY.TXT:@SPANISH:0x0000072F	txt	海上地圖	string	normal	pending		1		
COLONY.TXT:@SPANISH:0x0000073D	txt	海上地圖	string	normal	pending		1		
COLONY.TXT:@SPANISH:0x00000748	txt	海上地圖	string	normal	pending		1		
COLONY.TXT:@SPANISH:0x00000752	txt	海上地圖	string	normal	pending		1		
COLONY.TXT:@SPANISH:0x0000075A	txt	海上地圖	string	normal	pending		1		
COLONY.TXT:@SPANISH:0x00000764	txt	海上地圖	string	normal	pending		1		
COLONY.TXT:@SPANISH:0x00000771	txt	海上地圖	string	normal	pending		1		
COLONY.TXT:@SPANISH:0x0000077B	txt	海上地圖	string	normal	pending		1		
COLONY.TXT:@SPANISH:0x00000784	txt	海上地圖	string	normal	pending		1		
COLONY.TXT:@SPANISH:0x00000790	txt	海上地圖	string	normal	pending		1		
COLONY.TXT:@SPANISH:0x0000079A	txt	海上地圖	string	normal	pending		1		
COLONY.TXT:@SPANISH:0x000007A7	txt	海上地圖	string	normal	pending		1		
COLONY.TXT:@SPANISH:0x000007AF	txt	海上地圖	string	normal	pending		1		
COLONY.TXT:@SPANISH:0x000007BF	txt	海上地圖	string	normal	pending		1		
COLONY.TXT:@SPANISH:0x000007C9	txt	海上地圖	string	normal	pending		1		
COLONY.TXT:@SPANISH:0x000007D6	txt	海上地圖	string	normal	pending		1		
COLONY.TXT:@SPANISH:0x000007E3	txt	海上地圖	string	normal	pending		1		
COLONY.TXT:@SPANISH:0x000007EC	txt	海上地圖	string	normal	pending		1		
COLONY.TXT:@SPANISH:0x000007F4	txt	海上地圖	string	normal	pending		1		
COLONY.TXT:@SPANISH:0x00000803	txt	海上地圖	string	normal	pending		1		
COLONY.TXT:@SPANISH:0x0000080D	txt	海上地圖	string	normal	pending		1		
COLONY.TXT:@SPANISH:0x00000818	txt	海上地圖	string	normal	pending		1		
COLONY.TXT:@SPANISH:0x00000824	txt	海上地圖	string	normal	pending		1		
COLONY.TXT:@SPANISH:0x0000082D	txt	海上地圖	string	normal	pending		1		
COLONY.TXT:@SPANISH:0x00000835	txt	海上地圖	string	normal	pending		1		
COLONY.TXT:@SPANISH:0x00000841	txt	海上地圖	string	normal	pending		1		
COLONY.TXT:@SPANISH:0x0000084D	txt	海上地圖	string	normal	pending		1		
COLONY.TXT:@SPANISH:0x00000857	txt	海上地圖	string	normal	pending		1		
DEBUG.TXT:@BADGUYS	txt	除錯	dialog	unreachable	unreachable		4		
DEBUG.TXT:@CREATE	txt	除錯	dialog	unreachable	unreachable		15		
DEBUG.TXT:@CREATE2	txt	除錯	dialog	unreachable	unreachable		15		
DEBUG.TXT:@CSHIP	txt	除錯	dialog	unreachable	unreachable		7		
DEBUG.TXT:@DANGER	txt	除錯	dialog	unreachable	unreachable		3		
DEBUG.TXT:@FORCED	txt	除錯	dialog	unreachable	unreachable		1		
DEBUG.TXT:@FOREIGN	txt	除錯	dialog	unreachable	unreachable		5		
DEBUG.TXT:@FOREIGN2	txt	除錯	dialog	unreachable	unreachable		3		
DEBUG.TXT:@MEMORY	txt	除錯	dialog	unreachable	unreachable		5		
DEBUG.TXT:@MOTD	txt	除錯	dialog	unreachable	unreachable		14		
DEBUG.TXT:@MOTD2	txt	除錯	dialog	unreachable	unreachable		8		
DEBUG.TXT:@OPTIONS	txt	除錯	dialog	unreachable	unreachable		8		
DEBUG.TXT:@SETAUTO	txt	除錯	dialog	unreachable	unreachable		3		
DEBUG.TXT:@SETEUROPE	txt	除錯	dialog	unreachable	unreachable		5		
DEBUG.TXT:@SETHUMAN	txt	除錯	dialog	unreachable	unreachable		6		
DEBUG.TXT:@SETREPORT	txt	除錯	dialog	unreachable	unreachable		5		
DEBUG.TXT:@SETVIEW	txt	除錯	dialog	unreachable	unreachable		7		
DEBUG.TXT:@SOUND	txt	除錯	input	unreachable	unreachable		2		
DEBUG.TXT:@TEST	txt	除錯	dialog	unreachable	unreachable		2		
EXE:007f7facb4b5	exe	（執行期字串）	string	normal	shown	confirmed	1	trade-route-sea	
EXE:00b1209c9832	exe	（執行期字串）	string	normal	shown	confirmed	1	colonizopedia,pedia-cargo-all	
EXE:01aab76f4e36	exe	（執行期字串）	string	normal	shown	confirmed	1	pedia-unit-all	
EXE:03b47c00c702	exe	（執行期字串）	string	normal	shown	confirmed	1	pedia-building-all	
EXE:0483923fb4ac	exe	（執行期字串）	string	normal	shown	confirmed	1	pedia-job-all	
EXE:056698ce0ab5	exe	（執行期字串）	string	normal	shown	confirmed	1	pedia-terrain-all	
EXE:0626f215438a	exe	（執行期字串）	string	normal	shown	confirmed	1	pedia-unit-all	
EXE:06a55a92ddaf	exe	（執行期字串）	string	normal	shown	confirmed	1	pedia-father-all	
EXE:06d6aab46fb4	exe	（執行期字串）	string	normal	shown	confirmed	1	europe-reports,pedia-terrain-all	
EXE:078ead334076	exe	（執行期字串）	string	normal	shown	confirmed	1	europe-cancel-and-report-fields	
EXE:07e6ddbbc0b7	exe	（執行期字串）	string	normal	shown	confirmed	1	colonizopedia,pedia-father-all	
EXE:08b136754a33	exe	（執行期字串）	string	normal	shown	confirmed	1	pedia-building-all	
EXE:097feb55befb	exe	（執行期字串）	string	normal	shown	confirmed	1	pedia-building-all	
EXE:09e17dac6f4d	exe	（執行期字串）	string	normal	shown	confirmed	1	pedia-father-all	
EXE:0aaeee78d29a	exe	（執行期字串）	string	normal	shown	confirmed	1	pedia-father-all	
EXE:0b050b0c4ccf	exe	（執行期字串）	string	normal	shown	confirmed	1	europe-cancel-and-report-fields,europe-reports	
EXE:0c449227aabc	exe	（執行期字串）	string	normal	shown	confirmed	1	pedia-terrain-all	
EXE:0d2c4afc4ffb	exe	（執行期字串）	string	normal	shown	confirmed	1	pedia-unit-all	
EXE:0e32c69e174e	exe	（執行期字串）	string	normal	shown	confirmed	1	pedia-unit-all	
EXE:0e9fc7bdf44e	exe	（執行期字串）	string	normal	shown	confirmed	1	colonizopedia,colony-abandon-cancel,colony-buy-insufficient,colony-buy-payable,colony-interactions,colony-jobs-and-fathers,colony-profession-equipment,colony-strings,europe-reports,frontend-audio,input-labels,orders-disabled-map-label,sea-menus-occlusion	
EXE:0ebebedd65b7	exe	（執行期字串）	string	normal	shown	confirmed	1	europe-reports,pedia-terrain-all	
EXE:0f7eb74731bd	exe	（執行期字串）	string	normal	shown	confirmed	1	pedia-terrain-all	
EXE:0fc2fdffc666	exe	（執行期字串）	string	normal	shown	confirmed	1	europe-reports,pedia-terrain-all	
EXE:0fe1e838e7a0	exe	（執行期字串）	string	normal	shown	confirmed	1	pedia-terrain-all	
EXE:110d7a311fed	exe	（執行期字串）	string	normal	shown	confirmed	1	pedia-cargo-all	
EXE:111efb4a2c9a	exe	（執行期字串）	string	normal	shown	confirmed	1	europe-cancel-and-report-fields	
EXE:117a96eb5dfd	exe	（執行期字串）	string	normal	shown	confirmed	1	pedia-job-all	
EXE:15d1c75e9845	exe	海上地圖	dialog	normal	shown	人工歸類	1	人工歸類	frontend-audio,input-labels,sea-menus-occlusion
EXE:16c397dcdd3e	exe	（執行期字串）	string	normal	shown	confirmed	1	pedia-father-all	
EXE:1752439e63d8	exe	（執行期字串）	string	normal	shown	confirmed	1	colony-cargo-messages	colony-cargo-ship-options
EXE:17cc0a9b3a76	exe	（執行期字串）	string	normal	shown	confirmed	1	pedia-father-all	
EXE:1864c234a4e3	exe	（執行期字串）	string	normal	shown	confirmed	1	europe-cancel-and-report-fields,europe-reports,pedia-job-all	
EXE:18af46780d6b	exe	（執行期字串）	string	normal	shown	confirmed	1	pedia-cargo-all	
EXE:19fb37c4b698	exe	（執行期字串）	string	normal	shown	confirmed	1	europe-cancel-and-report-fields,europe-reports,pedia-job-all	
EXE:1b0b40852888	exe	（執行期字串）	string	normal	shown	confirmed	1	europe-cancel-and-report-fields,europe-reports,pedia-job-all	
EXE:1b92d303be63	exe	（執行期字串）	string	normal	shown	confirmed	1	colony-abandon-cancel,colony-profession-equipment	
EXE:1bca6a6211d1	exe	（執行期字串）	string	normal	shown	confirmed	1	pedia-unit-all	
EXE:1cea698b230c	exe	（執行期字串）	string	normal	shown	confirmed	1	save-load-slot-lists	colony-cargo-messages,colony-cargo-ship-options,colony-dock-arrival-tutorial,colony-fisherman-no-docks,colony-fortified-unit-options,colony-rename-cancel,colony-soldier-unit-options,europe-cancel-and-report-fields,europe-dock-dock,europe-dock-front,europe-dock-missionary,europe-dock-purchase,save-good-notice,ship-orders-prefix-close,trade-grid-land,trade-grid-sea,trade-route-sea
EXE:1df9fd836615	exe	（執行期字串）	string	normal	shown	confirmed	1	pedia-terrain-all	
EXE:1ed8f7aa3c8d	exe	存讀檔	dialog	normal	pending		1		colony-abandon-cancel,colony-buy-payable,colony-jobs-and-fathers,colony-profession-equipment
EXE:1fb609c93b97	exe	（執行期字串）	string	normal	shown	confirmed	1	colonizopedia,pedia-terrain-all	
EXE:20475f2763fd	exe	（執行期字串）	string	normal	shown	confirmed	1	pedia-unit-all	
EXE:20d2d5f731e6	exe	（執行期字串）	string	normal	shown	confirmed	1	pedia-building-all	
EXE:210b10c8e095	exe	（執行期字串）	string	normal	shown	confirmed	1	colony-abandon-cancel,colony-buy-payable,colony-jobs-and-fathers,colony-profession-equipment	
EXE:2184b44bde19	exe	（執行期字串）	string	normal	shown	confirmed	1	colony-abandon-cancel,colony-buy-payable,colony-jobs-and-fathers,colony-profession-equipment	
EXE:21bf103dcab8	exe	（執行期字串）	string	normal	shown	confirmed	1	europe-cancel-and-report-fields,europe-reports,pedia-job-all	
EXE:22161ec165a4	exe	（執行期字串）	string	normal	shown	confirmed	1	pedia-unit-all	
EXE:22a3305cd36b	exe	（執行期字串）	string	normal	shown	confirmed	1	pedia-unit-all	
EXE:2377f9fe7213	exe	（執行期字串）	string	normal	shown	confirmed	1	pedia-job-all	
EXE:2595c12adad9	exe	（執行期字串）	string	normal	shown	confirmed	1	colonizopedia,pedia-father-all	
EXE:26458b92c96f	exe	歐洲港口	dialog	normal	shown	confirmed	1	europe-cancel-and-report-fields	europe-reports
EXE:271e78257d39	exe	（執行期字串）	string	normal	shown	confirmed	1	colonizopedia,colony-buy-insufficient,colony-interactions,colony-strings,europe-reports,frontend-audio,input-labels,orders-disabled-map-label,sea-menus-occlusion	tutorial-dialogs
EXE:288a5f09d7d3	exe	（執行期字串）	string	normal	shown	confirmed	1	pedia-unit-all	
EXE:2a82b0889ff3	exe	（執行期字串）	string	normal	shown	confirmed	1	pedia-unit-all	
EXE:2bc8e78c2a58	exe	（執行期字串）	string	normal	shown	confirmed	1	pedia-cargo-all	
EXE:2bddb6a7704e	exe	（執行期字串）	string	normal	shown	confirmed	1	frontend-audio,input-labels,orders-disabled-map-label,sea-menus-occlusion	
EXE:2d2ff7f3599a	exe	（執行期字串）	string	normal	shown	confirmed	1	europe-cancel-and-report-fields,europe-reports	
EXE:2dba0525de30	exe	（執行期字串）	string	normal	shown	confirmed	1	pedia-father-all	
EXE:2f19e75ab47b	exe	（執行期字串）	string	normal	shown	confirmed	1	colonizopedia,pedia-unit-all	
EXE:2f9c250ce464	exe	（執行期字串）	string	normal	shown	confirmed	1	pedia-unit-all	
EXE:3000665c343b	exe	（執行期字串）	string	normal	shown	confirmed	1	pedia-unit-all	
EXE:301853eeba88	exe	（執行期字串）	string	normal	shown	confirmed	1	pedia-job-all	
EXE:31a6359cde21	exe	（執行期字串）	string	normal	shown	confirmed	1	pedia-building-all	
EXE:31fda6f25201	exe	（執行期字串）	string	normal	shown	confirmed	1	europe-cancel-and-report-fields,europe-reports	
EXE:323cc81187f7	exe	（執行期字串）	string	normal	shown	confirmed	1	pedia-terrain-all	
EXE:347a50ac2984	exe	（執行期字串）	string	normal	shown	confirmed	1	pedia-cargo-all	
EXE:34e360eb2104	exe	（執行期字串）	string	normal	shown	confirmed	1	europe-cancel-and-report-fields,europe-reports,pedia-job-all	
EXE:35539bdb3b74	exe	（執行期字串）	string	normal	shown	confirmed	1	europe-cancel-and-report-fields	
EXE:358083c4a87e	exe	（執行期字串）	string	normal	shown	confirmed	1	pedia-cargo-all	
EXE:35a84820eece	exe	（執行期字串）	string	normal	shown	confirmed	1	pedia-terrain-all	
EXE:35b7f02d055d	exe	（執行期字串）	string	normal	shown	confirmed	1	colonizopedia,pedia-terrain-all	
EXE:36270ded25ee	exe	（執行期字串）	string	normal	shown	confirmed	1	pedia-cargo-all	
EXE:3656556f6269	exe	（執行期字串）	string	normal	shown	confirmed	1	europe-cancel-and-report-fields	
EXE:374f7f60a3cc	exe	（執行期字串）	string	normal	shown	confirmed	1	colony-abandon-cancel,colony-buy-payable,colony-jobs-and-fathers,colony-profession-equipment	
EXE:37e78b031b03	exe	（執行期字串）	string	normal	shown	confirmed	1	colonizopedia,colony-interactions,colony-strings,europe-reports,frontend-audio,input-labels,orders-disabled-map-label,sea-menus-occlusion	colony-buy-payable,colony-jobs-and-fathers,land-orders-source,tutorial-dialogs
EXE:381057ca386c	exe	（執行期字串）	string	normal	shown	confirmed	1	colonizopedia,pedia-building-all	
EXE:3826fc25e15a	exe	（執行期字串）	string	normal	shown	confirmed	1	pedia-father-all	
EXE:384797521ecb	exe	（執行期字串）	string	normal	shown	confirmed	1	europe-cancel-and-report-fields	
EXE:3a2540d4448b	exe	（執行期字串）	string	normal	shown	confirmed	1	pedia-terrain-all	
EXE:3a5f7a863238	exe	（執行期字串）	string	normal	shown	confirmed	1	pedia-unit-all	
EXE:3a87f9ce0dae	exe	（執行期字串）	string	normal	shown	confirmed	1	colony-abandon-cancel,colony-buy-payable,colony-jobs-and-fathers,colony-profession-equipment	
EXE:3aa6fa45d57c	exe	（執行期字串）	string	normal	shown	confirmed	1	pedia-father-all	
EXE:3b143335c4ff	exe	（執行期字串）	string	normal	shown	confirmed	1	pedia-cargo-all	
EXE:3b501c666281	exe	（執行期字串）	string	normal	shown	confirmed	1	pedia-building-all	
EXE:3bbd1ef332d7	exe	（執行期字串）	string	normal	shown	confirmed	1	pedia-father-all	
EXE:3d6747d12bdd	exe	（執行期字串）	string	normal	shown	confirmed	1	pedia-cargo-all	
EXE:3d6afa0c3880	exe	（執行期字串）	string	normal	shown	confirmed	1	pedia-terrain-all	
EXE:3db67c85ce1a	exe	（執行期字串）	string	normal	shown	confirmed	1	colonizopedia,pedia-father-all	
EXE:3df037be06b0	exe	（執行期字串）	string	normal	shown	confirmed	1	pedia-terrain-all	
EXE:3e7db988ee08	exe	（執行期字串）	string	normal	shown	confirmed	1	colony-interactions	
EXE:3f02988e15cd	exe	海上地圖	menu	normal	shown	人工歸類	1	人工歸類	colonizopedia,colony-abandon-cancel,colony-buy-insufficient,colony-buy-payable,colony-cargo-messages,colony-cargo-ship-options,colony-dock-arrival-tutorial,colony-fisherman-no-docks,colony-fortified-unit-options,colony-harbor-ship-options,colony-interactions,colony-jobs-and-fathers,colony-profession-equipment,colony-rename-cancel,colony-soldier-unit-options,colony-strings,dynamic-spots,europe-artillery-purchase,europe-cancel-and-report-fields,europe-dock-dock,europe-dock-front,europe-dock-missionary,europe-dock-purchase,europe-reports,frontend-audio,input-labels,land-orders-source,load-good-notice,orders-disabled-map-label,pedia-building-all,pedia-cargo-all,pedia-father-all,pedia-job-all,pedia-menu-boundary,pedia-terrain-all,pedia-unit-all,save-good-notice,save-load-slot-lists,sea-menus-occlusion,ship-orders-prefix-close,trade-grid-land,trade-grid-sea,trade-route-land,trade-route-sea,tutorial-dialogs
EXE:414cb9e4c237	exe	百科	string	normal	shown	confirmed	1	pedia-terrain-all	
EXE:4346050e612f	exe	（執行期字串）	string	normal	shown	confirmed	1	trade-grid-land,trade-grid-sea	trade-route-land,trade-route-sea
EXE:43d2cc8194ae	exe	（執行期字串）	string	normal	shown	confirmed	1	pedia-building-all	
EXE:43dc6b16b5fa	exe	（執行期字串）	string	normal	shown	confirmed	1	europe-cancel-and-report-fields,europe-reports	
EXE:479ac92abae9	exe	（執行期字串）	string	normal	shown	confirmed	1	europe-reports,pedia-terrain-all	
EXE:486f70f6d34f	exe	（執行期字串）	string	normal	shown	confirmed	1	pedia-terrain-all	
EXE:48d6ff4d2955	exe	（執行期字串）	string	normal	shown	confirmed	1	europe-cancel-and-report-fields,europe-reports	
EXE:48fc34f76444	exe	（執行期字串）	string	normal	shown	confirmed	1	pedia-father-all	
EXE:4a0580057ea3	exe	（執行期字串）	string	normal	shown	confirmed	1	europe-cancel-and-report-fields	
EXE:4a7c6ea30813	exe	（執行期字串）	string	normal	shown	confirmed	1	europe-cancel-and-report-fields,europe-reports,pedia-job-all	
EXE:4aef3b3b3997	exe	（執行期字串）	string	normal	shown	confirmed	1	pedia-father-all	
EXE:4b2131b6738e	exe	（執行期字串）	string	normal	shown	confirmed	1	europe-reports,pedia-terrain-all	
EXE:4b8ac83d8e6d	exe	（執行期字串）	string	normal	shown	confirmed	1	pedia-cargo-all	
EXE:4b90b806fb1f	exe	（執行期字串）	string	normal	shown	confirmed	1	europe-cancel-and-report-fields,europe-reports	
EXE:4c9f4400ecb2	exe	（執行期字串）	string	normal	shown	confirmed	1	pedia-job-all	
EXE:4da89a3a330a	exe	（執行期字串）	string	normal	shown	confirmed	1	pedia-father-all	
EXE:4dc00a221a1c	exe	（執行期字串）	string	normal	shown	confirmed	1	colonizopedia,pedia-menu-boundary,pedia-unit-all	
EXE:4ddb20058243	exe	（執行期字串）	string	normal	shown	confirmed	1	pedia-father-all	
EXE:4e84116b2031	exe	（執行期字串）	string	normal	shown	confirmed	1	europe-reports,pedia-terrain-all	
EXE:4f1ea86999b3	exe	（執行期字串）	string	normal	shown	confirmed	1	europe-cancel-and-report-fields,europe-reports,pedia-job-all	
EXE:4fb067284ad6	exe	（執行期字串）	string	normal	shown	confirmed	1	colonizopedia,colony-buy-insufficient,colony-interactions,colony-strings,europe-reports,frontend-audio,input-labels,orders-disabled-map-label,sea-menus-occlusion	colony-cargo-messages,colony-cargo-ship-options,colony-dock-arrival-tutorial,colony-harbor-ship-options
EXE:4fd8b299ba23	exe	（執行期字串）	string	normal	shown	confirmed	1	colony-buy-payable,colony-jobs-and-fathers	
EXE:4fdf87cdfc69	exe	（執行期字串）	string	normal	shown	confirmed	1	pedia-terrain-all	
EXE:506f26888ff2	exe	（執行期字串）	string	normal	shown	confirmed	1	trade-route-land,trade-route-sea	trade-grid-sea
EXE:5109edb23dda	exe	（執行期字串）	string	normal	shown	confirmed	1	pedia-terrain-all	
EXE:51a63f4bf6e1	exe	（執行期字串）	string	normal	shown	confirmed	1	pedia-unit-all	
EXE:52015898c694	exe	（執行期字串）	string	normal	shown	confirmed	1	colony-abandon-cancel,colony-profession-equipment	
EXE:52ae9fbfd404	exe	下拉選單	menu	normal	shown	人工歸類	1	人工歸類	frontend-audio,input-labels,ship-orders-prefix-close
EXE:5352f4f2a370	exe	（執行期字串）	string	normal	shown	confirmed	1	pedia-unit-all	
EXE:53e774cd2025	exe	（執行期字串）	string	normal	shown	confirmed	1	pedia-job-all	
EXE:55691a2f1617	exe	（執行期字串）	string	normal	shown	confirmed	1	europe-cancel-and-report-fields,europe-reports	
EXE:55d89f945802	exe	（執行期字串）	string	normal	shown	confirmed	1	pedia-terrain-all	
EXE:55f37684735d	exe	（執行期字串）	string	normal	shown	confirmed	1	pedia-building-all	
EXE:57721a4ebdfe	exe	（執行期字串）	string	normal	shown	confirmed	1	pedia-building-all	
EXE:57e6d72f30d9	exe	（執行期字串）	string	normal	shown	confirmed	1	pedia-terrain-all	
EXE:581bbf591aee	exe	（執行期字串）	string	normal	shown	confirmed	1	europe-cancel-and-report-fields,europe-reports,pedia-job-all	
EXE:584d4e26c5c9	exe	（執行期字串）	string	normal	shown	confirmed	1	pedia-terrain-all	
EXE:585d14635b21	exe	（執行期字串）	string	normal	shown	confirmed	1	pedia-job-all	
EXE:58abf56d3ad5	exe	（執行期字串）	string	normal	shown	confirmed	1	europe-cancel-and-report-fields	
EXE:58c0d4251c5e	exe	（執行期字串）	string	normal	shown	confirmed	1	colony-interactions	
EXE:58c7ef526838	exe	（執行期字串）	string	normal	shown	confirmed	1	europe-cancel-and-report-fields	
EXE:58cdb65a039c	exe	（執行期字串）	string	normal	shown	confirmed	1	pedia-unit-all	
EXE:5b9e5c1c2121	exe	（執行期字串）	string	normal	shown	confirmed	1	pedia-building-all	
EXE:5d4eedf06786	exe	（執行期字串）	string	normal	shown	confirmed	1	pedia-job-all	
EXE:5d8baf4b0c8a	exe	（執行期字串）	string	normal	shown	confirmed	1	pedia-father-all	
EXE:5e5162798bf2	exe	（執行期字串）	string	normal	shown	confirmed	1	pedia-father-all	
EXE:5ea893e7122c	exe	（執行期字串）	string	normal	shown	confirmed	1	pedia-unit-all	
EXE:5eec2862c911	exe	（執行期字串）	string	normal	shown	confirmed	1	pedia-job-all	
EXE:5eee03a44bea	exe	（執行期字串）	string	normal	shown	confirmed	1	pedia-terrain-all	
EXE:5fe15a43a0e7	exe	（執行期字串）	string	normal	shown	confirmed	1	europe-cancel-and-report-fields,europe-reports	
EXE:5fee6f21527a	exe	（執行期字串）	string	normal	shown	confirmed	1	pedia-terrain-all	
EXE:6059752f0ed1	exe	（執行期字串）	string	normal	shown	confirmed	1	pedia-terrain-all	
EXE:60a577f5548a	exe	（執行期字串）	string	normal	shown	confirmed	1	pedia-terrain-all	
EXE:6164a77c6dc4	exe	（執行期字串）	string	normal	shown	confirmed	1	colonizopedia,pedia-terrain-all	
EXE:6194f9fb65fc	exe	（執行期字串）	string	normal	shown	confirmed	1	pedia-unit-all	
EXE:62a04ab417db	exe	（執行期字串）	string	normal	shown	confirmed	1	colony-abandon-cancel,colony-buy-payable,colony-interactions,colony-jobs-and-fathers,colony-profession-equipment	
EXE:62eaf1c9a94a	exe	（執行期字串）	string	normal	shown	confirmed	1	colony-abandon-cancel,colony-buy-payable,colony-interactions,colony-jobs-and-fathers,colony-profession-equipment	
EXE:630ee3b3ec3f	exe	（執行期字串）	string	normal	shown	confirmed	1	colony-cargo-messages,europe-dock-purchase	colony-cargo-ship-options,colony-dock-arrival-tutorial,colony-harbor-ship-options
EXE:6390ca081056	exe	（執行期字串）	string	normal	shown	confirmed	1	europe-cancel-and-report-fields	
EXE:649f9d0ff417	exe	（執行期字串）	string	normal	shown	confirmed	1	pedia-building-all	
EXE:64a8257a7bd2	exe	（執行期字串）	string	normal	shown	confirmed	1	europe-cancel-and-report-fields,europe-reports,pedia-job-all	
EXE:64cbfd0741e5	exe	（執行期字串）	string	normal	shown	confirmed	1	colonizopedia,pedia-terrain-all	
EXE:6584421131b4	exe	存讀檔	dialog	normal	pending		1		colony-buy-insufficient,land-orders-source,pedia-building-all,pedia-cargo-all,pedia-father-all,pedia-job-all,pedia-menu-boundary,pedia-terrain-all,pedia-unit-all
EXE:65c59c034113	exe	（執行期字串）	string	normal	shown	confirmed	1	europe-cancel-and-report-fields	
EXE:67d45d21cc41	exe	（執行期字串）	string	normal	shown	confirmed	1	colony-abandon-cancel,colony-buy-payable,colony-jobs-and-fathers,colony-profession-equipment	
EXE:6850daeb27fb	exe	（執行期字串）	string	normal	shown	confirmed	1	pedia-terrain-all	
EXE:689e584f28f2	exe	（執行期字串）	string	normal	shown	confirmed	1	colony-abandon-cancel,colony-buy-payable,colony-jobs-and-fathers,colony-profession-equipment	
EXE:69780065b12f	exe	（執行期字串）	string	normal	shown	confirmed	1	pedia-cargo-all	
EXE:69d4e3184965	exe	（執行期字串）	string	normal	shown	confirmed	1	pedia-building-all	
EXE:6a9c54b1afd7	exe	（執行期字串）	string	normal	shown	confirmed	1	pedia-terrain-all	
EXE:6ad037fe20ba	exe	（執行期字串）	string	normal	shown	confirmed	1	pedia-job-all	
EXE:6b13674ecc23	exe	（執行期字串）	string	normal	shown	confirmed	1	pedia-job-all	
EXE:6bae4c2a2fda	exe	（執行期字串）	string	normal	shown	confirmed	1	europe-cancel-and-report-fields	
EXE:6bc1aad07532	exe	（執行期字串）	string	normal	shown	confirmed	1	europe-cancel-and-report-fields	
EXE:6d2e569d018d	exe	（執行期字串）	string	normal	shown	confirmed	1	pedia-cargo-all	
EXE:6f1080ac5b2b	exe	（執行期字串）	string	normal	shown	confirmed	1	pedia-cargo-all	
EXE:6f33aa758c04	exe	（執行期字串）	string	normal	shown	confirmed	1	europe-cancel-and-report-fields	
EXE:6f58196e382b	exe	歐洲港口	dialog	normal	shown	confirmed	1	europe-cancel-and-report-fields	europe-reports
EXE:709088dc9cfd	exe	（執行期字串）	string	normal	shown	confirmed	1	pedia-terrain-all	
EXE:70afd6e54fc4	exe	（執行期字串）	string	normal	shown	confirmed	1	europe-reports	
EXE:714ebde3a28a	exe	（執行期字串）	string	normal	shown	confirmed	1	pedia-cargo-all	
EXE:727f91b5c7fe	exe	（執行期字串）	string	normal	shown	confirmed	1	europe-cancel-and-report-fields	
EXE:736883f0426e	exe	（執行期字串）	string	normal	shown	confirmed	1	colonizopedia,pedia-terrain-all	
EXE:73ad034f4629	exe	（執行期字串）	string	normal	shown	confirmed	1	pedia-terrain-all	
EXE:73eae8a1f8ce	exe	（執行期字串）	string	normal	shown	confirmed	1	europe-cancel-and-report-fields,europe-reports	
EXE:74df22d196ea	exe	開局設定	input	normal	shown	人工歸類	1	人工歸類	colonizopedia,colony-interactions,colony-strings,dialog-body,dynamic-spots,europe-reports,frontend-audio,input-labels,orders-disabled-map-label,sea-menus-occlusion,tutorial-dialogs
EXE:74ff96105f4c	exe	（執行期字串）	string	normal	shown	confirmed	1	europe-cancel-and-report-fields,europe-reports,pedia-job-all	
EXE:752566c34dff	exe	（執行期字串）	string	normal	shown	confirmed	1	colony-buy-payable,colony-jobs-and-fathers	
EXE:77e8db825719	exe	（執行期字串）	string	normal	shown	confirmed	1	colony-abandon-cancel,colony-buy-payable,colony-jobs-and-fathers,colony-profession-equipment	
EXE:78596e7393b3	exe	（執行期字串）	string	normal	shown	confirmed	1	pedia-terrain-all	
EXE:7865fff99847	exe	（執行期字串）	string	normal	shown	confirmed	1	pedia-terrain-all	
EXE:78ea45909027	exe	（執行期字串）	string	normal	shown	confirmed	1	pedia-cargo-all	
EXE:7967e478199b	exe	（執行期字串）	string	normal	shown	confirmed	1	colony-abandon-cancel,colony-profession-equipment	
EXE:79e5e00a1b2b	exe	（執行期字串）	string	normal	shown	confirmed	1	pedia-terrain-all	
EXE:7a0705cf8a1a	exe	（執行期字串）	string	normal	shown	confirmed	1	colony-abandon-cancel,colony-buy-payable,colony-jobs-and-fathers,colony-profession-equipment	
EXE:7a5c1bb1da04	exe	（執行期字串）	string	normal	shown	confirmed	1	europe-reports,pedia-terrain-all	
EXE:7a6dec983f5b	exe	（執行期字串）	string	normal	shown	confirmed	1	pedia-terrain-all	
EXE:7aec0706f4e9	exe	（執行期字串）	string	normal	shown	confirmed	1	colonizopedia,europe-reports,frontend-audio,input-labels,orders-disabled-map-label,sea-menus-occlusion	colony-buy-payable,colony-jobs-and-fathers,land-orders-source,tutorial-dialogs
EXE:7c07b8477093	exe	（執行期字串）	string	normal	shown	confirmed	1	europe-reports,pedia-terrain-all	
EXE:7c162684c6a8	exe	（執行期字串）	string	normal	shown	confirmed	1	pedia-cargo-all	
EXE:7d95e64e836a	exe	（執行期字串）	string	normal	shown	confirmed	1	europe-reports	
EXE:7e1cf8920477	exe	（執行期字串）	string	normal	shown	confirmed	1	europe-cancel-and-report-fields,europe-reports,pedia-job-all	
EXE:7f5af16bbb20	exe	（執行期字串）	string	normal	shown	confirmed	1	pedia-unit-all	
EXE:7fc8b3869e48	exe	（執行期字串）	string	normal	shown	confirmed	1	pedia-unit-all	
EXE:80062994ad6d	exe	（執行期字串）	string	normal	shown	confirmed	1	pedia-unit-all	
EXE:803bc3298399	exe	（執行期字串）	string	normal	shown	confirmed	1	europe-cancel-and-report-fields,europe-reports,pedia-job-all	
EXE:81496436d02f	exe	（執行期字串）	string	normal	shown	confirmed	1	pedia-cargo-all	
EXE:816615beaebe	exe	（執行期字串）	string	normal	shown	confirmed	1	pedia-unit-all	
EXE:81c44eeb93ad	exe	（執行期字串）	string	normal	shown	confirmed	1	europe-cancel-and-report-fields	
EXE:81cbc9c0895b	exe	（執行期字串）	string	normal	shown	confirmed	1	pedia-unit-all	
EXE:81db2458e054	exe	（執行期字串）	string	normal	shown	confirmed	1	pedia-terrain-all	
EXE:81e11d76eb2f	exe	（執行期字串）	string	normal	shown	confirmed	1	pedia-terrain-all	
EXE:82667b088d38	exe	海上地圖	string	normal	pending		1		tutorial-dialogs
EXE:82df92d9dbd5	exe	（執行期字串）	string	normal	shown	confirmed	1	pedia-job-all	
EXE:82e26750314b	exe	（執行期字串）	string	normal	shown	confirmed	1	pedia-job-all	
EXE:832613573bf1	exe	（執行期字串）	string	normal	shown	confirmed	1	pedia-unit-all	
EXE:847835bf88f4	exe	（執行期字串）	string	normal	shown	confirmed	1	europe-cancel-and-report-fields	
EXE:84a1cab8db2f	exe	開局設定	input	normal	shown	confirmed	1	frontend-audio,input-labels,orders-disabled-map-label,sea-menus-occlusion	colonizopedia,colony-interactions,colony-strings,dialog-body,europe-reports,tutorial-dialogs
EXE:84a8e527b8e1	exe	（執行期字串）	string	normal	shown	confirmed	1	pedia-terrain-all	
EXE:86ad1f65b1b7	exe	（執行期字串）	string	normal	shown	confirmed	1	europe-reports,pedia-terrain-all	
EXE:878151895d77	exe	（執行期字串）	string	normal	shown	confirmed	1	europe-cancel-and-report-fields	
EXE:881539a8e7ef	exe	（執行期字串）	string	normal	shown	confirmed	1	colonizopedia,pedia-terrain-all	
EXE:891c897128ff	exe	（執行期字串）	string	normal	shown	confirmed	1	pedia-cargo-all	
EXE:895163bb1557	exe	（執行期字串）	string	normal	shown	confirmed	1	europe-cancel-and-report-fields	
EXE:8afbe80f849c	exe	（執行期字串）	string	normal	shown	confirmed	1	pedia-unit-all	
EXE:8ba28fa974d6	exe	（執行期字串）	string	normal	shown	confirmed	1	pedia-terrain-all	
EXE:8bc9d10451ee	exe	（執行期字串）	string	normal	shown	confirmed	1	europe-cancel-and-report-fields,europe-reports	
EXE:8c14820d1c9f	exe	（執行期字串）	string	normal	shown	confirmed	1	pedia-building-all	
EXE:8c3260c8888f	exe	（執行期字串）	string	normal	shown	confirmed	1	colonizopedia,pedia-father-all	
EXE:8c5c8ffccf20	exe	（執行期字串）	string	normal	shown	confirmed	1	orders-disabled-map-label	
EXE:8e9204e086b1	exe	（執行期字串）	string	normal	shown	confirmed	1	colonizopedia,pedia-job-all	
EXE:8ea2efcf07f8	exe	（執行期字串）	string	normal	shown	confirmed	1	pedia-building-all	
EXE:8eaa9b591b4a	exe	（執行期字串）	string	normal	shown	confirmed	1	pedia-job-all	
EXE:8eaecfd99f38	exe	（執行期字串）	string	normal	shown	confirmed	1	pedia-father-all	
EXE:8f3daa9aec62	exe	歐洲港口	dialog	normal	pending		1		europe-reports
EXE:8fc066b3da80	exe	（執行期字串）	string	normal	shown	confirmed	1	europe-reports,pedia-terrain-all	
EXE:8febe0fba5d3	exe	（執行期字串）	string	normal	shown	confirmed	1	europe-reports	
EXE:90ab3a00fa11	exe	（執行期字串）	string	normal	shown	confirmed	1	colony-buy-payable,colony-jobs-and-fathers	
EXE:917a34710d5d	exe	（執行期字串）	string	normal	shown	confirmed	1	colony-cargo-messages	colony-cargo-ship-options
EXE:91bf75f6559b	exe	（執行期字串）	string	normal	shown	confirmed	1	trade-route-sea	trade-grid-sea
EXE:9251e2d6e3d0	exe	（執行期字串）	string	normal	shown	confirmed	1	save-load-slot-lists	
EXE:92a59b3b76ac	exe	（執行期字串）	string	normal	shown	confirmed	1	pedia-unit-all	
EXE:94338f95b345	exe	（執行期字串）	string	normal	shown	confirmed	1	pedia-father-all	
EXE:9513227bb074	exe	（執行期字串）	string	normal	shown	confirmed	1	pedia-father-all	
EXE:960a3ebe1267	exe	（執行期字串）	string	normal	shown	confirmed	1	save-load-slot-lists	
EXE:969df2bb5a9b	exe	（執行期字串）	string	normal	shown	confirmed	1	pedia-terrain-all	
EXE:96f20ef6d4e1	exe	（執行期字串）	string	normal	shown	confirmed	1	trade-route-land	trade-grid-land
EXE:973ec68e00b1	exe	（執行期字串）	string	normal	shown	confirmed	1	pedia-terrain-all	
EXE:9841ae7ebc59	exe	（執行期字串）	string	normal	shown	confirmed	1	colony-buy-payable	
EXE:98ec1620cab0	exe	（執行期字串）	string	normal	shown	confirmed	1	pedia-unit-all	
EXE:99013eddb14a	exe	（執行期字串）	string	normal	shown	confirmed	1	europe-cancel-and-report-fields,europe-reports,pedia-job-all	
EXE:995b64a29b95	exe	（執行期字串）	string	normal	shown	confirmed	1	pedia-unit-all	
EXE:9aa3acea7286	exe	（執行期字串）	string	normal	shown	confirmed	1	pedia-building-all	
EXE:9dc1b911eee2	exe	下拉選單	menu	normal	shown	人工歸類	1	人工歸類	input-labels,ship-orders-prefix-close
EXE:9dff484d92df	exe	（執行期字串）	string	normal	shown	confirmed	1	colonizopedia,pedia-terrain-all	
EXE:9e9262d497f4	exe	（執行期字串）	string	normal	shown	confirmed	1	pedia-terrain-all	
EXE:9ea6831f0a4b	exe	（執行期字串）	string	normal	shown	confirmed	1	pedia-terrain-all	
EXE:9f9ab4243c03	exe	（執行期字串）	string	normal	shown	confirmed	1	colony-abandon-cancel,colony-buy-payable,colony-jobs-and-fathers,colony-profession-equipment	
EXE:a0a19dd785cd	exe	（執行期字串）	string	normal	shown	confirmed	1	europe-cancel-and-report-fields	
EXE:a0ae69984a0c	exe	（執行期字串）	string	normal	shown	confirmed	1	pedia-job-all	
EXE:a223df704992	exe	（執行期字串）	string	normal	shown	confirmed	1	pedia-building-all	
EXE:a274b1d5865d	exe	（執行期字串）	string	normal	shown	confirmed	1	pedia-father-all	
EXE:a41d04c38f3c	exe	（執行期字串）	string	normal	shown	confirmed	1	pedia-unit-all	
EXE:a425a123a2b8	exe	（執行期字串）	string	normal	shown	confirmed	1	pedia-unit-all	
EXE:a6457191ea68	exe	（執行期字串）	string	normal	shown	confirmed	1	pedia-father-all	
EXE:a81a440386e4	exe	（執行期字串）	string	normal	shown	confirmed	1	europe-cancel-and-report-fields,europe-reports,pedia-job-all	
EXE:a97ed4defaf6	exe	（執行期字串）	string	normal	shown	confirmed	1	europe-reports,pedia-terrain-all	
EXE:aae9026c95cf	exe	（執行期字串）	string	normal	shown	confirmed	1	pedia-cargo-all	
EXE:ab593700a41d	exe	（執行期字串）	string	normal	shown	confirmed	1	pedia-cargo-all	
EXE:ab87bbaada7d	exe	（執行期字串）	string	normal	shown	confirmed	1	pedia-building-all	
EXE:ad437828b303	exe	下拉選單	menu	normal	shown	人工歸類	1	人工歸類	frontend-audio,ship-orders-prefix-close
EXE:ad986107dc9b	exe	（執行期字串）	string	normal	shown	confirmed	1	europe-cancel-and-report-fields,europe-reports,pedia-job-all	
EXE:afb115d350a6	exe	（執行期字串）	string	normal	shown	confirmed	1	colony-buy-payable	colony-fisherman-no-docks,colony-fortified-unit-options,colony-rename-cancel,colony-soldier-unit-options
EXE:afef2e17fc45	exe	（執行期字串）	string	normal	shown	confirmed	1	pedia-unit-all	
EXE:b01f1e6fd45f	exe	（執行期字串）	string	normal	shown	confirmed	1	pedia-terrain-all	
EXE:b0262cb86f20	exe	（執行期字串）	string	normal	shown	confirmed	1	europe-cancel-and-report-fields,europe-reports	
EXE:b0e259e3cbc3	exe	（執行期字串）	string	normal	shown	confirmed	1	pedia-unit-all	
EXE:b20f1981bc90	exe	（執行期字串）	string	normal	shown	confirmed	1	colony-interactions,frontend-audio,input-labels,orders-disabled-map-label,sea-menus-occlusion	colonizopedia,colony-strings,europe-reports
EXE:b22f45156912	exe	（執行期字串）	string	normal	shown	confirmed	1	colonizopedia,pedia-terrain-all	
EXE:b3614b6c4f82	exe	（執行期字串）	string	normal	shown	confirmed	1	europe-cancel-and-report-fields	
EXE:b41a63dc7e21	exe	（執行期字串）	string	normal	shown	confirmed	1	pedia-job-all	
EXE:b4400862845a	exe	（執行期字串）	string	normal	shown	confirmed	1	pedia-terrain-all	
EXE:b4e527b71cbf	exe	（執行期字串）	string	normal	shown	confirmed	1	colonizopedia,pedia-cargo-all	
EXE:b5af23a983a4	exe	（執行期字串）	string	normal	shown	confirmed	1	colony-abandon-cancel,colony-buy-payable,colony-jobs-and-fathers,colony-profession-equipment	
EXE:b95170017278	exe	（執行期字串）	string	normal	shown	confirmed	1	pedia-terrain-all	
EXE:b9f0b1170bf6	exe	（執行期字串）	string	normal	shown	confirmed	1	pedia-building-all	
EXE:ba24e84429b9	exe	（執行期字串）	string	normal	shown	confirmed	1	pedia-terrain-all	
EXE:babede9317db	exe	（執行期字串）	string	normal	shown	confirmed	1	pedia-cargo-all	
EXE:bb42ea471437	exe	（執行期字串）	string	normal	shown	confirmed	1	europe-reports	
EXE:bbc17ed53038	exe	（執行期字串）	string	normal	shown	confirmed	1	europe-cancel-and-report-fields	
EXE:bc167bad51f0	exe	（執行期字串）	string	normal	shown	confirmed	1	pedia-unit-all	
EXE:bcd6f7541baa	exe	（執行期字串）	string	normal	shown	confirmed	1	pedia-job-all	
EXE:bd1b22c866c7	exe	（執行期字串）	string	normal	shown	confirmed	1	europe-cancel-and-report-fields,europe-reports,pedia-job-all	
EXE:bd3f42a45516	exe	（執行期字串）	string	normal	shown	confirmed	1	colonizopedia,europe-cancel-and-report-fields,europe-reports,pedia-building-all,pedia-job-all	
EXE:be0eff47c673	exe	（執行期字串）	string	normal	shown	confirmed	1	pedia-job-all	
EXE:bf31e3c815d7	exe	（執行期字串）	string	normal	shown	confirmed	1	europe-cancel-and-report-fields,europe-reports,pedia-job-all	
EXE:bf6f637cd8e9	exe	（執行期字串）	string	normal	shown	confirmed	1	pedia-terrain-all	
EXE:bfb8dda3a3e2	exe	（執行期字串）	string	normal	shown	confirmed	1	colonizopedia,pedia-father-all	
EXE:c06f5714e390	exe	（執行期字串）	string	normal	shown	confirmed	1	pedia-cargo-all	
EXE:c0e8b140e154	exe	（執行期字串）	string	normal	shown	confirmed	1	europe-cancel-and-report-fields	
EXE:c1dd4b5d8200	exe	（執行期字串）	string	normal	shown	confirmed	1	pedia-father-all	
EXE:c26c198ff012	exe	（執行期字串）	string	normal	shown	confirmed	1	pedia-unit-all	
EXE:c29bc66a2bed	exe	（執行期字串）	string	normal	shown	confirmed	1	pedia-terrain-all	
EXE:c356d74c6b97	exe	（執行期字串）	string	normal	shown	confirmed	1	pedia-job-all	
EXE:c36008ad0efb	exe	（執行期字串）	string	normal	shown	confirmed	1	pedia-terrain-all	
EXE:c5e6b2d84b8f	exe	（執行期字串）	string	normal	shown	confirmed	1	pedia-job-all	
EXE:c724b2120ea7	exe	（執行期字串）	string	normal	shown	confirmed	1	colony-buy-payable,colony-jobs-and-fathers	
EXE:c7d7426959a9	exe	（執行期字串）	string	normal	shown	confirmed	1	pedia-cargo-all	
EXE:c80a73da2584	exe	（執行期字串）	string	normal	shown	confirmed	1	pedia-terrain-all	
EXE:c9ee0a41420e	exe	開局設定	input	normal	shown	confirmed	1	colony-buy-insufficient,colony-rename-cancel,frontend-audio,input-labels,orders-disabled-map-label,sea-menus-occlusion	colonizopedia,colony-interactions,colony-strings,europe-reports,trade-grid-sea,trade-route-sea
EXE:ca2e346e409c	exe	（執行期字串）	string	normal	shown	confirmed	1	pedia-terrain-all	
EXE:ca6ef0a9f269	exe	（執行期字串）	string	normal	shown	confirmed	1	pedia-terrain-all	
EXE:ca9856a149dd	exe	（執行期字串）	string	normal	shown	confirmed	1	pedia-terrain-all	
EXE:cabe242dfca9	exe	（執行期字串）	string	normal	shown	confirmed	1	colony-abandon-cancel,colony-profession-equipment	
EXE:cc3b045182e7	exe	（執行期字串）	string	normal	shown	confirmed	1	pedia-building-all	
EXE:cc59fece28c4	exe	（執行期字串）	string	normal	shown	confirmed	1	pedia-unit-all	
EXE:cd203b211c70	exe	（執行期字串）	string	normal	shown	confirmed	1	pedia-unit-all	
EXE:cd336ae5912b	exe	（執行期字串）	string	normal	shown	confirmed	1	europe-cancel-and-report-fields	
EXE:cd4d6d01ed88	exe	（執行期字串）	string	normal	shown	confirmed	1	colonizopedia,pedia-terrain-all	
EXE:ce15ba80f0ea	exe	（執行期字串）	string	normal	shown	confirmed	1	pedia-unit-all	
EXE:ce199c789a8d	exe	（執行期字串）	string	normal	shown	confirmed	1	pedia-job-all	
EXE:ce3c12bab8aa	exe	（執行期字串）	string	normal	shown	confirmed	1	pedia-unit-all	
EXE:ce4678ffb0de	exe	（執行期字串）	string	normal	shown	confirmed	1	colonizopedia,pedia-terrain-all	
EXE:ceb89cce3407	exe	（執行期字串）	string	normal	shown	confirmed	1	europe-cancel-and-report-fields	
EXE:d0036bd2eb35	exe	（執行期字串）	string	normal	shown	confirmed	1	pedia-cargo-all	
EXE:d0eceb45f5fe	exe	（執行期字串）	string	normal	shown	confirmed	1	colony-cargo-messages	colony-cargo-ship-options
EXE:d165c7ff11fc	exe	（執行期字串）	string	normal	shown	confirmed	1	colony-buy-payable,colony-jobs-and-fathers	
EXE:d17d2a09136a	exe	（執行期字串）	string	normal	shown	confirmed	1	pedia-terrain-all	
EXE:d187fcbc44b1	exe	（執行期字串）	string	normal	shown	confirmed	1	colonizopedia,colony-interactions,colony-strings,europe-reports,frontend-audio,input-labels,orders-disabled-map-label,sea-menus-occlusion	tutorial-dialogs
EXE:d303fd0b1c67	exe	（執行期字串）	string	normal	shown	confirmed	1	colonizopedia,colony-interactions,colony-strings,europe-reports,frontend-audio,input-labels,orders-disabled-map-label,sea-menus-occlusion	colony-cargo-messages,colony-cargo-ship-options,colony-dock-arrival-tutorial,colony-harbor-ship-options,tutorial-dialogs
EXE:d4954fef2456	exe	（執行期字串）	string	normal	shown	confirmed	1	pedia-cargo-all	
EXE:d52fba433400	exe	（執行期字串）	string	normal	shown	confirmed	1	pedia-cargo-all	
EXE:d61b2891c883	exe	（執行期字串）	string	normal	shown	confirmed	1	colonizopedia,pedia-unit-all	
EXE:d6ac53fc0744	exe	（執行期字串）	string	normal	shown	confirmed	1	pedia-job-all	
EXE:d6f363c0b392	exe	（執行期字串）	string	normal	shown	confirmed	1	europe-reports	
EXE:d7ad40feb282	exe	（執行期字串）	string	normal	shown	confirmed	1	pedia-building-all	
EXE:d86a712e18cf	exe	（執行期字串）	string	normal	shown	confirmed	1	pedia-job-all	
EXE:d86f0aad384b	exe	（執行期字串）	string	normal	shown	confirmed	1	pedia-unit-all	
EXE:d9388e680aab	exe	（執行期字串）	string	normal	shown	confirmed	1	pedia-terrain-all	
EXE:d97f78869d41	exe	（執行期字串）	string	normal	shown	confirmed	1	europe-cancel-and-report-fields	
EXE:da9ebdcca7d5	exe	（執行期字串）	string	normal	shown	confirmed	1	pedia-unit-all	
EXE:db3210117d07	exe	（執行期字串）	string	normal	shown	confirmed	1	pedia-terrain-all	
EXE:db372c1da8c5	exe	（執行期字串）	string	normal	shown	confirmed	1	pedia-building-all	
EXE:dc4346be5a09	exe	（執行期字串）	string	normal	shown	confirmed	1	pedia-cargo-all	
EXE:dc5c9a83a4df	exe	（執行期字串）	string	normal	shown	confirmed	1	pedia-unit-all	
EXE:dd167fa44fae	exe	（執行期字串）	string	normal	shown	confirmed	1	pedia-unit-all	
EXE:dd6ea7a7d004	exe	（執行期字串）	string	normal	shown	confirmed	1	pedia-building-all	
EXE:ddf1df2ebf56	exe	（執行期字串）	string	normal	shown	confirmed	1	europe-cancel-and-report-fields,europe-reports,pedia-job-all	
EXE:dee040e3c145	exe	（執行期字串）	string	normal	shown	confirmed	1	pedia-building-all	
EXE:df8145f22d83	exe	（執行期字串）	string	normal	shown	confirmed	1	europe-reports,pedia-terrain-all	
EXE:dfd6db715aee	exe	（執行期字串）	string	normal	shown	confirmed	1	pedia-job-all	
EXE:e0b4fa7343ca	exe	（執行期字串）	string	normal	shown	confirmed	1	pedia-terrain-all	
EXE:e0e3b60959cd	exe	（執行期字串）	string	normal	shown	confirmed	1	pedia-cargo-all	
EXE:e1078685c91f	exe	（執行期字串）	string	normal	shown	confirmed	1	pedia-unit-all	
EXE:e36b16b6f0bb	exe	（執行期字串）	string	normal	shown	confirmed	1	pedia-building-all	
EXE:e38553096a3b	exe	（執行期字串）	string	normal	shown	confirmed	1	colony-abandon-cancel,colony-profession-equipment	
EXE:e4351e498b79	exe	存讀檔	dialog	normal	pending		1		load-good-notice
EXE:e5a85ac17d88	exe	（執行期字串）	string	normal	shown	confirmed	1	pedia-unit-all	
EXE:e5cff0520991	exe	（執行期字串）	string	normal	shown	confirmed	1	colony-abandon-cancel,colony-buy-payable,colony-jobs-and-fathers,colony-profession-equipment	
EXE:e5dea42d9c1e	exe	（執行期字串）	string	normal	shown	confirmed	1	europe-cancel-and-report-fields	
EXE:e6289a993655	exe	（執行期字串）	string	normal	shown	confirmed	1	colonizopedia,pedia-father-all	
EXE:e6e69cc950e0	exe	（執行期字串）	string	normal	shown	confirmed	1	pedia-terrain-all	
EXE:e7036a5022d5	exe	（執行期字串）	string	normal	shown	confirmed	1	europe-cancel-and-report-fields	
EXE:e9b353ec7941	exe	（執行期字串）	string	normal	shown	confirmed	1	europe-artillery-purchase	
EXE:ea1355ff228d	exe	（執行期字串）	string	normal	shown	confirmed	1	pedia-terrain-all	
EXE:ea77952f2f0d	exe	（執行期字串）	string	normal	shown	confirmed	1	colonizopedia,colony-buy-insufficient,colony-interactions,colony-strings,europe-reports,frontend-audio,input-labels,orders-disabled-map-label,sea-menus-occlusion	colony-cargo-messages,colony-cargo-ship-options,colony-dock-arrival-tutorial,colony-harbor-ship-options,tutorial-dialogs
EXE:eb9588a2a49f	exe	（執行期字串）	string	normal	shown	confirmed	1	pedia-cargo-all	
EXE:ebff9ad62c02	exe	（執行期字串）	string	normal	shown	confirmed	1	save-load-slot-lists	europe-dock-dock,europe-dock-front,europe-dock-missionary,europe-dock-purchase,save-good-notice,trade-grid-land,trade-grid-sea,trade-route-land,trade-route-sea
EXE:ec9704efba7e	exe	（執行期字串）	string	normal	shown	confirmed	1	europe-cancel-and-report-fields,europe-reports,pedia-job-all	
EXE:eca75848af8c	exe	（執行期字串）	string	normal	shown	confirmed	1	colonizopedia,pedia-cargo-all	
EXE:ee125ff9a085	exe	（執行期字串）	string	normal	shown	confirmed	1	pedia-father-all	
EXE:ef4d7d77a8cc	exe	（執行期字串）	string	normal	shown	confirmed	1	colonizopedia,europe-cancel-and-report-fields,europe-reports,pedia-job-all	
EXE:efc17154d449	exe	（執行期字串）	string	normal	shown	confirmed	1	pedia-unit-all	
EXE:f00aa79bdc2d	exe	（執行期字串）	string	normal	shown	confirmed	1	colony-abandon-cancel,colony-buy-payable,colony-jobs-and-fathers,colony-profession-equipment	
EXE:f05f70e0dde3	exe	（執行期字串）	string	normal	shown	confirmed	1	europe-cancel-and-report-fields,europe-reports	
EXE:f0cf41cd4c10	exe	（執行期字串）	string	normal	shown	confirmed	1	pedia-building-all	
EXE:f17d31eb1853	exe	（執行期字串）	string	normal	shown	confirmed	1	europe-cancel-and-report-fields	
EXE:f2091e7ff700	exe	（執行期字串）	string	normal	shown	confirmed	1	pedia-terrain-all	
EXE:f33268df61b9	exe	（執行期字串）	string	normal	shown	confirmed	1	europe-cancel-and-report-fields	
EXE:f43c68bc698b	exe	（執行期字串）	string	normal	shown	confirmed	1	europe-cancel-and-report-fields	
EXE:f7c09dfb132e	exe	（執行期字串）	string	normal	shown	confirmed	1	pedia-cargo-all	
EXE:f85368446871	exe	（執行期字串）	string	normal	shown	confirmed	1	pedia-terrain-all	
EXE:f8adea4f82a9	exe	（執行期字串）	string	normal	shown	confirmed	1	pedia-unit-all	
EXE:f8d4061ba9e5	exe	（執行期字串）	string	normal	shown	confirmed	1	pedia-terrain-all	
EXE:f951476911f7	exe	（執行期字串）	string	normal	shown	confirmed	1	colony-abandon-cancel,colony-buy-payable,colony-jobs-and-fathers,colony-profession-equipment	
EXE:f9cb8f714701	exe	（執行期字串）	string	normal	shown	confirmed	1	colony-abandon-cancel,colony-buy-payable,colony-jobs-and-fathers,colony-profession-equipment	
EXE:f9e3bccf073b	exe	（執行期字串）	string	normal	shown	confirmed	1	europe-cancel-and-report-fields	
EXE:fa1be0009226	exe	（執行期字串）	string	normal	shown	confirmed	1	pedia-building-all	
EXE:faab2dec76e3	exe	（執行期字串）	string	normal	shown	confirmed	1	europe-cancel-and-report-fields	europe-artillery-purchase,europe-dock-dock,europe-dock-front,europe-dock-missionary,europe-dock-purchase
EXE:fb890425fe7a	exe	（執行期字串）	string	normal	shown	confirmed	1	colony-abandon-cancel,colony-buy-payable,colony-jobs-and-fathers,colony-profession-equipment	
EXE:fbb57fdfd654	exe	（執行期字串）	string	normal	shown	confirmed	1	pedia-father-all	
EXE:fbc25eedd010	exe	（執行期字串）	string	normal	shown	confirmed	1	pedia-terrain-all	
EXE:fbd2880d7e10	exe	（執行期字串）	string	normal	shown	confirmed	1	europe-cancel-and-report-fields,europe-reports,pedia-job-all	
EXE:fc0aa7b79239	exe	（執行期字串）	string	normal	shown	confirmed	1	colony-abandon-cancel,colony-buy-payable,colony-jobs-and-fathers,colony-profession-equipment	
EXE:fc5d3e228a85	exe	（執行期字串）	string	normal	shown	confirmed	1	colony-buy-payable,colony-jobs-and-fathers	
EXE:fccf6797b5df	exe	（執行期字串）	string	normal	shown	confirmed	1	pedia-father-all	
EXE:fdbb97432551	exe	（執行期字串）	string	normal	shown	confirmed	1	colonizopedia,colony-buy-insufficient,colony-interactions,colony-strings,europe-reports,frontend-audio,input-labels,orders-disabled-map-label,sea-menus-occlusion	tutorial-dialogs
EXE:fed6a4d856ea	exe	（執行期字串）	string	normal	shown	confirmed	1	trade-grid-land,trade-grid-sea	trade-route-land,trade-route-sea
EXE:ff58b9bbee3f	exe	（執行期字串）	string	normal	shown	confirmed	1	pedia-unit-all	
EXE:ff5b2f76b37a	exe	（執行期字串）	string	normal	shown	confirmed	1	pedia-terrain-all	
EXE:ff948d0ea62d	exe	（執行期字串）	string	normal	shown	confirmed	1	europe-cancel-and-report-fields	
EXE:ffa32e4c106b	exe	（執行期字串）	string	normal	shown	confirmed	1	pedia-building-all	
EXE:ffafa92fc9d7	exe	（執行期字串）	string	normal	shown	confirmed	1	pedia-unit-all	
GAME.TXT:@ABANDON	txt	殖民地	dialog	conditional	shown	confirmed	5	colony-abandon-cancel	
GAME.TXT:@ABANDON2	txt	殖民地	dialog	conditional	pending		6		
GAME.TXT:@ALREADYHAVE	txt	殖民地	dialog	conditional	pending		2		
GAME.TXT:@ALREADYREVOLUTION	txt	獨立戰爭	dialog	conditional	pending		1		
GAME.TXT:@ALREADYSMITE	txt	外交	dialog	conditional	pending		1		
GAME.TXT:@AMBUSHHINT	txt	獨立戰爭	dialog	conditional	pending		6		
GAME.TXT:@AMERICA	txt	開局設定	dialog	normal	pending		4		
GAME.TXT:@APOSTATES	txt	外交	dialog	conditional	pending		5		
GAME.TXT:@APOSTATESUSA	txt	外交	dialog	conditional	pending		5		
GAME.TXT:@ARMOPTIONS	txt	歐洲港口	dialog	normal	shown	confirmed	12	europe-dock-dock,europe-dock-front,europe-dock-missionary,europe-dock-purchase	
GAME.TXT:@ARTILLERY	txt	戰鬥	dialog	conditional	pending		1		
GAME.TXT:@ARTILLERY2	txt	戰鬥	dialog	conditional	pending		1		
GAME.TXT:@BADCARGO	txt	原住民村落	dialog	conditional	pending		5		
GAME.TXT:@BADHAGGLE0	txt	原住民村落	dialog	conditional	pending		3		
GAME.TXT:@BADHAGGLE1	txt	原住民村落	dialog	conditional	pending		3		
GAME.TXT:@BADHAGGLE2	txt	原住民村落	dialog	conditional	pending		3		
GAME.TXT:@BADHAGGLE3	txt	原住民村落	dialog	conditional	pending		2		
GAME.TXT:@BEGINMENU	txt	主選單	dialog	normal	shown	confirmed	6	build-captions,colonizopedia,colony-buy-insufficient,colony-interactions,colony-strings,dynamic-combined,dynamic-spots,europe-reports,frontend-audio,function-keys,input-labels,nation-cards-rest,options-followups,orders-disabled-map-label,pedia-building-all,pedia-cargo-all,pedia-father-all,pedia-job-all,pedia-menu-boundary,pedia-terrain-all,pedia-unit-all,regression,retire,sea-menus-occlusion,sea-status,third-card,tutorial-dialogs,tutorial-help	colony-abandon-cancel,colony-buy-payable,colony-cargo-messages,colony-cargo-ship-options,colony-dock-arrival-tutorial,colony-fisherman-no-docks,colony-fortified-unit-options,colony-harbor-ship-options,colony-jobs-and-fathers,colony-profession-equipment,colony-rename-cancel,colony-soldier-unit-options,europe-artillery-purchase,europe-cancel-and-report-fields,europe-dock-dock,europe-dock-front,europe-dock-missionary,europe-dock-purchase,land-orders-source,load-good-notice,save-good-notice,save-load-slot-lists,ship-orders-prefix-close,trade-grid-land,trade-grid-sea,trade-route-land,trade-route-sea
GAME.TXT:@BRING	txt	原住民村落	dialog	conditional	pending		3		
GAME.TXT:@BUILD1	txt	開場字幕	caption	normal	shown	confirmed	1	build-captions,dynamic-combined,regression	colonizopedia,colony-interactions,colony-strings,dialog-body,dynamic-spots,europe-reports,frontend-audio,input-labels,orders-disabled-map-label,sea-menus-occlusion,tutorial-dialogs
GAME.TXT:@BUILD10	txt	開場字幕	caption	normal	shown	confirmed	1	build-captions,dynamic-combined	
GAME.TXT:@BUILD2	txt	開場字幕	caption	normal	shown	confirmed	2	build-captions,dynamic-combined	colonizopedia,colony-interactions,colony-strings,dialog-body,dynamic-spots,europe-reports,frontend-audio,input-labels,orders-disabled-map-label,sea-menus-occlusion,tutorial-dialogs
GAME.TXT:@BUILD3	txt	開場字幕	caption	normal	shown	confirmed	1	build-captions,dynamic-combined	colonizopedia,colony-interactions,colony-strings,dialog-body,dynamic-spots,europe-reports,frontend-audio,input-labels,orders-disabled-map-label,sea-menus-occlusion,tutorial-dialogs
GAME.TXT:@BUILD4	txt	開場字幕	caption	normal	shown	confirmed	1	build-captions,dynamic-combined	colonizopedia,colony-interactions,colony-strings,dialog-body,dynamic-spots,europe-reports,frontend-audio,input-labels,orders-disabled-map-label,sea-menus-occlusion,tutorial-dialogs
GAME.TXT:@BUILD5	txt	開場字幕	caption	normal	shown	confirmed	1	build-captions,dynamic-combined	colonizopedia,colony-interactions,colony-strings,dialog-body,europe-reports,frontend-audio,input-labels,orders-disabled-map-label,sea-menus-occlusion,tutorial-dialogs
GAME.TXT:@BUILD6	txt	開場字幕	caption	normal	shown	confirmed	1	build-captions,dynamic-combined	
GAME.TXT:@BUILD7	txt	開場字幕	caption	normal	shown	confirmed	1	build-captions,dynamic-combined	
GAME.TXT:@BUILD8	txt	開場字幕	caption	normal	shown	confirmed	1	build-captions,dynamic-combined	
GAME.TXT:@BUILD9	txt	開場字幕	caption	normal	shown	confirmed	1	build-captions,dynamic-combined	
GAME.TXT:@BUILT	txt	海上地圖	dialog	normal	pending		1		
GAME.TXT:@BURIAL1	txt	海上地圖	dialog	normal	pending		1		
GAME.TXT:@BURIAL2	txt	海上地圖	dialog	normal	pending		1		
GAME.TXT:@BURIAL3	txt	海上地圖	dialog	normal	pending		3		
GAME.TXT:@BURNED	txt	戰鬥	dialog	conditional	pending		3		
GAME.TXT:@BURNED2	txt	戰鬥	dialog	conditional	pending		2		
GAME.TXT:@BURNED3	txt	戰鬥	dialog	conditional	pending		2		
GAME.TXT:@BUY0	txt	原住民村落	dialog	conditional	pending		5		
GAME.TXT:@BUY1	txt	原住民村落	dialog	conditional	pending		6		
GAME.TXT:@BUYME0	txt	殖民地	dialog	normal	shown	confirmed	2	colony-buy-insufficient	
GAME.TXT:@BUYME1	txt	殖民地	dialog	normal	shown	confirmed	4	colony-buy-payable	
GAME.TXT:@BUYWHICH	txt	原住民村落	dialog	conditional	pending		6		
GAME.TXT:@CANCELPEACE	txt	外交	dialog	conditional	pending		1		
GAME.TXT:@CANESUGAR	txt	對話框	dialog	normal	pending		2		
GAME.TXT:@CANNOTATTACK	txt	海上地圖	dialog	conditional	pending		1		
GAME.TXT:@CANTMOBILIZE	txt	獨立戰爭	dialog	conditional	pending		4		
GAME.TXT:@CAPTURED	txt	戰鬥	dialog	conditional	pending		2		
GAME.TXT:@CAPTURED2	txt	戰鬥	dialog	conditional	pending		1		
GAME.TXT:@CAPTURED3	txt	戰鬥	dialog	conditional	pending		1		
GAME.TXT:@CARGOCAPTURE	txt	戰鬥	dialog	conditional	pending		1		
GAME.TXT:@CARGOLOAD	txt	對話框	dialog	conditional	shown	confirmed	1	trade-route-sea	
GAME.TXT:@CARGOREADY0	txt	對話框	dialog	conditional	pending		1		
GAME.TXT:@CARGOREADY1	txt	對話框	dialog	conditional	pending		3		
GAME.TXT:@CARGOREADY2	txt	對話框	dialog	conditional	pending		2		
GAME.TXT:@CARGOUNLOAD	txt	對話框	dialog	conditional	shown	confirmed	1	trade-route-sea	
GAME.TXT:@CASHTREASURE	txt	對話框	dialog	conditional	pending		1		
GAME.TXT:@CCLIM	txt	開局設定	dialog	conditional	pending		4		
GAME.TXT:@CCONT	txt	開局設定	dialog	conditional	pending		4		
GAME.TXT:@CHIEFAREA	txt	原住民村落	dialog	normal	pending		3		
GAME.TXT:@CHIEFBORED	txt	原住民村落	dialog	normal	pending		2		
GAME.TXT:@CHIEFGIFT	txt	原住民村落	dialog	normal	pending		3		
GAME.TXT:@CHIEFGUIDES	txt	原住民村落	dialog	normal	pending		4		
GAME.TXT:@CHIEFHOWDY	txt	原住民村落	dialog	normal	pending		5		
GAME.TXT:@CHIEFKILL	txt	原住民村落	dialog	normal	pending		2		
GAME.TXT:@CLAND	txt	開局設定	dialog	conditional	pending		4		
GAME.TXT:@CLEARCUT	txt	對話框	dialog	conditional	pending		2		
GAME.TXT:@COLLEGE2	txt	殖民地	dialog	conditional	pending		2		
GAME.TXT:@COLONISTCAPTURE	txt	戰鬥	dialog	conditional	pending		1		
GAME.TXT:@COLONISTCAPTURE2	txt	戰鬥	dialog	conditional	pending		2		
GAME.TXT:@COLONY	txt	海上地圖	dialog	normal	shown	confirmed	2	colonizopedia,colony-buy-insufficient,colony-interactions,colony-strings,europe-reports,frontend-audio,input-labels,orders-disabled-map-label,sea-menus-occlusion	
GAME.TXT:@COLONYFLAG	txt	除錯	dialog	unreachable	unreachable		1		
GAME.TXT:@COLONYOPTIONS	txt	對話框	dialog	normal	pending		11		
GAME.TXT:@COLONYUNIT	txt	殖民地	dialog	normal	shown	confirmed	1	colony-harbor-ship-options,colony-soldier-unit-options	
GAME.TXT:@CONFISCATE	txt	原住民村落	dialog	conditional	pending		3		
GAME.TXT:@CONSIDER	txt	獨立戰爭	dialog	conditional	pending		3		
GAME.TXT:@CONTINENTAL	txt	獨立戰爭	dialog	conditional	pending		2		
GAME.TXT:@COTTON	txt	對話框	dialog	normal	pending		2		
GAME.TXT:@COUNTRIES	txt	對話框	dialog	conditional	pending		8		
GAME.TXT:@CTEMP	txt	開局設定	dialog	conditional	pending		4		
GAME.TXT:@CUSTOM	txt	殖民地	dialog	conditional	pending		1		
GAME.TXT:@DEADCONVERTS	txt	獨立戰爭	dialog	conditional	pending		3		
GAME.TXT:@DECLARE	txt	獨立戰爭	dialog	conditional	pending		4		
GAME.TXT:@DECLAREWAR	txt	外交	dialog	conditional	pending		1		
GAME.TXT:@DEFICIT	txt	原住民村落	dialog	conditional	pending		2		
GAME.TXT:@DEFOREST	txt	對話框	dialog	conditional	pending		1		
GAME.TXT:@DEMOTE	txt	戰鬥	dialog	conditional	pending		1		
GAME.TXT:@DEPLETION	txt	對話框	dialog	conditional	pending		1		
GAME.TXT:@DIFFICULTY	txt	開局設定	nation	normal	pending		6		
GAME.TXT:@DISBANDSHIP	txt	海上地圖	dialog	conditional	pending		2		
GAME.TXT:@DONTKNOWSHIPS	txt	原住民村落	dialog	conditional	pending		1		
GAME.TXT:@DOS	txt	對話框	dialog	normal	pending		3		
GAME.TXT:@DOSYES	txt	對話框	dialog	normal	pending		3		
GAME.TXT:@EFFICIENT	txt	對話框	dialog	conditional	pending		2		
GAME.TXT:@EUROPEARM	txt	歐洲港口	dialog	normal	pending		1		
GAME.TXT:@EUROPELOSE	txt	戰鬥	dialog	conditional	pending		1		
GAME.TXT:@EUROPENOTAVAIL	txt	獨立戰爭	dialog	conditional	pending		5		
GAME.TXT:@EUROPENOTLEAVE	txt	獨立戰爭	dialog	conditional	pending		3		
GAME.TXT:@EUROPESHIPCLICK	txt	歐洲港口	dialog	normal	pending		1		
GAME.TXT:@EUROPESHIPOPTIONS	txt	歐洲港口	dialog	normal	pending		4		
GAME.TXT:@EUROPEWIN	txt	戰鬥	dialog	conditional	pending		1		
GAME.TXT:@EVASIVE	txt	戰鬥	dialog	conditional	pending		1		
GAME.TXT:@EXPLOITS	txt	結局	string	conditional	pending		3		
GAME.TXT:@EXTINCT	txt	對話框	dialog	conditional	pending		1		
GAME.TXT:@EXTORTLAUGH	txt	原住民村落	dialog	conditional	pending		2		
GAME.TXT:@EXTORTNO	txt	原住民村落	dialog	conditional	pending		2		
GAME.TXT:@EXTORTPOOR	txt	原住民村落	dialog	conditional	pending		3		
GAME.TXT:@EXTORTSTUFF	txt	原住民村落	dialog	conditional	pending		4		
GAME.TXT:@FINDCITY	txt	海上地圖	dialog	normal	shown	confirmed	2	frontend-audio,input-labels,orders-disabled-map-label,sea-menus-occlusion	
GAME.TXT:@FOOD1	txt	對話框	dialog	conditional	pending		2		
GAME.TXT:@FOOD2	txt	對話框	dialog	conditional	pending		3		
GAME.TXT:@FOODLOW	txt	對話框	dialog	conditional	pending		3		
GAME.TXT:@FOREIGNNOTAVAIL	txt	獨立戰爭	dialog	conditional	pending		2		
GAME.TXT:@FORTFIRE	txt	戰鬥	dialog	conditional	pending		1		
GAME.TXT:@FREEDOM	txt	國會與建國之父	dialog	normal	pending		2		
GAME.TXT:@FRIEND	txt	獨立戰爭	dialog	conditional	pending		4		
GAME.TXT:@FULL	txt	海上地圖	dialog	conditional	pending		4		
GAME.TXT:@FURS	txt	對話框	dialog	normal	pending		2		
GAME.TXT:@GAMEOPTIONS	txt	對話框	dialog	normal	shown	confirmed	9	dynamic-combined,options-followups,options-title-rows,regression	
GAME.TXT:@GIFTS	txt	外交	dialog	conditional	pending		2		
GAME.TXT:@GIVECASH	txt	外交	dialog	conditional	pending		4		
GAME.TXT:@GREATDEEDS	txt	外交	dialog	conditional	pending		4		
GAME.TXT:@GREATKINGS	txt	外交	dialog	conditional	pending		4		
GAME.TXT:@GREATLEADER	txt	外交	dialog	conditional	pending		4		
GAME.TXT:@GREATLEADER2	txt	外交	dialog	conditional	pending		4		
GAME.TXT:@GRUDGEWAGONS	txt	原住民村落	dialog	conditional	pending		2		
GAME.TXT:@HALF	txt	戰鬥	dialog	conditional	pending		5		
GAME.TXT:@HAVETREATY	txt	外交	dialog	conditional	pending		4		
GAME.TXT:@HEATHEN	txt	外交	dialog	conditional	pending		4		
GAME.TXT:@HEATHENUSA	txt	外交	dialog	conditional	pending		6		
GAME.TXT:@HELLOAHOY	txt	外交	dialog	conditional	pending		4		
GAME.TXT:@HELLOFIRST	txt	外交	dialog	conditional	pending		4		
GAME.TXT:@HELLOMANLY	txt	外交	dialog	conditional	pending		4		
GAME.TXT:@HELLOMEEK	txt	外交	dialog	conditional	pending		4		
GAME.TXT:@HELLOUSA	txt	外交	dialog	conditional	pending		2		
GAME.TXT:@HERESY0	txt	原住民村落	dialog	conditional	pending		3		
GAME.TXT:@HERESY1	txt	原住民村落	dialog	conditional	pending		3		
GAME.TXT:@HOWMUCH1	txt	對話框	dialog	conditional	pending		2		
GAME.TXT:@HOWMUCH2	txt	對話框	dialog	conditional	pending		2		
GAME.TXT:@HOWMUCH3	txt	對話框	dialog	conditional	pending		2		
GAME.TXT:@HOWMUCH4	txt	對話框	dialog	conditional	pending		3		
GAME.TXT:@HOWMUCH5	txt	對話框	dialog	conditional	pending		2		
GAME.TXT:@HOWTOWIN	txt	獨立戰爭	dialog	conditional	pending		5		
GAME.TXT:@INDEPENDENCE	txt	獨立戰爭	dialog	conditional	pending		4		
GAME.TXT:@INDIANBEGFOOD	txt	對話框	dialog	conditional	pending		6		
GAME.TXT:@INDIANBOW	txt	外交	dialog	normal	pending		3		
GAME.TXT:@INDIANBRIBE	txt	海上地圖	dialog	conditional	pending		1		
GAME.TXT:@INDIANBURN	txt	原住民村落	dialog	conditional	pending		2		
GAME.TXT:@INDIANBURNCOLONY	txt	戰鬥	dialog	conditional	pending		3		
GAME.TXT:@INDIANBURNCOLONY2	txt	戰鬥	dialog	conditional	pending		2		
GAME.TXT:@INDIANCITY	txt	外交	dialog	conditional	pending		6		
GAME.TXT:@INDIANCOME	txt	外交	dialog	normal	shown	confirmed	3	colonizopedia,colony-interactions,colony-strings,dialog-body,europe-reports,frontend-audio,input-labels,orders-disabled-map-label,sea-menus-occlusion,tutorial-dialogs	
GAME.TXT:@INDIANCOMMENT	txt	對話框	dialog	conditional	pending		4		
GAME.TXT:@INDIANFOREST	txt	海上地圖	dialog	conditional	pending		6		
GAME.TXT:@INDIANFOREST2	txt	海上地圖	dialog	conditional	pending		4		
GAME.TXT:@INDIANGIVEFOOD	txt	對話框	dialog	conditional	pending		6		
GAME.TXT:@INDIANGIVESTUFF	txt	對話框	dialog	conditional	pending		4		
GAME.TXT:@INDIANGOLD	txt	外交	dialog	conditional	pending		4		
GAME.TXT:@INDIANGRUDGE	txt	獨立戰爭	dialog	conditional	pending		3		
GAME.TXT:@INDIANHELLO1	txt	外交	dialog	normal	pending		2		
GAME.TXT:@INDIANHELLO2	txt	外交	dialog	normal	pending		2		
GAME.TXT:@INDIANLAND	txt	海上地圖	dialog	conditional	pending		5		
GAME.TXT:@INDIANLOSE	txt	戰鬥	dialog	conditional	pending		1		
GAME.TXT:@INDIANPEACE	txt	外交	dialog	normal	shown	confirmed	3	colonizopedia,colony-interactions,colony-strings,dialog-body,europe-reports,frontend-audio,input-labels,orders-disabled-map-label,sea-menus-occlusion,tutorial-dialogs	
GAME.TXT:@INDIANROAD	txt	海上地圖	dialog	conditional	pending		6		
GAME.TXT:@INDIANSCONVERT	txt	對話框	dialog	conditional	pending		3		
GAME.TXT:@INDIANSHUN	txt	外交	dialog	normal	pending		2		
GAME.TXT:@INDIANSLAVES	txt	對話框	dialog	conditional	pending		1		
GAME.TXT:@INDIANSURPRISE	txt	戰鬥	dialog	conditional	pending		2		
GAME.TXT:@INDIANTREATY	txt	外交	dialog	normal	pending		7		
GAME.TXT:@INDIANWAGONS	txt	外交	dialog	conditional	pending		6		
GAME.TXT:@INDIANWAR	txt	外交	dialog	conditional	pending		3		
GAME.TXT:@INDIANWARFARE	txt	原住民村落	dialog	conditional	pending		3		
GAME.TXT:@INDIANWARPATH	txt	原住民村落	dialog	conditional	pending		2		
GAME.TXT:@INDIANWARPATH2	txt	原住民村落	dialog	conditional	pending		4		
GAME.TXT:@INDIANWELCOME	txt	外交	dialog	normal	shown	confirmed	8	colony-interactions,dialog-body,frontend-audio,input-labels,orders-disabled-map-label,sea-menus-occlusion	
GAME.TXT:@INDIANWIN0	txt	戰鬥	dialog	conditional	pending		1		
GAME.TXT:@INDIANWIN1	txt	戰鬥	dialog	conditional	pending		2		
GAME.TXT:@INDIANWIN2	txt	戰鬥	dialog	conditional	pending		2		
GAME.TXT:@INDIANWINCOLONY	txt	戰鬥	dialog	conditional	pending		2		
GAME.TXT:@INDIANWINCOLONY2	txt	戰鬥	dialog	conditional	pending		2		
GAME.TXT:@INEFFICIENT	txt	對話框	dialog	conditional	pending		9		
GAME.TXT:@INTERVENE	txt	獨立戰爭	dialog	conditional	pending		2		
GAME.TXT:@INTERVENTION	txt	獨立戰爭	dialog	conditional	pending		4		
GAME.TXT:@INVASION	txt	獨立戰爭	dialog	conditional	pending		1		
GAME.TXT:@KEEPSTOCKADE	txt	殖民地	dialog	conditional	pending		2		
GAME.TXT:@KILLWAGONS	txt	對話框	dialog	conditional	pending		2		
GAME.TXT:@KINGBLESS	txt	對話框	dialog	normal	pending		2		
GAME.TXT:@KINGBUY	txt	對話框	dialog	conditional	pending		2		
GAME.TXT:@KINGFRIGATE	txt	對話框	dialog	conditional	pending		6		
GAME.TXT:@KINGFUND	txt	對話框	dialog	conditional	pending		4		
GAME.TXT:@KINGGALLEON2	txt	對話框	dialog	conditional	pending		9		
GAME.TXT:@KINGGALLEON3	txt	對話框	dialog	conditional	pending		9		
GAME.TXT:@KINGLAUGH	txt	對話框	dialog	conditional	pending		2		
GAME.TXT:@KINGLOSE	txt	結局	dialog	conditional	pending		5		
GAME.TXT:@KINGLOWER	txt	對話框	dialog	conditional	pending		3		
GAME.TXT:@KINGMERCY	txt	對話框	dialog	conditional	pending		4		
GAME.TXT:@KINGMOBILIZE	txt	獨立戰爭	dialog	conditional	pending		2		
GAME.TXT:@KINGNAVACT	txt	對話框	dialog	conditional	pending		5		
GAME.TXT:@KINGNEWWAR	txt	對話框	dialog	conditional	pending		7		
GAME.TXT:@KINGNO	txt	對話框	dialog	conditional	pending		3		
GAME.TXT:@KINGNOTHING	txt	對話框	dialog	conditional	pending		3		
GAME.TXT:@KINGRAISE	txt	對話框	dialog	conditional	pending		3		
GAME.TXT:@KINGRECRUIT	txt	歐洲港口	dialog	normal	shown	confirmed	3	europe-cancel-and-report-fields,europe-reports	
GAME.TXT:@KINGSTAMPACT	txt	對話框	dialog	conditional	pending		5		
GAME.TXT:@KINGTAX	txt	對話框	dialog	normal	pending		5		
GAME.TXT:@KINGVICTORY	txt	對話框	dialog	conditional	pending		4		
GAME.TXT:@KINGWAR	txt	對話框	dialog	conditional	pending		4		
GAME.TXT:@KINGWELCOME0	txt	對話框	dialog	conditional	pending		2		
GAME.TXT:@KINGWIFE	txt	對話框	dialog	conditional	pending		4		
GAME.TXT:@KINGWIN	txt	結局	dialog	conditional	pending		4		
GAME.TXT:@KISSSORRY	txt	對話框	dialog	normal	pending		1		
GAME.TXT:@KISSUP	txt	對話框	dialog	normal	pending		5		
GAME.TXT:@LANDFALL	txt	海上地圖	dialog	normal	shown	confirmed	4	colony-interactions,frontend-audio,input-labels,orders-disabled-map-label,sea-menus-occlusion	
GAME.TXT:@LANDFALL2	txt	海上地圖	dialog	normal	shown	confirmed	5	colonizopedia,colony-interactions,colony-strings,dialog-body,europe-reports,frontend-audio,input-labels,orders-disabled-map-label,sea-menus-occlusion,tutorial-dialogs	
GAME.TXT:@LANDFIRST	txt	海上地圖	dialog	conditional	pending		3		
GAME.TXT:@LANDHO	txt	海上地圖	dialog	normal	shown	confirmed	3	colonizopedia,colony-interactions,colony-strings,dialog-body,europe-reports,frontend-audio,input-labels,orders-disabled-map-label,sea-menus-occlusion,tutorial-dialogs	
GAME.TXT:@LEADERNAME	txt	開局設定	dialog	normal	shown	confirmed	1	build-captions,colonizopedia,colony-interactions,colony-strings,dynamic-combined,dynamic-spots,europe-reports,frontend-audio,function-keys,input-labels,nation-cards-rest,options-followups,orders-disabled-map-label,regression,retire,sea-menus-occlusion,sea-status,tutorial-dialogs,tutorial-help	dialog-body
GAME.TXT:@LEARNALREADY	txt	原住民村落	dialog	normal	pending		4		
GAME.TXT:@LEARNCRIMINAL	txt	原住民村落	dialog	normal	pending		3		
GAME.TXT:@LEARNDONE	txt	原住民村落	dialog	normal	pending		4		
GAME.TXT:@LEARNLATER	txt	原住民村落	dialog	normal	pending		1		
GAME.TXT:@LEARNMAD	txt	原住民村落	dialog	normal	pending		4		
GAME.TXT:@LEARNMASTER	txt	原住民村落	dialog	normal	pending		5		
GAME.TXT:@LEARNSLOW	txt	原住民村落	dialog	normal	pending		5		
GAME.TXT:@LEARNSTAY	txt	原住民村落	dialog	normal	pending		5		
GAME.TXT:@LOADERROR	txt	存讀檔	dialog	conditional	pending		1		
GAME.TXT:@LOADGAME	txt	存讀檔	dialog	normal	shown	confirmed	1	save-load-slot-lists	
GAME.TXT:@LOADGOOD	txt	存讀檔	dialog	normal	shown	confirmed	1	load-good-notice	colony-abandon-cancel,colony-buy-insufficient,colony-buy-payable,colony-jobs-and-fathers,colony-profession-equipment,pedia-building-all,pedia-cargo-all,pedia-father-all,pedia-job-all,pedia-menu-boundary,pedia-terrain-all,pedia-unit-all
GAME.TXT:@LOADNOT	txt	存讀檔	dialog	conditional	pending		1		
GAME.TXT:@LOADOLD	txt	存讀檔	dialog	conditional	pending		1		
GAME.TXT:@LOADSIZE	txt	存讀檔	dialog	conditional	pending		2		
GAME.TXT:@LOBOTOMIZE	txt	殖民地	dialog	conditional	pending		4		
GAME.TXT:@LOOT	txt	戰鬥	dialog	conditional	pending		3		
GAME.TXT:@LOOT2	txt	戰鬥	dialog	conditional	pending		1		
GAME.TXT:@LOOTCAPTURE	txt	戰鬥	dialog	conditional	pending		1		
GAME.TXT:@LOOTCASH	txt	戰鬥	dialog	conditional	pending		2		
GAME.TXT:@LOOTFOREIGN	txt	戰鬥	dialog	conditional	pending		2		
GAME.TXT:@LOOTWAGONS	txt	戰鬥	dialog	conditional	pending		1		
GAME.TXT:@LOSENOCOLONIES	txt	結局	dialog	conditional	pending		3		
GAME.TXT:@LOSING1	txt	獨立戰爭	dialog	conditional	pending		4		
GAME.TXT:@LOSING2	txt	獨立戰爭	dialog	conditional	pending		4		
GAME.TXT:@LOSING3	txt	獨立戰爭	dialog	conditional	pending		4		
GAME.TXT:@LOSTCITY0	txt	海上地圖	dialog	normal	pending		1		
GAME.TXT:@LOSTCITY1	txt	海上地圖	dialog	normal	pending		3		
GAME.TXT:@LOSTCITY2	txt	海上地圖	dialog	normal	pending		4		
GAME.TXT:@LOSTCITY3	txt	海上地圖	dialog	normal	pending		2		
GAME.TXT:@LOSTCITY4	txt	海上地圖	dialog	normal	pending		4		
GAME.TXT:@LOSTCITY5	txt	海上地圖	dialog	normal	pending		2		
GAME.TXT:@LOSTCITY6	txt	海上地圖	dialog	normal	pending		1		
GAME.TXT:@LOSTCITY7	txt	海上地圖	dialog	normal	pending		3		
GAME.TXT:@LOSTCITY8	txt	海上地圖	dialog	normal	pending		2		
GAME.TXT:@LOSTCITY9	txt	海上地圖	dialog	normal	pending		3		
GAME.TXT:@LOSTOURSCOUTS	txt	外交	dialog	conditional	pending		2		
GAME.TXT:@LOSTTHEIRSCOUTS	txt	外交	dialog	conditional	pending		3		
GAME.TXT:@LUMBER	txt	對話框	dialog	normal	pending		2		
GAME.TXT:@MADATSHIPS	txt	原住民村落	dialog	conditional	pending		4		
GAME.TXT:@MADATWAGONS	txt	原住民村落	dialog	conditional	pending		2		
GAME.TXT:@MAPTOLOAD	txt	開局設定	dialog	conditional	pending		1		
GAME.TXT:@MAYBEWITHDRAW	txt	外交	dialog	conditional	pending		6		
GAME.TXT:@MEEKNESS	txt	外交	dialog	conditional	pending		2		
GAME.TXT:@MERCANTILISM	txt	對話框	dialog	conditional	pending		5		
GAME.TXT:@MERCENARIES	txt	獨立戰爭	dialog	conditional	pending		5		
GAME.TXT:@MERCENARY	txt	外交	dialog	conditional	pending		1		
GAME.TXT:@MERCS	txt	獨立戰爭	dialog	conditional	pending		1		
GAME.TXT:@MILITARY	txt	外交	dialog	conditional	pending		1		
GAME.TXT:@MISSION0	txt	原住民村落	dialog	conditional	pending		2		
GAME.TXT:@MISSION1	txt	原住民村落	dialog	conditional	pending		2		
GAME.TXT:@MISSION2	txt	原住民村落	dialog	conditional	pending		2		
GAME.TXT:@MISSION3	txt	原住民村落	dialog	conditional	pending		2		
GAME.TXT:@MOBILIZE	txt	獨立戰爭	dialog	conditional	pending		2		
GAME.TXT:@MOBILIZE2	txt	獨立戰爭	dialog	conditional	pending		2		
GAME.TXT:@MORETHANTHREE	txt	對話框	dialog	normal	pending		2		
GAME.TXT:@MULTI	txt	對話框	dialog	unreachable	unreachable		2		
GAME.TXT:@MULTINEXT	txt	對話框	dialog	unreachable	unreachable		2		
GAME.TXT:@MULTIREV	txt	對話框	dialog	unreachable	unreachable		6		
GAME.TXT:@MYLEADER	txt	外交	dialog	conditional	pending		4		
GAME.TXT:@NATION0A	txt	國家介紹	nation	normal	shown	confirmed	14	dynamic-combined,england-intro,options-followups,regression	colonizopedia,colony-interactions,colony-strings,dialog-body,dynamic-spots,europe-reports,frontend-audio,input-labels,orders-disabled-map-label,sea-menus-occlusion,tutorial-dialogs
GAME.TXT:@NATION0B	txt	國家介紹	nation	normal	shown	confirmed	4	dynamic-combined,england-intro,options-followups,regression	colonizopedia,colony-interactions,colony-strings,dialog-body,dynamic-spots,europe-reports,frontend-audio,input-labels,orders-disabled-map-label,sea-menus-occlusion,tutorial-dialogs
GAME.TXT:@NATION1A	txt	國家介紹	nation	normal	shown	confirmed	14	options-followups,other-intros	
GAME.TXT:@NATION1B	txt	國家介紹	nation	normal	shown	confirmed	4	options-followups,other-intros	
GAME.TXT:@NATION2A	txt	國家介紹	nation	normal	shown	confirmed	15	options-followups,other-intros	
GAME.TXT:@NATION2B	txt	國家介紹	nation	normal	shown	confirmed	4	options-followups,other-intros	
GAME.TXT:@NATION3A	txt	國家介紹	nation	normal	shown	confirmed	15	options-followups,other-intros	
GAME.TXT:@NATION3B	txt	國家介紹	nation	normal	shown	confirmed	6	options-followups,other-intros	
GAME.TXT:@NEEDCOLLEGE	txt	殖民地	dialog	conditional	pending		2		
GAME.TXT:@NEEDTOOLS	txt	對話框	dialog	normal	pending		3		
GAME.TXT:@NEEDTOOLS0	txt	對話框	dialog	normal	pending		3		
GAME.TXT:@NEEDUNIVERSITY	txt	殖民地	dialog	conditional	pending		2		
GAME.TXT:@NEWCOLONIST	txt	對話框	dialog	normal	pending		1		
GAME.TXT:@NOCITY	txt	海上地圖	dialog	conditional	shown	confirmed	1	orders-disabled-map-label,sea-menus-occlusion	frontend-audio,input-labels
GAME.TXT:@NOCOLONIESEITHER	txt	獨立戰爭	dialog	conditional	pending		1		
GAME.TXT:@NOCONTACT	txt	外交	dialog	conditional	pending		1		
GAME.TXT:@NODOCKS	txt	殖民地	dialog	normal	shown	confirmed	2	colony-fisherman-no-docks	
GAME.TXT:@NOLOOT	txt	戰鬥	dialog	conditional	pending		2		
GAME.TXT:@NOMAYORSDURINGREV	txt	獨立戰爭	dialog	conditional	pending		1		
GAME.TXT:@NOMOREWAGONS	txt	殖民地	dialog	conditional	pending		3		
GAME.TXT:@NOMOREWAREHOUSE	txt	殖民地	dialog	conditional	pending		3		
GAME.TXT:@NOPLOW	txt	海上地圖	dialog	conditional	pending		1		
GAME.TXT:@NOPORT	txt	海上地圖	dialog	conditional	pending		7		
GAME.TXT:@NOROAD	txt	海上地圖	dialog	conditional	pending		2		
GAME.TXT:@NOTEACHER	txt	殖民地	dialog	conditional	pending		1		
GAME.TXT:@NOTENOUGH	txt	原住民村落	dialog	conditional	pending		2		
GAME.TXT:@NOTHINGWITHDRAW	txt	外交	dialog	conditional	pending		1		
GAME.TXT:@NOTWITHDRAW	txt	外交	dialog	conditional	pending		2		
GAME.TXT:@NOWARSDURINGREV	txt	獨立戰爭	dialog	conditional	pending		1		
GAME.TXT:@OLDPEACEMANLY	txt	外交	dialog	conditional	pending		6		
GAME.TXT:@OLDPEACEMEEK	txt	外交	dialog	conditional	pending		7		
GAME.TXT:@ONLYCOL	txt	海上地圖	dialog	conditional	pending		2		
GAME.TXT:@ONLYPIO	txt	海上地圖	dialog	conditional	pending		2		
GAME.TXT:@ORDINAL	txt	對話框	dialog	normal	pending		30		
GAME.TXT:@ORE	txt	對話框	dialog	normal	pending		2		
GAME.TXT:@OTHERGRANTED	txt	外交	dialog	conditional	pending		3		
GAME.TXT:@OTHERLESS	txt	外交	dialog	conditional	pending		3		
GAME.TXT:@OTHERMIGHT	txt	外交	dialog	conditional	pending		5		
GAME.TXT:@OVERBOARD	txt	戰鬥	dialog	conditional	pending		1		
GAME.TXT:@PEACEMANLY	txt	外交	dialog	conditional	pending		8		
GAME.TXT:@PEACEMEEK	txt	外交	dialog	conditional	pending		8		
GAME.TXT:@PEACEUSA	txt	外交	dialog	conditional	pending		6		
GAME.TXT:@PICKACARGO	txt	戰鬥	dialog	conditional	pending		1		
GAME.TXT:@PICKINDEPENDENCE	txt	對話框	dialog	normal	pending		6		
GAME.TXT:@PICKINDIAN	txt	對話框	dialog	normal	pending		5		
GAME.TXT:@PICKMILITARY	txt	對話框	dialog	normal	pending		5		
GAME.TXT:@PICKMUSIC	txt	對話框	dialog	normal	pending		16		
GAME.TXT:@PICKNATION	txt	開局設定	nation	normal	pending		5		
GAME.TXT:@PIRACY	txt	外交	dialog	conditional	pending		5		
GAME.TXT:@PIRACYUSA	txt	外交	dialog	conditional	pending		5		
GAME.TXT:@PISS0	txt	外交	dialog	conditional	pending		1		
GAME.TXT:@PISS1	txt	外交	dialog	conditional	pending		2		
GAME.TXT:@PISS2	txt	外交	dialog	conditional	pending		2		
GAME.TXT:@PISS3	txt	外交	dialog	conditional	pending		2		
GAME.TXT:@PISS4	txt	外交	dialog	conditional	pending		2		
GAME.TXT:@PISS5	txt	外交	dialog	conditional	pending		3		
GAME.TXT:@PRICEDOWN	txt	對話框	dialog	normal	pending		1		
GAME.TXT:@PRICEUP	txt	對話框	dialog	normal	pending		1		
GAME.TXT:@PROVOKE	txt	外交	dialog	conditional	pending		1		
GAME.TXT:@PURCHASE	txt	歐洲港口	dialog	normal	shown	confirmed	2	europe-cancel-and-report-fields,europe-reports	
GAME.TXT:@PURCHASETAX	txt	對話框	dialog	conditional	pending		3		
GAME.TXT:@RAIDBURN	txt	戰鬥	dialog	conditional	pending		2		
GAME.TXT:@RAIDGOLD	txt	戰鬥	dialog	conditional	pending		2		
GAME.TXT:@RAIDNOTHING	txt	戰鬥	dialog	conditional	pending		2		
GAME.TXT:@RAIDSCALP	txt	戰鬥	dialog	conditional	pending		2		
GAME.TXT:@RAIDSHIP	txt	戰鬥	dialog	conditional	pending		2		
GAME.TXT:@RAIDSTORES	txt	戰鬥	dialog	conditional	pending		2		
GAME.TXT:@RAIDWREAK	txt	戰鬥	dialog	conditional	pending		2		
GAME.TXT:@REALLYBUY	txt	歐洲港口	dialog	normal	shown	confirmed	3	europe-artillery-purchase	
GAME.TXT:@REBELDOWN	txt	對話框	dialog	conditional	pending		3		
GAME.TXT:@REBELMAJORITY	txt	對話框	dialog	conditional	pending		4		
GAME.TXT:@REBELUNANIMOUS	txt	對話框	dialog	conditional	pending		4		
GAME.TXT:@REBELUP	txt	對話框	dialog	conditional	pending		5		
GAME.TXT:@REBELUP50	txt	對話框	dialog	conditional	pending		4		
GAME.TXT:@RECRUIT	txt	歐洲港口	dialog	normal	shown	confirmed	4	europe-cancel-and-report-fields,europe-reports	
GAME.TXT:@RECRUIT2	txt	歐洲港口	dialog	normal	pending		2		
GAME.TXT:@RECRUITCHOOSE	txt	歐洲港口	dialog	conditional	pending		5		
GAME.TXT:@REFIT	txt	對話框	dialog	conditional	pending		1		
GAME.TXT:@RENAMECOLONY	txt	殖民地	dialog	conditional	shown	confirmed	2	colony-rename-cancel	
GAME.TXT:@RETIRE	txt	對話框	dialog	normal	shown	confirmed	3	colonizopedia,colony-interactions,colony-strings,europe-artillery-purchase,europe-reports,frontend-audio,input-labels,orders-disabled-map-label,retire,sea-menus-occlusion,tutorial-dialogs	
GAME.TXT:@RETIRING	txt	結局	dialog	conditional	pending		3		
GAME.TXT:@RETIRING2	txt	結局	dialog	conditional	pending		3		
GAME.TXT:@RID	txt	外交	dialog	conditional	pending		2		
GAME.TXT:@RIDUSA	txt	外交	dialog	conditional	pending		2		
GAME.TXT:@ROUTELOOP	txt	對話框	dialog	conditional	pending		2		
GAME.TXT:@SAILAWAY	txt	歐洲港口	dialog	normal	pending		4		
GAME.TXT:@SAILHOME	txt	海上地圖	dialog	normal	pending		5		
GAME.TXT:@SAILPORT	txt	對話框	dialog	conditional	pending		1		
GAME.TXT:@SAVEERROR	txt	存讀檔	dialog	conditional	pending		1		
GAME.TXT:@SAVEGAME	txt	存讀檔	dialog	normal	shown	confirmed	1	save-load-slot-lists	
GAME.TXT:@SAVEGOOD	txt	存讀檔	dialog	normal	shown	confirmed	1	save-good-notice	
GAME.TXT:@SCHOOL1	txt	殖民地	dialog	conditional	pending		2		
GAME.TXT:@SCORE	txt	結局	string	conditional	pending		24		
GAME.TXT:@SCORED	txt	結局	dialog	conditional	pending		3		
GAME.TXT:@SCOUTCOLONY	txt	外交	dialog	conditional	pending		6		
GAME.TXT:@SCREWED	txt	海上地圖	dialog	normal	pending		4		
GAME.TXT:@SEACOLONY	txt	海上地圖	dialog	conditional	shown	confirmed	2	colonizopedia,colony-interactions,colony-strings,europe-reports,frontend-audio,input-labels,orders-disabled-map-label,sea-menus-occlusion	tutorial-dialogs
GAME.TXT:@SEIZURE	txt	獨立戰爭	dialog	conditional	pending		1		
GAME.TXT:@SEIZURELAND	txt	獨立戰爭	dialog	conditional	pending		1		
GAME.TXT:@SEIZURESEA	txt	獨立戰爭	dialog	conditional	pending		1		
GAME.TXT:@SHIPCOMBAT	txt	海上地圖	dialog	conditional	pending		1		
GAME.TXT:@SHIPDAMAGE	txt	戰鬥	dialog	conditional	pending		1		
GAME.TXT:@SHIPLAKE	txt	海上地圖	dialog	conditional	pending		1		
GAME.TXT:@SHIPOPTIONS	txt	殖民地	dialog	normal	shown	confirmed	6	colony-cargo-ship-options,colony-harbor-ship-options	
GAME.TXT:@SHIPRUN	txt	戰鬥	dialog	conditional	pending		1		
GAME.TXT:@SHIPSLOW	txt	戰鬥	dialog	conditional	pending		1		
GAME.TXT:@SHIPSUNK	txt	戰鬥	dialog	conditional	pending		1		
GAME.TXT:@SIEGE	txt	殖民地	dialog	conditional	pending		3		
GAME.TXT:@SIEGES	txt	外交	dialog	conditional	pending		5		
GAME.TXT:@SIEGESUSA	txt	外交	dialog	conditional	pending		7		
GAME.TXT:@SIGNTREATY	txt	外交	dialog	conditional	pending		1		
GAME.TXT:@SMITEEUROPE	txt	外交	dialog	conditional	pending		5		
GAME.TXT:@SMITEINDIANS	txt	外交	dialog	conditional	pending		4		
GAME.TXT:@SNEAK	txt	外交	dialog	conditional	pending		1		
GAME.TXT:@SOMEBOYCOTT	txt	對話框	dialog	conditional	pending		3		
GAME.TXT:@SONSDOWN	txt	對話框	dialog	conditional	pending		5		
GAME.TXT:@SONSUP	txt	對話框	dialog	conditional	pending		3		
GAME.TXT:@SOONRETIRING0	txt	結局	dialog	conditional	pending		3		
GAME.TXT:@SOONRETIRING1	txt	結局	dialog	conditional	pending		3		
GAME.TXT:@SOUNDOPTIONS	txt	對話框	dialog	normal	pending		4		
GAME.TXT:@SPOIL1	txt	對話框	dialog	normal	pending		3		
GAME.TXT:@SPOIL2	txt	對話框	dialog	normal	pending		3		
GAME.TXT:@SPOIL3	txt	對話框	dialog	normal	pending		2		
GAME.TXT:@SPOIL4	txt	對話框	dialog	normal	pending		2		
GAME.TXT:@STARVE1	txt	對話框	dialog	conditional	pending		3		
GAME.TXT:@STARVE2	txt	對話框	dialog	conditional	pending		3		
GAME.TXT:@SUCCESSION	txt	外交	dialog	conditional	pending		4		
GAME.TXT:@SUREDELETE	txt	對話框	dialog	conditional	pending		3		
GAME.TXT:@SUREDISBAND	txt	殖民地	dialog	conditional	pending		3		
GAME.TXT:@TAXOPTIONS	txt	對話框	dialog	normal	pending		2		
GAME.TXT:@TEACHCONVERT	txt	殖民地	dialog	conditional	pending		1		
GAME.TXT:@TEAPARTY	txt	對話框	dialog	normal	pending		4		
GAME.TXT:@THREATS	txt	外交	dialog	conditional	pending		1		
GAME.TXT:@TIMECHANGE	txt	對話框	dialog	normal	pending		4		
GAME.TXT:@TOBACCO	txt	對話框	dialog	normal	pending		2		
GAME.TXT:@TOOLS	txt	對話框	dialog	normal	pending		2		
GAME.TXT:@TOOMANYCOLONIES	txt	對話框	dialog	conditional	pending		3		
GAME.TXT:@TOOMANYUNITS	txt	對話框	dialog	conditional	pending		3		
GAME.TXT:@TOOMOUNTAIN	txt	海上地圖	dialog	conditional	pending		2		
GAME.TXT:@TOONEAR	txt	海上地圖	dialog	conditional	pending		2		
GAME.TXT:@TOONEARBUILD	txt	海上地圖	dialog	conditional	pending		2		
GAME.TXT:@TOOTORY	txt	獨立戰爭	dialog	conditional	pending		3		
GAME.TXT:@TORYMAJORITY	txt	對話框	dialog	conditional	pending		4		
GAME.TXT:@TORYMINORITY	txt	對話框	dialog	conditional	pending		4		
GAME.TXT:@TORYUPRISING	txt	獨立戰爭	dialog	conditional	pending		1		
GAME.TXT:@TRADE0	txt	原住民村落	dialog	conditional	pending		7		
GAME.TXT:@TRADE1	txt	原住民村落	dialog	conditional	pending		6		
GAME.TXT:@TRADEATWAR	txt	外交	dialog	conditional	pending		3		
GAME.TXT:@TRADEDELETE	txt	對話框	dialog	conditional	pending		1		
GAME.TXT:@TRADEMANY	txt	對話框	dialog	conditional	pending		2		
GAME.TXT:@TRADEMERCANTILISM	txt	外交	dialog	conditional	pending		3		
GAME.TXT:@TRADENAME	txt	對話框	dialog	conditional	pending		2		
GAME.TXT:@TRADENAMES	txt	對話框	dialog	conditional	pending		5		
GAME.TXT:@TRADENOCARGO	txt	外交	dialog	conditional	pending		2		
GAME.TXT:@TRADENONE	txt	對話框	dialog	conditional	pending		1		
GAME.TXT:@TRADENONE2	txt	對話框	dialog	conditional	pending		1		
GAME.TXT:@TRADENOWANT	txt	外交	dialog	conditional	pending		2		
GAME.TXT:@TRADESELECT	txt	對話框	dialog	conditional	pending		1		
GAME.TXT:@TRADESTART	txt	對話框	dialog	conditional	pending		1		
GAME.TXT:@TRADETYPE	txt	對話框	dialog	conditional	pending		3		
GAME.TXT:@TRADEWHICH	txt	原住民村落	dialog	conditional	pending		1		
GAME.TXT:@TRADEWITH	txt	外交	dialog	conditional	pending		6		
GAME.TXT:@TRAINCRIMINAL	txt	對話框	dialog	conditional	pending		2		
GAME.TXT:@TRAINFAIL	txt	對話框	dialog	conditional	pending		5		
GAME.TXT:@TRAININDENTURED	txt	對話框	dialog	conditional	pending		2		
GAME.TXT:@TRAINPROFESSION	txt	對話框	dialog	conditional	pending		1		
GAME.TXT:@TRAVELPLACE	txt	對話框	dialog	conditional	pending		1		
GAME.TXT:@TRIBUTE	txt	外交	dialog	conditional	pending		6		
GAME.TXT:@TRIBUTEUSA	txt	外交	dialog	conditional	pending		6		
GAME.TXT:@TUTNOLUMBER	txt	教學提示	tutorial	conditional	pending		5		
GAME.TXT:@TUTNOSPACES	txt	教學提示	tutorial	conditional	pending		6		
GAME.TXT:@TUTORIAL1	txt	教學提示	tutorial	normal	shown	confirmed	4	dynamic-combined,tutorial-help	colonizopedia,colony-interactions,colony-strings,europe-reports,frontend-audio,input-labels,orders-disabled-map-label,sea-menus-occlusion,tutorial-dialogs
GAME.TXT:@TUTORIAL10	txt	教學提示	tutorial	normal	pending		5		
GAME.TXT:@TUTORIAL11	txt	教學提示	tutorial	normal	shown	confirmed	5	colonizopedia,colony-interactions,colony-strings,europe-reports,frontend-audio,input-labels,orders-disabled-map-label,sea-menus-occlusion,tutorial-dialogs	
GAME.TXT:@TUTORIAL12	txt	教學提示	tutorial	normal	shown	confirmed	7	colony-dock-arrival-tutorial	colony-harbor-ship-options
GAME.TXT:@TUTORIAL13	txt	教學提示	tutorial	normal	shown	confirmed	9	colony-buy-insufficient,colony-interactions,frontend-audio,input-labels,orders-disabled-map-label,sea-menus-occlusion,tutorial-dialogs	colonizopedia,colony-strings,europe-reports
GAME.TXT:@TUTORIAL14	txt	教學提示	tutorial	normal	shown	confirmed	7	colonizopedia,europe-reports,frontend-audio,input-labels,orders-disabled-map-label,sea-menus-occlusion,tutorial-dialogs	
GAME.TXT:@TUTORIAL15	txt	教學提示	tutorial	normal	pending		3		
GAME.TXT:@TUTORIAL16	txt	教學提示	tutorial	normal	pending		8		
GAME.TXT:@TUTORIAL17	txt	教學提示	tutorial	normal	shown	confirmed	11	europe-cancel-and-report-fields,europe-reports	
GAME.TXT:@TUTORIAL18	txt	教學提示	tutorial	normal	pending		7		
GAME.TXT:@TUTORIAL19	txt	教學提示	tutorial	conditional	pending		5		
GAME.TXT:@TUTORIAL2	txt	教學提示	tutorial	normal	shown	confirmed	2	colonizopedia,colony-interactions,colony-strings,europe-reports,frontend-audio,input-labels,orders-disabled-map-label,sea-menus-occlusion,tutorial-dialogs	
GAME.TXT:@TUTORIAL3	txt	教學提示	tutorial	normal	pending		2		
GAME.TXT:@TUTORIAL4	txt	教學提示	tutorial	normal	shown	confirmed	7	colonizopedia,colony-buy-insufficient,colony-interactions,colony-strings,europe-reports,frontend-audio,input-labels,orders-disabled-map-label,sea-menus-occlusion	
GAME.TXT:@TUTORIAL5	txt	教學提示	tutorial	normal	shown	confirmed	3	tutorial-dialogs	
GAME.TXT:@TUTORIAL6	txt	教學提示	tutorial	normal	pending		3		
GAME.TXT:@TUTORIAL7	txt	教學提示	tutorial	normal	pending		9		
GAME.TXT:@TUTORIAL8	txt	教學提示	tutorial	normal	pending		3		
GAME.TXT:@TUTORIAL9	txt	教學提示	tutorial	normal	pending		5		
GAME.TXT:@UNFORTUNATE	txt	外交	dialog	conditional	pending		2		
GAME.TXT:@UNITFLAG	txt	除錯	dialog	unreachable	unreachable		1		
GAME.TXT:@UNITOPTIONS	txt	殖民地	dialog	normal	shown	confirmed	5	colony-fortified-unit-options,colony-soldier-unit-options	
GAME.TXT:@UNIV3	txt	殖民地	dialog	conditional	pending		2		
GAME.TXT:@UNREST	txt	對話框	dialog	normal	shown	confirmed	2	tutorial-dialogs	
GAME.TXT:@UPKEEP	txt	對話框	dialog	conditional	pending		3		
GAME.TXT:@USEDUPTOOLS	txt	對話框	dialog	normal	pending		2		
GAME.TXT:@VALOR	txt	戰鬥	dialog	conditional	pending		3		
GAME.TXT:@VANISH	txt	對話框	dialog	conditional	pending		3		
GAME.TXT:@VETERAN	txt	戰鬥	dialog	conditional	pending		2		
GAME.TXT:@VICEROY	txt	開場字幕	dialog	normal	shown	confirmed	8	colonizopedia,colony-interactions,colony-strings,dynamic-spots,europe-reports,frontend-audio,input-labels,orders-disabled-map-label,sea-menus-occlusion,tutorial-dialogs	
GAME.TXT:@VICEROY2	txt	開場字幕	dialog	conditional	pending		8		
GAME.TXT:@VILLAGEBAD	txt	原住民村落	dialog	normal	pending		3		
GAME.TXT:@VILLAGEHAPPY	txt	原住民村落	dialog	normal	pending		3		
GAME.TXT:@VILLAGEMEDIUM	txt	原住民村落	dialog	normal	pending		4		
GAME.TXT:@VILLAGESAVAGE	txt	原住民村落	dialog	normal	pending		5		
GAME.TXT:@VILLAGEWAR	txt	原住民村落	dialog	normal	pending		4		
GAME.TXT:@VIOLATE	txt	外交	dialog	conditional	pending		2		
GAME.TXT:@WAGONCAPTURE	txt	戰鬥	dialog	conditional	pending		1		
GAME.TXT:@WANTSTUFF	txt	外交	dialog	conditional	pending		5		
GAME.TXT:@WANTSTUFFUSA	txt	外交	dialog	conditional	pending		5		
GAME.TXT:@WAREHOUSEFULL	txt	對話框	dialog	conditional	pending		6		
GAME.TXT:@WARMANLY	txt	外交	dialog	conditional	pending		3		
GAME.TXT:@WARMEEK	txt	外交	dialog	conditional	pending		2		
GAME.TXT:@WARN1	txt	獨立戰爭	dialog	conditional	pending		3		
GAME.TXT:@WARN2	txt	獨立戰爭	dialog	conditional	pending		3		
GAME.TXT:@WARN3	txt	獨立戰爭	dialog	conditional	pending		3		
GAME.TXT:@WELLSEASONED	txt	對話框	dialog	conditional	pending		1		
GAME.TXT:@WHACKINDIANS	txt	原住民村落	dialog	conditional	pending		3		
GAME.TXT:@WHICHFREEDOM	txt	國會與建國之父	dialog	normal	shown	confirmed	2	colony-buy-payable,colony-jobs-and-fathers	
GAME.TXT:@WINNING	txt	獨立戰爭	dialog	conditional	pending		6		
GAME.TXT:@WITHDRAW	txt	外交	dialog	conditional	pending		1		
GAME.TXT:@WORTHY	txt	外交	dialog	conditional	pending		6		
LABELS.TXT:@CMESSAGE:0x00000C2C	txt	歐洲港口	string	normal	pending		1		
LABELS.TXT:@CMESSAGE:0x00000C38	txt	歐洲港口	string	normal	pending		1		
LABELS.TXT:@CMESSAGE:0x00000C42	txt	歐洲港口	string	normal	shown	confirmed	1	colony-cargo-messages	
LABELS.TXT:@CMESSAGE:0x00000C4C	txt	歐洲港口	string	normal	pending		1		
LABELS.TXT:@CMESSAGE:0x00000C56	txt	歐洲港口	string	normal	pending		1		
LABELS.TXT:@CMESSAGE:0x00000C63	txt	歐洲港口	string	normal	pending		1		
LABELS.TXT:@CMESSAGE:0x00000C79	txt	歐洲港口	string	normal	pending		1		
LABELS.TXT:@CMESSAGE:0x00000C85	txt	歐洲港口	string	normal	pending		1		
LABELS.TXT:@CMESSAGE:0x00000C9A	txt	歐洲港口	string	normal	pending		1		
LABELS.TXT:@CMESSAGE:0x00000CAA	txt	歐洲港口	string	normal	pending		1		
LABELS.TXT:@CMESSAGE:0x00000CAE	txt	歐洲港口	string	normal	pending		1		
LABELS.TXT:@CMESSAGE:0x00000CBE	txt	歐洲港口	string	normal	pending		1		
LABELS.TXT:@CMESSAGE:0x00000CD4	txt	歐洲港口	string	normal	pending		1		
LABELS.TXT:@CMESSAGE:0x00000CD8	txt	歐洲港口	string	normal	pending		1		
LABELS.TXT:@CMESSAGE:0x00000CE0	txt	歐洲港口	string	normal	pending		1		
LABELS.TXT:@CMESSAGE:0x00000CE9	txt	歐洲港口	string	normal	shown	confirmed	1	colony-cargo-messages	
LABELS.TXT:@CMESSAGE:0x00000CF2	txt	歐洲港口	string	normal	pending		1		
LABELS.TXT:@CMESSAGE:0x00000CFD	txt	歐洲港口	string	normal	pending		1		
LABELS.TXT:@CMESSAGE:0x00000D05	txt	歐洲港口	string	normal	pending		1		
LABELS.TXT:@CMISC:0x00000B77	txt	殖民地	string	normal	pending		1		
LABELS.TXT:@CMISC:0x00000B8C	txt	殖民地	string	normal	pending		1		
LABELS.TXT:@CMISC:0x00000B9B	txt	殖民地	string	normal	pending		1		
LABELS.TXT:@CTITLE:0x00000BAC	txt	殖民地	string	normal	pending		1		
LABELS.TXT:@CTITLE:0x00000BB2	txt	殖民地	string	normal	shown	強推論	1	colonizopedia,colony-buy-insufficient,colony-interactions,colony-strings,dynamic-combined,dynamic-spots,europe-reports,frontend-audio,function-keys,input-labels,orders-disabled-map-label,pedia-building-all,pedia-cargo-all,pedia-father-all,pedia-job-all,pedia-menu-boundary,pedia-terrain-all,pedia-unit-all,sea-menus-occlusion,sea-status,tutorial-dialogs	
LABELS.TXT:@CTITLE:0x00000BB9	txt	殖民地	string	normal	shown	confirmed	1	colony-buy-insufficient,colony-interactions	
LABELS.TXT:@CTITLE:0x00000BBE	txt	殖民地	string	normal	shown	confirmed	1	colony-buy-insufficient,colony-interactions	colony-buy-payable
LABELS.TXT:@CTITLE:0x00000BC6	txt	殖民地	string	normal	shown	confirmed	1	colony-interactions	
LABELS.TXT:@CTITLE:0x00000BDF	txt	殖民地	string	normal	pending		1		
LABELS.TXT:@CTITLE:0x00000BF0	txt	殖民地	string	normal	pending		1		
LABELS.TXT:@CTITLE:0x00000BF8	txt	殖民地	string	normal	pending		1		
LABELS.TXT:@CTITLE:0x00000C00	txt	殖民地	string	normal	pending		1		
LABELS.TXT:@CTITLE:0x00000C19	txt	殖民地	string	normal	shown	強推論	1	colonizopedia,colony-buy-insufficient,colony-interactions,colony-strings,dynamic-combined,dynamic-spots,europe-reports,frontend-audio,function-keys,input-labels,orders-disabled-map-label,pedia-building-all,pedia-cargo-all,pedia-father-all,pedia-job-all,pedia-menu-boundary,pedia-terrain-all,pedia-unit-all,sea-menus-occlusion,sea-status,tutorial-dialogs	
LABELS.TXT:@EUROLABEL:0x00000D1B	txt	歐洲港口	string	normal	shown	confirmed	1	europe-cancel-and-report-fields,europe-reports	
LABELS.TXT:@EUROLABEL:0x00000D24	txt	歐洲港口	string	normal	shown	confirmed	1	europe-cancel-and-report-fields,europe-reports	
LABELS.TXT:@EUROLABEL:0x00000D2E	txt	歐洲港口	string	normal	shown	confirmed	1	europe-cancel-and-report-fields,europe-reports	
LABELS.TXT:@EUROLABEL:0x00000D35	txt	歐洲港口	string	normal	pending		1		
LABELS.TXT:@INFO:0x000000C0	txt	海上地圖	string	normal	shown	強推論	1	colonizopedia,colony-buy-insufficient,colony-interactions,colony-strings,dynamic-combined,dynamic-spots,europe-reports,frontend-audio,function-keys,input-labels,orders-disabled-map-label,pedia-building-all,pedia-cargo-all,pedia-father-all,pedia-job-all,pedia-menu-boundary,pedia-terrain-all,pedia-unit-all,sea-menus-occlusion,sea-status,tutorial-dialogs	
LABELS.TXT:@INFO:0x000000C8	txt	海上地圖	string	normal	shown	強推論	1	colonizopedia,colony-buy-insufficient,colony-interactions,colony-strings,dynamic-combined,dynamic-spots,europe-reports,frontend-audio,function-keys,input-labels,orders-disabled-map-label,pedia-building-all,pedia-cargo-all,pedia-father-all,pedia-job-all,pedia-menu-boundary,pedia-terrain-all,pedia-unit-all,sea-menus-occlusion,sea-status,tutorial-dialogs	
LABELS.TXT:@INFO:0x000000D0	txt	海上地圖	string	normal	pending		1		
LABELS.TXT:@INFO:0x000000D7	txt	海上地圖	string	normal	pending		1		
LABELS.TXT:@MISC:0x000000E7	txt	多畫面共用	string	normal	pending		1		
LABELS.TXT:@MISC:0x000000EA	txt	多畫面共用	string	normal	pending		1		
LABELS.TXT:@MISC:0x000000EE	txt	多畫面共用	string	normal	pending		1		
LABELS.TXT:@MISC:0x000000FB	txt	多畫面共用	string	normal	pending		1		
LABELS.TXT:@MISC:0x00000101	txt	多畫面共用	string	normal	pending		1		
LABELS.TXT:@MISC:0x00000109	txt	多畫面共用	string	normal	pending		1		
LABELS.TXT:@MISC:0x00000116	txt	多畫面共用	string	normal	shown	強推論	1	colonizopedia,colony-buy-insufficient,colony-interactions,colony-strings,dynamic-combined,dynamic-spots,europe-reports,frontend-audio,function-keys,input-labels,orders-disabled-map-label,pedia-building-all,pedia-cargo-all,pedia-father-all,pedia-job-all,pedia-menu-boundary,pedia-terrain-all,pedia-unit-all,sea-menus-occlusion,sea-status,tutorial-dialogs	
LABELS.TXT:@MISC:0x00000124	txt	多畫面共用	string	normal	pending		1		
LABELS.TXT:@MISC:0x00000135	txt	多畫面共用	string	normal	pending		1		
LABELS.TXT:@MISC:0x0000013F	txt	多畫面共用	string	normal	shown	confirmed	1	europe-cancel-and-report-fields,europe-reports	
LABELS.TXT:@MISC:0x0000014E	txt	多畫面共用	string	normal	shown	confirmed	1	europe-cancel-and-report-fields,europe-reports	
LABELS.TXT:@MISC:0x00000159	txt	多畫面共用	string	normal	shown	confirmed	1	colonizopedia,colony-abandon-cancel,colony-buy-insufficient,colony-buy-payable,colony-interactions,colony-jobs-and-fathers,colony-profession-equipment,colony-strings,europe-cancel-and-report-fields,europe-reports,frontend-audio,input-labels,orders-disabled-map-label,sea-menus-occlusion	
LABELS.TXT:@MISC:0x0000016B	txt	多畫面共用	string	normal	pending		1		
LABELS.TXT:@MISC:0x0000017D	txt	多畫面共用	string	normal	pending		1		
LABELS.TXT:@MISC:0x00000188	txt	多畫面共用	string	normal	pending		1		
LABELS.TXT:@MISC:0x0000019D	txt	多畫面共用	string	normal	pending		1		
LABELS.TXT:@MISC:0x000001A9	txt	多畫面共用	string	normal	pending		1		
LABELS.TXT:@MISC:0x000001AF	txt	多畫面共用	string	normal	pending		1		
LABELS.TXT:@MISC:0x000001B7	txt	多畫面共用	string	normal	pending		1		
LABELS.TXT:@MISC:0x000001D6	txt	多畫面共用	string	normal	pending		1		
LABELS.TXT:@MISC:0x000001F1	txt	多畫面共用	string	normal	pending		1		
LABELS.TXT:@MISC:0x00000205	txt	多畫面共用	string	normal	shown	confirmed	1	colony-cargo-messages,europe-dock-purchase	
LABELS.TXT:@MISC:0x0000020E	txt	多畫面共用	string	normal	pending		1		
LABELS.TXT:@MISC:0x00000219	txt	多畫面共用	string	normal	pending		1		
LABELS.TXT:@MISC:0x0000021F	txt	多畫面共用	string	normal	pending		1		
LABELS.TXT:@MISC:0x00000223	txt	多畫面共用	string	normal	pending		1		
LABELS.TXT:@MISC:0x0000022C	txt	多畫面共用	string	normal	pending		1		
LABELS.TXT:@MISC:0x00000236	txt	多畫面共用	string	normal	shown	confirmed	1	europe-cancel-and-report-fields,europe-reports	
LABELS.TXT:@MISC:0x0000024D	txt	多畫面共用	string	normal	shown	confirmed	1	europe-cancel-and-report-fields,europe-reports	
LABELS.TXT:@MISC:0x00000267	txt	多畫面共用	string	normal	pending		1		
LABELS.TXT:@MISC:0x0000026D	txt	多畫面共用	string	normal	pending		1		
LABELS.TXT:@MISC:0x00000276	txt	多畫面共用	string	normal	pending		1		
LABELS.TXT:@MISC:0x0000027C	txt	多畫面共用	string	normal	pending		1		
LABELS.TXT:@MISC:0x0000028C	txt	多畫面共用	string	normal	pending		1		
LABELS.TXT:@MISC:0x0000029D	txt	多畫面共用	string	normal	pending		1		
LABELS.TXT:@MISC:0x000002A2	txt	多畫面共用	string	normal	shown	confirmed	1	europe-cancel-and-report-fields,europe-reports	
LABELS.TXT:@MISC:0x000002C3	txt	多畫面共用	string	normal	pending		1		
LABELS.TXT:@MISC:0x000002D2	txt	多畫面共用	string	normal	pending		1		
LABELS.TXT:@MISC:0x000002DE	txt	多畫面共用	string	normal	pending		1		
LABELS.TXT:@MISC:0x000002E4	txt	多畫面共用	string	normal	pending		1		
LABELS.TXT:@MISC:0x000002EC	txt	多畫面共用	string	normal	pending		1		
LABELS.TXT:@MISC:0x000002F3	txt	多畫面共用	string	normal	pending		1		
LABELS.TXT:@MISC:0x000002FD	txt	多畫面共用	string	normal	pending		1		
LABELS.TXT:@MISC:0x00000310	txt	多畫面共用	string	normal	pending		1		
LABELS.TXT:@MISC:0x0000031D	txt	多畫面共用	string	normal	shown	confirmed	1	europe-cancel-and-report-fields,europe-reports	trade-grid-land,trade-grid-sea,trade-route-land,trade-route-sea
LABELS.TXT:@MISC:0x00000321	txt	多畫面共用	string	normal	pending		1		
LABELS.TXT:@MISC:0x00000328	txt	多畫面共用	string	normal	pending		1		
LABELS.TXT:@MISC:0x0000032D	txt	多畫面共用	string	normal	shown	confirmed	1	europe-cancel-and-report-fields,europe-reports	
LABELS.TXT:@MISC:0x00000343	txt	多畫面共用	string	normal	shown	confirmed	1	europe-cancel-and-report-fields,europe-reports	
LABELS.TXT:@MISC:0x0000035C	txt	多畫面共用	string	normal	shown	confirmed	1	europe-cancel-and-report-fields,europe-reports	
LABELS.TXT:@MISC:0x00000373	txt	多畫面共用	string	normal	shown	confirmed	1	europe-cancel-and-report-fields,europe-reports	
LABELS.TXT:@MISC:0x00000389	txt	多畫面共用	string	normal	pending		1		
LABELS.TXT:@MISC:0x000003A0	txt	多畫面共用	string	normal	pending		1		
LABELS.TXT:@MISC:0x000003AD	txt	多畫面共用	string	normal	pending		1		
LABELS.TXT:@MISC:0x000003BA	txt	多畫面共用	string	normal	shown	confirmed	1	europe-cancel-and-report-fields,europe-reports	
LABELS.TXT:@MISC:0x000003D3	txt	多畫面共用	string	normal	pending		1		
LABELS.TXT:@MISC:0x000003D6	txt	多畫面共用	string	normal	shown	confirmed	1	europe-cancel-and-report-fields,europe-reports	
LABELS.TXT:@MISC:0x000003DC	txt	多畫面共用	string	normal	pending		1		
LABELS.TXT:@MISC:0x000003E2	txt	多畫面共用	string	normal	pending		1		
LABELS.TXT:@MISC:0x000003ED	txt	多畫面共用	string	normal	pending		1		
LABELS.TXT:@MISC:0x000003F3	txt	多畫面共用	string	normal	pending		1		
LABELS.TXT:@MISC:0x000003FA	txt	多畫面共用	string	normal	shown	confirmed	1	europe-cancel-and-report-fields,europe-reports	
LABELS.TXT:@MISC:0x00000404	txt	多畫面共用	string	normal	pending		1		
LABELS.TXT:@MISC:0x00000411	txt	多畫面共用	string	normal	shown	強推論	1	colonizopedia,colony-buy-insufficient,colony-interactions,colony-strings,dynamic-combined,dynamic-spots,europe-reports,frontend-audio,function-keys,input-labels,orders-disabled-map-label,pedia-building-all,pedia-cargo-all,pedia-father-all,pedia-job-all,pedia-menu-boundary,pedia-terrain-all,pedia-unit-all,sea-menus-occlusion,sea-status,tutorial-dialogs	
LABELS.TXT:@MISC:0x0000041A	txt	多畫面共用	string	normal	pending		1		
LABELS.TXT:@MISC:0x00000424	txt	多畫面共用	string	normal	pending		1		
LABELS.TXT:@MISC:0x0000042D	txt	多畫面共用	string	normal	pending		1		
LABELS.TXT:@MISC:0x00000433	txt	多畫面共用	string	normal	pending		1		
LABELS.TXT:@MISC:0x0000043A	txt	多畫面共用	string	normal	pending		1		
LABELS.TXT:@MISC:0x00000440	txt	多畫面共用	string	normal	pending		1		
LABELS.TXT:@MISC:0x0000044B	txt	多畫面共用	string	normal	pending		1		
LABELS.TXT:@MISC:0x0000045E	txt	多畫面共用	string	normal	pending		1		
LABELS.TXT:@MISC:0x00000466	txt	多畫面共用	string	normal	pending		1		
LABELS.TXT:@MISC:0x0000046F	txt	多畫面共用	string	normal	pending		1		
LABELS.TXT:@MISC:0x00000480	txt	多畫面共用	string	normal	pending		1		
LABELS.TXT:@MISC:0x00000489	txt	多畫面共用	string	normal	pending		1		
LABELS.TXT:@MISC:0x00000497	txt	多畫面共用	string	normal	pending		1		
LABELS.TXT:@MISC:0x0000049F	txt	多畫面共用	string	normal	pending		1		
LABELS.TXT:@MISC:0x000004A8	txt	多畫面共用	string	normal	pending		1		
LABELS.TXT:@MISC:0x000004B0	txt	多畫面共用	string	normal	pending		1		
LABELS.TXT:@MISC:0x000004BB	txt	多畫面共用	string	normal	pending		1		
LABELS.TXT:@MISC:0x000004C8	txt	多畫面共用	string	normal	pending		1		
LABELS.TXT:@MISC:0x000004D0	txt	多畫面共用	string	normal	pending		1		
LABELS.TXT:@MISC:0x000004E3	txt	多畫面共用	string	normal	pending		1		
LABELS.TXT:@MISC:0x000004F8	txt	多畫面共用	string	normal	pending		1		
LABELS.TXT:@MISC:0x00000500	txt	多畫面共用	string	normal	pending		1		
LABELS.TXT:@MISC:0x00000508	txt	多畫面共用	string	normal	pending		1		
LABELS.TXT:@MISC:0x00000511	txt	多畫面共用	string	normal	pending		1		
LABELS.TXT:@MISC:0x00000523	txt	多畫面共用	string	normal	pending		1		
LABELS.TXT:@MISC:0x0000052A	txt	多畫面共用	string	normal	pending		1		
LABELS.TXT:@MISC:0x0000053D	txt	多畫面共用	string	normal	pending		1		
LABELS.TXT:@MISC:0x0000054B	txt	多畫面共用	string	normal	shown	confirmed	1	europe-cancel-and-report-fields,europe-reports	
LABELS.TXT:@MISC:0x00000563	txt	多畫面共用	string	normal	pending		1		
LABELS.TXT:@MISC:0x00000567	txt	多畫面共用	string	normal	pending		1		
LABELS.TXT:@MISC:0x00000571	txt	多畫面共用	string	normal	pending		1		
LABELS.TXT:@MISC:0x0000057D	txt	多畫面共用	string	normal	pending		1		
LABELS.TXT:@MISC:0x0000058D	txt	多畫面共用	string	normal	pending		1		
LABELS.TXT:@MISC:0x0000059D	txt	多畫面共用	string	normal	pending		1		
LABELS.TXT:@MISC:0x000005AA	txt	多畫面共用	string	normal	pending		1		
LABELS.TXT:@MISC:0x000005BB	txt	多畫面共用	string	normal	pending		1		
LABELS.TXT:@MISC:0x000005C0	txt	多畫面共用	string	normal	pending		1		
LABELS.TXT:@MISC:0x000005C7	txt	多畫面共用	string	normal	pending		1		
LABELS.TXT:@MISC:0x000005D0	txt	多畫面共用	string	normal	pending		1		
LABELS.TXT:@MISC:0x000005D9	txt	多畫面共用	string	normal	pending		1		
LABELS.TXT:@MISC:0x000005E3	txt	多畫面共用	string	normal	pending		1		
LABELS.TXT:@MISC:0x000005E8	txt	多畫面共用	string	normal	pending		1		
LABELS.TXT:@MISC:0x000005EE	txt	多畫面共用	string	normal	shown	confirmed	1	colonizopedia,europe-reports,pedia-building-all,pedia-cargo-all,pedia-father-all,pedia-job-all,pedia-menu-boundary,pedia-terrain-all,pedia-unit-all	
LABELS.TXT:@MISC:0x0000060C	txt	多畫面共用	string	normal	pending		1		
LABELS.TXT:@MISC:0x00000614	txt	多畫面共用	string	normal	shown	confirmed	1	colonizopedia,pedia-building-all,pedia-cargo-all,pedia-father-all,pedia-job-all,pedia-menu-boundary,pedia-terrain-all,pedia-unit-all	
LABELS.TXT:@MISC:0x0000061C	txt	多畫面共用	string	normal	pending		1		
LABELS.TXT:@MISC:0x00000630	txt	多畫面共用	string	normal	shown	confirmed	1	europe-reports	
LABELS.TXT:@MISC:0x00000653	txt	多畫面共用	string	normal	pending		1		
LABELS.TXT:@MISC:0x00000661	txt	多畫面共用	string	normal	shown	confirmed	1	europe-cancel-and-report-fields,europe-reports	
LABELS.TXT:@MISC:0x00000675	txt	多畫面共用	string	normal	pending		1		
LABELS.TXT:@MISC:0x0000067F	txt	多畫面共用	string	normal	pending		1		
LABELS.TXT:@MISC:0x0000068D	txt	多畫面共用	string	normal	pending		1		
LABELS.TXT:@MISC:0x0000069E	txt	多畫面共用	string	normal	pending		1		
LABELS.TXT:@MISC:0x000006A8	txt	多畫面共用	string	normal	pending		1		
LABELS.TXT:@MISC:0x000006B2	txt	多畫面共用	string	normal	pending		1		
LABELS.TXT:@MISC:0x000006C7	txt	多畫面共用	string	normal	pending		1		
LABELS.TXT:@MISC:0x000006D4	txt	多畫面共用	string	normal	pending		1		
LABELS.TXT:@MISC:0x000006DB	txt	多畫面共用	string	normal	pending		1		
LABELS.TXT:@MISC:0x000006ED	txt	多畫面共用	string	normal	pending		1		
LABELS.TXT:@MISC:0x000006F5	txt	多畫面共用	string	normal	pending		1		
LABELS.TXT:@MISC:0x000006FE	txt	多畫面共用	string	normal	pending		1		
LABELS.TXT:@MISC:0x00000710	txt	多畫面共用	string	normal	pending		1		
LABELS.TXT:@MISC:0x0000071A	txt	多畫面共用	string	normal	pending		1		
LABELS.TXT:@MISC:0x00000726	txt	多畫面共用	string	normal	pending		1		
LABELS.TXT:@MISC:0x0000073A	txt	多畫面共用	string	normal	pending		1		
LABELS.TXT:@MISC:0x00000743	txt	多畫面共用	string	normal	pending		1		
LABELS.TXT:@MISC:0x0000074C	txt	多畫面共用	string	normal	pending		1		
LABELS.TXT:@MISC:0x00000759	txt	多畫面共用	string	normal	pending		1		
LABELS.TXT:@MISC:0x00000767	txt	多畫面共用	string	normal	pending		1		
LABELS.TXT:@MISC:0x0000077D	txt	多畫面共用	string	normal	pending		1		
LABELS.TXT:@MISC:0x00000783	txt	多畫面共用	string	normal	pending		1		
LABELS.TXT:@MISC:0x0000078B	txt	多畫面共用	string	normal	pending		1		
LABELS.TXT:@MISC:0x0000078F	txt	多畫面共用	string	normal	pending		1		
LABELS.TXT:@MISC:0x00000796	txt	多畫面共用	string	normal	pending		1		
LABELS.TXT:@MISC:0x0000079D	txt	多畫面共用	string	normal	pending		1		
LABELS.TXT:@MISC:0x000007A4	txt	多畫面共用	string	normal	pending		1		
LABELS.TXT:@MISC:0x000007A9	txt	多畫面共用	string	normal	pending		1		
LABELS.TXT:@MISC:0x000007BB	txt	多畫面共用	string	normal	pending		1		
LABELS.TXT:@MISC:0x000007CA	txt	多畫面共用	string	normal	pending		1		
LABELS.TXT:@MISC:0x000007D5	txt	多畫面共用	string	normal	pending		1		
LABELS.TXT:@MISC:0x000007E0	txt	多畫面共用	string	normal	pending		1		
LABELS.TXT:@MISC:0x000007ED	txt	多畫面共用	string	normal	pending		1		
LABELS.TXT:@MISC:0x000007F6	txt	多畫面共用	string	normal	pending		1		
LABELS.TXT:@MISC:0x000007FD	txt	多畫面共用	string	normal	pending		1		
LABELS.TXT:@MISC:0x00000807	txt	多畫面共用	string	normal	pending		1		
LABELS.TXT:@MISC:0x0000080E	txt	多畫面共用	string	normal	pending		1		
LABELS.TXT:@MISC:0x0000081B	txt	多畫面共用	string	normal	pending		1		
LABELS.TXT:@MISC:0x00000823	txt	多畫面共用	string	normal	pending		1		
LABELS.TXT:@MISC:0x0000082F	txt	多畫面共用	string	normal	pending		1		
LABELS.TXT:@MISC:0x00000835	txt	多畫面共用	string	normal	pending		1		
LABELS.TXT:@MISC:0x00000840	txt	多畫面共用	string	normal	pending		1		
LABELS.TXT:@MISC:0x00000846	txt	多畫面共用	string	normal	pending		1		
LABELS.TXT:@MISC:0x0000084C	txt	多畫面共用	string	normal	pending		1		
LABELS.TXT:@MISC:0x00000854	txt	多畫面共用	string	normal	pending		1		
LABELS.TXT:@MISC:0x00000859	txt	多畫面共用	string	normal	pending		1		
LABELS.TXT:@MISC:0x0000086E	txt	多畫面共用	string	normal	shown	confirmed	1	build-captions,colonizopedia,colony-interactions,colony-strings,dynamic-combined,dynamic-spots,europe-reports,frontend-audio,function-keys,input-labels,nation-cards-rest,options-followups,orders-disabled-map-label,regression,retire,sea-menus-occlusion,sea-status,third-card,tutorial-dialogs,tutorial-help	
LABELS.TXT:@MISC:0x00000888	txt	多畫面共用	string	normal	shown	confirmed	1	build-captions,colonizopedia,colony-interactions,colony-strings,dynamic-combined,dynamic-spots,europe-reports,frontend-audio,function-keys,input-labels,nation-cards-rest,options-followups,orders-disabled-map-label,regression,retire,sea-menus-occlusion,sea-status,third-card,tutorial-dialogs,tutorial-help	
LABELS.TXT:@MISC:0x00000890	txt	多畫面共用	string	normal	shown	confirmed	1	build-captions,colonizopedia,colony-interactions,colony-strings,dynamic-combined,dynamic-spots,europe-reports,frontend-audio,function-keys,input-labels,nation-cards-rest,options-followups,orders-disabled-map-label,regression,retire,sea-menus-occlusion,sea-status,third-card,tutorial-dialogs,tutorial-help	
LABELS.TXT:@MISC:0x000008A2	txt	多畫面共用	string	normal	pending		1		
LABELS.TXT:@MISC:0x000008A9	txt	多畫面共用	string	normal	shown	confirmed	1	build-captions,colonizopedia,colony-interactions,colony-strings,dynamic-combined,dynamic-spots,europe-reports,frontend-audio,function-keys,input-labels,nation-cards-rest,options-followups,orders-disabled-map-label,regression,retire,sea-menus-occlusion,sea-status,third-card,tutorial-dialogs,tutorial-help	
LABELS.TXT:@MISC:0x000008B2	txt	多畫面共用	string	normal	shown	confirmed	1	build-captions,dynamic-combined,dynamic-spots,function-keys,nation-cards-rest,options-followups,regression,retire,sea-status	
LABELS.TXT:@MISC:0x000008B8	txt	多畫面共用	string	normal	shown	confirmed	1	third-card	
LABELS.TXT:@MISC:0x000008C2	txt	多畫面共用	string	normal	pending		1		
LABELS.TXT:@MISC:0x000008C9	txt	多畫面共用	string	normal	pending		1		
LABELS.TXT:@MISC:0x000008D3	txt	多畫面共用	string	normal	shown	confirmed	1	build-captions,colonizopedia,colony-interactions,colony-strings,dynamic-combined,dynamic-spots,europe-reports,frontend-audio,function-keys,input-labels,nation-cards-rest,options-followups,orders-disabled-map-label,regression,retire,sea-menus-occlusion,sea-status,third-card,tutorial-dialogs,tutorial-help	
LABELS.TXT:@MISC:0x000008DB	txt	多畫面共用	string	normal	shown	confirmed	1	build-captions,colonizopedia,colony-interactions,colony-strings,dynamic-combined,dynamic-spots,europe-reports,frontend-audio,function-keys,input-labels,nation-cards-rest,options-followups,orders-disabled-map-label,regression,retire,sea-menus-occlusion,sea-status,third-card,tutorial-dialogs,tutorial-help	
LABELS.TXT:@MISC:0x000008EB	txt	多畫面共用	string	normal	pending		1		
LABELS.TXT:@MISC:0x000008F2	txt	多畫面共用	string	normal	shown	confirmed	1	build-captions,colonizopedia,colony-interactions,colony-strings,dynamic-combined,dynamic-spots,europe-reports,frontend-audio,function-keys,input-labels,nation-cards-rest,options-followups,orders-disabled-map-label,regression,retire,sea-menus-occlusion,sea-status,third-card,tutorial-dialogs,tutorial-help	
LABELS.TXT:@MISC:0x000008FF	txt	多畫面共用	string	normal	shown	confirmed	1	nation-cards-rest	
LABELS.TXT:@MISC:0x0000090C	txt	多畫面共用	string	normal	shown	confirmed	1	nation-cards-rest	
LABELS.TXT:@MISC:0x00000916	txt	多畫面共用	string	normal	shown	confirmed	1	nation-cards-rest	
LABELS.TXT:@MISC:0x0000091D	txt	多畫面共用	string	normal	shown	confirmed	1	pedia-job-all	
LABELS.TXT:@MISC:0x00000923	txt	多畫面共用	string	normal	pending		1		
LABELS.TXT:@MISC:0x00000929	txt	多畫面共用	string	normal	pending		1		
LABELS.TXT:@MISC:0x00000931	txt	多畫面共用	string	normal	pending		1		
LABELS.TXT:@MISC:0x00000939	txt	多畫面共用	string	normal	pending		1		
LABELS.TXT:@MISC:0x00000946	txt	多畫面共用	string	normal	pending		1		
LABELS.TXT:@MISC:0x0000094D	txt	多畫面共用	string	normal	pending		1		
LABELS.TXT:@MISC:0x00000953	txt	多畫面共用	string	normal	pending		1		
LABELS.TXT:@MISC:0x0000095A	txt	多畫面共用	string	normal	pending		1		
LABELS.TXT:@MISC:0x00000961	txt	多畫面共用	string	normal	pending		1		
LABELS.TXT:@MISC:0x0000096C	txt	多畫面共用	string	normal	pending		1		
LABELS.TXT:@MISC:0x00000985	txt	多畫面共用	string	normal	pending		1		
LABELS.TXT:@MISC:0x00000993	txt	多畫面共用	string	normal	shown	confirmed	1	colony-interactions,europe-cancel-and-report-fields,europe-reports	europe-artillery-purchase,europe-dock-front,europe-dock-purchase
LABELS.TXT:@MISC:0x000009A2	txt	多畫面共用	string	normal	pending		1		
LABELS.TXT:@MISC:0x000009BE	txt	多畫面共用	string	normal	pending		1		
LABELS.TXT:@MISC:0x000009C4	txt	多畫面共用	string	normal	pending		1		
LABELS.TXT:@MISC:0x000009DF	txt	多畫面共用	string	normal	pending		1		
LABELS.TXT:@MISC:0x000009E3	txt	多畫面共用	string	normal	pending		1		
LABELS.TXT:@MISC:0x000009E9	txt	多畫面共用	string	normal	pending		1		
LABELS.TXT:@MISC:0x000009F4	txt	多畫面共用	string	normal	pending		1		
LABELS.TXT:@MISC:0x00000A0F	txt	多畫面共用	string	normal	pending		1		
LABELS.TXT:@MISC:0x00000A17	txt	多畫面共用	string	normal	pending		1		
LABELS.TXT:@MISC:0x00000A1E	txt	多畫面共用	string	normal	pending		1		
LABELS.TXT:@MISC:0x00000A33	txt	多畫面共用	string	normal	pending		1		
LABELS.TXT:@MISC:0x00000A3A	txt	多畫面共用	string	normal	pending		1		
LABELS.TXT:@MISC:0x00000A43	txt	多畫面共用	string	normal	pending		1		
LABELS.TXT:@MISC:0x00000A4A	txt	多畫面共用	string	normal	shown	confirmed	1	europe-cancel-and-report-fields,europe-reports	
LABELS.TXT:@MISC:0x00000A55	txt	多畫面共用	string	normal	shown	confirmed	1	europe-cancel-and-report-fields,europe-reports	
LABELS.TXT:@MISC:0x00000A60	txt	多畫面共用	string	normal	pending		1		
LABELS.TXT:@MISC:0x00000A71	txt	多畫面共用	string	normal	shown	confirmed	1	europe-cancel-and-report-fields,europe-reports	
LABELS.TXT:@MISC:0x00000A81	txt	多畫面共用	string	normal	shown	confirmed	1	europe-cancel-and-report-fields,europe-reports	
LABELS.TXT:@MISC:0x00000A90	txt	多畫面共用	string	normal	shown	confirmed	1	europe-cancel-and-report-fields,europe-reports	
LABELS.TXT:@MISC:0x00000AA4	txt	多畫面共用	string	normal	shown	confirmed	1	europe-cancel-and-report-fields,europe-reports	
LABELS.TXT:@MISC:0x00000AB5	txt	多畫面共用	string	normal	shown	confirmed	1	colonizopedia,colony-abandon-cancel,colony-buy-insufficient,colony-buy-payable,colony-interactions,colony-jobs-and-fathers,colony-profession-equipment,colony-strings,europe-cancel-and-report-fields,europe-reports,frontend-audio,input-labels,orders-disabled-map-label,sea-menus-occlusion	colony-cargo-messages,colony-cargo-ship-options,colony-dock-arrival-tutorial,colony-fisherman-no-docks,colony-fortified-unit-options,colony-harbor-ship-options,colony-rename-cancel,colony-soldier-unit-options,europe-artillery-purchase,europe-dock-dock,europe-dock-front,europe-dock-missionary,europe-dock-purchase
LABELS.TXT:@ROUTE:0x00000AF9	txt	貿易路線	string	conditional	shown	confirmed	1	trade-route-land,trade-route-sea	
LABELS.TXT:@ROUTE:0x00000B0B	txt	貿易路線	string	conditional	shown	confirmed	1	trade-route-land,trade-route-sea	
LABELS.TXT:@ROUTE:0x00000B18	txt	貿易路線	string	conditional	shown	confirmed	1	trade-route-land,trade-route-sea	
LABELS.TXT:@ROUTE:0x00000B25	txt	貿易路線	string	conditional	shown	confirmed	1	trade-route-sea	
LABELS.TXT:@ROUTE:0x00000B2A	txt	貿易路線	string	conditional	shown	confirmed	1	trade-route-land	
LABELS.TXT:@ROUTE:0x00000B30	txt	貿易路線	string	conditional	shown	confirmed	1	trade-route-land,trade-route-sea	
LABELS.TXT:@ROUTE:0x00000B3D	txt	貿易路線	string	conditional	shown	confirmed	1	trade-route-land,trade-route-sea	
LABELS.TXT:@ROUTE:0x00000B4B	txt	貿易路線	string	conditional	shown	confirmed	1	trade-route-land,trade-route-sea	
LABELS.TXT:@ROUTE:0x00000B57	txt	貿易路線	string	conditional	shown	confirmed	1	trade-route-land,trade-route-sea	
MAPEDIT.TXT:@ABOUT	txt	地圖編輯器	dialog	unreachable	unreachable		4		
MAPEDIT.TXT:@CONTINENTS1	txt	地圖編輯器	dialog	unreachable	unreachable		1		
MAPEDIT.TXT:@CONTINENTS2	txt	地圖編輯器	dialog	unreachable	unreachable		1		
MAPEDIT.TXT:@CREATENOW	txt	地圖編輯器	dialog	unreachable	unreachable		4		
MAPEDIT.TXT:@ERROR	txt	地圖編輯器	dialog	unreachable	unreachable		1		
MAPEDIT.TXT:@EXIT	txt	地圖編輯器	dialog	unreachable	unreachable		4		
MAPEDIT.TXT:@HELP1	txt	地圖編輯器	dialog	unreachable	unreachable		13		
MAPEDIT.TXT:@HELP2	txt	地圖編輯器	dialog	unreachable	unreachable		16		
MAPEDIT.TXT:@HELP3	txt	地圖編輯器	dialog	unreachable	unreachable		12		
MAPEDIT.TXT:@HELP4	txt	地圖編輯器	dialog	unreachable	unreachable		13		
MAPEDIT.TXT:@HELP5	txt	地圖編輯器	dialog	unreachable	unreachable		14		
MAPEDIT.TXT:@LOAD	txt	地圖編輯器	dialog	unreachable	unreachable		4		
MAPEDIT.TXT:@MAPTOEDIT	txt	地圖編輯器	dialog	unreachable	unreachable		4		
MAPEDIT.TXT:@MAPTOLOAD	txt	地圖編輯器	dialog	unreachable	unreachable		1		
MAPEDIT.TXT:@NEWNAME	txt	地圖編輯器	input	unreachable	unreachable		2		
MAPEDIT.TXT:@SAVE	txt	地圖編輯器	dialog	unreachable	unreachable		3		
MAPEDIT.TXT:@SAVEAS	txt	地圖編輯器	input	unreachable	unreachable		2		
MAPEDIT.TXT:@XS	txt	地圖編輯器	input	unreachable	unreachable		2		
MAPEDIT.TXT:@YS	txt	地圖編輯器	input	unreachable	unreachable		2		
MAPMENU.TXT:@CUP:0x00000115	txt	地圖編輯器	menu	unreachable	unreachable		1		
MAPMENU.TXT:@CUP:0x0000011B	txt	地圖編輯器	menu	unreachable	unreachable		1		
MAPMENU.TXT:@CUP:0x0000012F	txt	地圖編輯器	menu	unreachable	unreachable		1		
MAPMENU.TXT:@CUP:0x00000144	txt	地圖編輯器	menu	unreachable	unreachable		1		
MAPMENU.TXT:@CUP:0x00000161	txt	地圖編輯器	menu	unreachable	unreachable		1		
MAPMENU.TXT:@CUP:0x00000175	txt	地圖編輯器	menu	unreachable	unreachable		1		
MAPMENU.TXT:@CUP:0x0000018A	txt	地圖編輯器	menu	unreachable	unreachable		1		
MAPMENU.TXT:@GAME:0x00000007	txt	地圖編輯器	menu	unreachable	unreachable		1		
MAPMENU.TXT:@GAME:0x00000010	txt	地圖編輯器	menu	unreachable	unreachable		1		
MAPMENU.TXT:@GAME:0x0000001D	txt	地圖編輯器	menu	unreachable	unreachable		1		
MAPMENU.TXT:@GAME:0x0000002D	txt	地圖編輯器	menu	unreachable	unreachable		1		
MAPMENU.TXT:@GAME:0x0000003A	txt	地圖編輯器	menu	unreachable	unreachable		1		
MAPMENU.TXT:@GAME:0x00000048	txt	地圖編輯器	menu	unreachable	unreachable		1		
MAPMENU.TXT:@HELP:0x000001A4	txt	地圖編輯器	menu	unreachable	unreachable		1		
MAPMENU.TXT:@HELP:0x000001AB	txt	地圖編輯器	menu	unreachable	unreachable		1		
MAPMENU.TXT:@HELP:0x000001C2	txt	地圖編輯器	menu	unreachable	unreachable		1		
MAPMENU.TXT:@HELP:0x000001D4	txt	地圖編輯器	menu	unreachable	unreachable		1		
MAPMENU.TXT:@HELP:0x000001E9	txt	地圖編輯器	menu	unreachable	unreachable		1		
MAPMENU.TXT:@HELP:0x000001FE	txt	地圖編輯器	menu	unreachable	unreachable		1		
MAPMENU.TXT:@HELP:0x00000211	txt	地圖編輯器	menu	unreachable	unreachable		1		
MAPMENU.TXT:@VIEW:0x00000060	txt	地圖編輯器	menu	unreachable	unreachable		1		
MAPMENU.TXT:@VIEW:0x00000067	txt	地圖編輯器	menu	unreachable	unreachable		1		
MAPMENU.TXT:@VIEW:0x00000078	txt	地圖編輯器	menu	unreachable	unreachable		1		
MAPMENU.TXT:@VIEW:0x00000089	txt	地圖編輯器	menu	unreachable	unreachable		1		
MAPMENU.TXT:@VIEW:0x000000A6	txt	地圖編輯器	menu	unreachable	unreachable		1		
MAPMENU.TXT:@VIEW:0x000000C3	txt	地圖編輯器	menu	unreachable	unreachable		1		
MAPMENU.TXT:@VIEW:0x000000E0	txt	地圖編輯器	menu	unreachable	unreachable		1		
MAPMENU.TXT:@VIEW:0x000000FD	txt	地圖編輯器	menu	unreachable	unreachable		1		
MENU.TXT:@CUP:0x00000552	txt	除錯	menu	unreachable	unreachable		1		
MENU.TXT:@CUP:0x0000055A	txt	除錯	menu	unreachable	unreachable		1		
MENU.TXT:@CUP:0x00000570	txt	除錯	menu	unreachable	unreachable		1		
MENU.TXT:@CUP:0x0000058B	txt	除錯	menu	unreachable	unreachable		1		
MENU.TXT:@CUP:0x000005A0	txt	除錯	menu	unreachable	unreachable		1		
MENU.TXT:@CUP:0x000005BB	txt	除錯	menu	unreachable	unreachable		1		
MENU.TXT:@CUP:0x000005D2	txt	除錯	menu	unreachable	unreachable		1		
MENU.TXT:@CUP:0x000005F6	txt	除錯	menu	unreachable	unreachable		1		
MENU.TXT:@CUP:0x00000604	txt	除錯	menu	unreachable	unreachable		1		
MENU.TXT:@CUP:0x00000614	txt	除錯	menu	unreachable	unreachable		1		
MENU.TXT:@CUP:0x0000062C	txt	除錯	menu	unreachable	unreachable		1		
MENU.TXT:@CUP:0x00000648	txt	除錯	menu	unreachable	unreachable		1		
MENU.TXT:@GAME:0x000000BD	txt	下拉選單	menu	normal	shown	強推論	1	colonizopedia,colony-buy-insufficient,colony-interactions,colony-strings,dynamic-combined,dynamic-spots,europe-reports,frontend-audio,function-keys,input-labels,orders-disabled-map-label,pedia-building-all,pedia-cargo-all,pedia-father-all,pedia-job-all,pedia-menu-boundary,pedia-terrain-all,pedia-unit-all,sea-menus-occlusion,sea-status,tutorial-dialogs	
MENU.TXT:@GAME:0x000000C4	txt	下拉選單	menu	normal	shown	confirmed	1	orders-disabled-map-label	
MENU.TXT:@GAME:0x000000D4	txt	下拉選單	menu	normal	shown	confirmed	1	orders-disabled-map-label	
MENU.TXT:@GAME:0x000000ED	txt	下拉選單	menu	normal	shown	confirmed	1	orders-disabled-map-label	
MENU.TXT:@GAME:0x000000FE	txt	下拉選單	menu	normal	shown	confirmed	1	orders-disabled-map-label	
MENU.TXT:@GAME:0x0000010C	txt	下拉選單	menu	normal	shown	confirmed	1	orders-disabled-map-label	
MENU.TXT:@GAME:0x00000119	txt	下拉選單	menu	normal	shown	confirmed	1	orders-disabled-map-label	
MENU.TXT:@GAME:0x00000126	txt	下拉選單	menu	normal	shown	confirmed	1	orders-disabled-map-label	
MENU.TXT:@GAME:0x0000013E	txt	下拉選單	menu	normal	shown	confirmed	1	orders-disabled-map-label	
MENU.TXT:@GAME:0x00000148	txt	下拉選單	menu	normal	shown	confirmed	1	dynamic-spots,orders-disabled-map-label,sea-menus-occlusion	
MENU.TXT:@ORDERS:0x0000025B	txt	下拉選單	menu	normal	shown	強推論	1	colonizopedia,colony-buy-insufficient,colony-interactions,colony-strings,dynamic-combined,dynamic-spots,europe-reports,frontend-audio,function-keys,input-labels,orders-disabled-map-label,pedia-building-all,pedia-cargo-all,pedia-father-all,pedia-job-all,pedia-menu-boundary,pedia-terrain-all,pedia-unit-all,sea-menus-occlusion,sea-status,tutorial-dialogs	
MENU.TXT:@ORDERS:0x00000264	txt	下拉選單	menu	normal	shown	confirmed	1	land-orders-source,orders-disabled-map-label,ship-orders-prefix-close	
MENU.TXT:@ORDERS:0x00000276	txt	下拉選單	menu	normal	shown	confirmed	1	land-orders-source,orders-disabled-map-label,ship-orders-prefix-close	
MENU.TXT:@ORDERS:0x0000028D	txt	下拉選單	menu	normal	shown	confirmed	1	land-orders-source	
MENU.TXT:@ORDERS:0x00000299	txt	下拉選單	menu	normal	shown	confirmed	1	ship-orders-prefix-close	
MENU.TXT:@ORDERS:0x000002A5	txt	下拉選單	menu	normal	shown	confirmed	1	ship-orders-prefix-close	
MENU.TXT:@ORDERS:0x000002B0	txt	下拉選單	menu	normal	shown	confirmed	1	land-orders-source,orders-disabled-map-label	
MENU.TXT:@ORDERS:0x000002C1	txt	下拉選單	menu	normal	pending		1		
MENU.TXT:@ORDERS:0x000002D5	txt	下拉選單	menu	normal	shown	confirmed	1	land-orders-source,orders-disabled-map-label	sea-menus-occlusion
MENU.TXT:@ORDERS:0x000002EA	txt	下拉選單	menu	normal	shown	confirmed	1	ship-orders-prefix-close	
MENU.TXT:@ORDERS:0x000002FF	txt	下拉選單	menu	normal	shown	confirmed	1	land-orders-source,orders-disabled-map-label,ship-orders-prefix-close	sea-menus-occlusion
MENU.TXT:@ORDERS:0x0000030E	txt	下拉選單	menu	normal	shown	confirmed	1	ship-orders-prefix-close	
MENU.TXT:@ORDERS:0x0000031D	txt	下拉選單	menu	normal	shown	confirmed	1	ship-orders-prefix-close	
MENU.TXT:@ORDERS:0x0000032E	txt	下拉選單	menu	normal	pending		1		
MENU.TXT:@ORDERS:0x0000033A	txt	下拉選單	menu	normal	shown	confirmed	1	ship-orders-prefix-close	
MENU.TXT:@ORDERS:0x00000349	txt	下拉選單	menu	normal	shown	confirmed	1	land-orders-source,orders-disabled-map-label	
MENU.TXT:@ORDERS:0x00000359	txt	下拉選單	menu	normal	shown	confirmed	1	ship-orders-prefix-close	
MENU.TXT:@ORDERS:0x0000036F	txt	下拉選單	menu	normal	shown	confirmed	1	ship-orders-prefix-close	
MENU.TXT:@ORDERS:0x00000384	txt	下拉選單	menu	normal	shown	confirmed	1	land-orders-source,orders-disabled-map-label,ship-orders-prefix-close	
MENU.TXT:@ORDERS:0x000003A3	txt	下拉選單	menu	normal	shown	confirmed	1	ship-orders-prefix-close	
MENU.TXT:@ORDERS:0x000003BC	txt	下拉選單	menu	normal	shown	confirmed	1	land-orders-source,orders-disabled-map-label,sea-menus-occlusion,ship-orders-prefix-close	
MENU.TXT:@PEDIA:0x0000066B	txt	下拉選單	menu	normal	shown	強推論	1	colonizopedia,colony-buy-insufficient,colony-interactions,colony-strings,dynamic-combined,dynamic-spots,europe-reports,frontend-audio,function-keys,input-labels,orders-disabled-map-label,pedia-building-all,pedia-cargo-all,pedia-father-all,pedia-job-all,pedia-menu-boundary,pedia-terrain-all,pedia-unit-all,sea-menus-occlusion,sea-status,tutorial-dialogs	
MENU.TXT:@PEDIA:0x0000067B	txt	下拉選單	menu	normal	shown	confirmed	1	orders-disabled-map-label,pedia-building-all,pedia-cargo-all,pedia-father-all,pedia-job-all,pedia-menu-boundary,pedia-terrain-all,pedia-unit-all	
MENU.TXT:@PEDIA:0x0000068A	txt	下拉選單	menu	normal	shown	confirmed	1	orders-disabled-map-label,pedia-building-all,pedia-cargo-all,pedia-father-all,pedia-job-all,pedia-menu-boundary,pedia-terrain-all,pedia-unit-all	
MENU.TXT:@PEDIA:0x00000698	txt	下拉選單	menu	normal	shown	confirmed	1	orders-disabled-map-label,pedia-building-all,pedia-cargo-all,pedia-father-all,pedia-job-all,pedia-menu-boundary,pedia-terrain-all,pedia-unit-all	
MENU.TXT:@PEDIA:0x000006A9	txt	下拉選單	menu	normal	shown	confirmed	1	orders-disabled-map-label,pedia-building-all,pedia-cargo-all,pedia-father-all,pedia-job-all,pedia-menu-boundary,pedia-terrain-all,pedia-unit-all	
MENU.TXT:@PEDIA:0x000006BC	txt	下拉選單	menu	normal	shown	confirmed	1	orders-disabled-map-label,pedia-building-all,pedia-cargo-all,pedia-father-all,pedia-job-all,pedia-menu-boundary,pedia-terrain-all,pedia-unit-all	
MENU.TXT:@PEDIA:0x000006D0	txt	下拉選單	menu	normal	shown	confirmed	1	colonizopedia,orders-disabled-map-label,pedia-building-all,pedia-cargo-all,pedia-father-all,pedia-job-all,pedia-menu-boundary,pedia-terrain-all,pedia-unit-all,sea-menus-occlusion	
MENU.TXT:@PEDIA:0x000006E4	txt	下拉選單	menu	normal	pending		1		
MENU.TXT:@PEDIA:0x000006F5	txt	下拉選單	menu	normal	pending		1		
MENU.TXT:@REPORTS:0x000003E9	txt	下拉選單	menu	normal	shown	強推論	1	colonizopedia,colony-buy-insufficient,colony-interactions,colony-strings,dynamic-combined,dynamic-spots,europe-reports,frontend-audio,function-keys,input-labels,orders-disabled-map-label,pedia-building-all,pedia-cargo-all,pedia-father-all,pedia-job-all,pedia-menu-boundary,pedia-terrain-all,pedia-unit-all,sea-menus-occlusion,sea-status,tutorial-dialogs	
MENU.TXT:@REPORTS:0x000003F3	txt	下拉選單	menu	normal	shown	confirmed	1	orders-disabled-map-label	
MENU.TXT:@REPORTS:0x0000040F	txt	下拉選單	menu	normal	shown	confirmed	1	orders-disabled-map-label	
MENU.TXT:@REPORTS:0x00000429	txt	下拉選單	menu	normal	shown	confirmed	1	orders-disabled-map-label	
MENU.TXT:@REPORTS:0x00000446	txt	下拉選單	menu	normal	shown	confirmed	1	orders-disabled-map-label	
MENU.TXT:@REPORTS:0x0000045C	txt	下拉選單	menu	normal	shown	confirmed	1	orders-disabled-map-label	
MENU.TXT:@REPORTS:0x00000475	txt	下拉選單	menu	normal	shown	confirmed	1	orders-disabled-map-label	
MENU.TXT:@REPORTS:0x0000048C	txt	下拉選單	menu	normal	shown	confirmed	1	orders-disabled-map-label	
MENU.TXT:@REPORTS:0x000004A2	txt	下拉選單	menu	normal	shown	confirmed	1	orders-disabled-map-label	
MENU.TXT:@REPORTS:0x000004C2	txt	下拉選單	menu	normal	shown	confirmed	1	orders-disabled-map-label	
MENU.TXT:@REPORTS:0x000004D9	txt	下拉選單	menu	normal	shown	confirmed	1	orders-disabled-map-label,sea-menus-occlusion	
MENU.TXT:@TRADE:0x00000502	txt	下拉選單	menu	normal	shown	強推論	1	colonizopedia,colony-buy-insufficient,colony-interactions,colony-strings,dynamic-combined,dynamic-spots,europe-reports,frontend-audio,function-keys,input-labels,orders-disabled-map-label,pedia-building-all,pedia-cargo-all,pedia-father-all,pedia-job-all,pedia-menu-boundary,pedia-terrain-all,pedia-unit-all,sea-menus-occlusion,sea-status,tutorial-dialogs	
MENU.TXT:@TRADE:0x0000050A	txt	下拉選單	menu	normal	shown	confirmed	1	orders-disabled-map-label	
MENU.TXT:@TRADE:0x0000051E	txt	下拉選單	menu	normal	shown	confirmed	1	orders-disabled-map-label	
MENU.TXT:@TRADE:0x00000534	txt	下拉選單	menu	normal	shown	confirmed	1	orders-disabled-map-label,sea-menus-occlusion	
MENU.TXT:@VIEW:0x00000160	txt	下拉選單	menu	normal	shown	強推論	1	colonizopedia,colony-buy-insufficient,colony-interactions,colony-strings,dynamic-combined,dynamic-spots,europe-reports,frontend-audio,function-keys,input-labels,orders-disabled-map-label,pedia-building-all,pedia-cargo-all,pedia-father-all,pedia-job-all,pedia-menu-boundary,pedia-terrain-all,pedia-unit-all,sea-menus-occlusion,sea-status,tutorial-dialogs	
MENU.TXT:@VIEW:0x00000167	txt	下拉選單	menu	normal	shown	confirmed	1	colony-buy-insufficient,orders-disabled-map-label,ship-orders-prefix-close	
MENU.TXT:@VIEW:0x00000177	txt	下拉選單	menu	normal	shown	confirmed	1	colony-buy-insufficient,orders-disabled-map-label,ship-orders-prefix-close	
MENU.TXT:@VIEW:0x00000187	txt	下拉選單	menu	normal	shown	confirmed	1	colony-buy-insufficient,orders-disabled-map-label,ship-orders-prefix-close	
MENU.TXT:@VIEW:0x0000019B	txt	下拉選單	menu	normal	shown	confirmed	1	colony-buy-insufficient,orders-disabled-map-label,ship-orders-prefix-close	
MENU.TXT:@VIEW:0x000001AA	txt	下拉選單	menu	normal	shown	confirmed	1	ship-orders-prefix-close	
MENU.TXT:@VIEW:0x000001BB	txt	下拉選單	menu	normal	shown	confirmed	1	ship-orders-prefix-close	
MENU.TXT:@VIEW:0x000001CC	txt	下拉選單	menu	normal	shown	confirmed	1	colony-buy-insufficient,orders-disabled-map-label,ship-orders-prefix-close	
MENU.TXT:@VIEW:0x000001E3	txt	下拉選單	menu	normal	shown	confirmed	1	colony-buy-insufficient,orders-disabled-map-label,ship-orders-prefix-close	
MENU.TXT:@VIEW:0x000001FA	txt	下拉選單	menu	normal	shown	confirmed	1	colony-buy-insufficient,orders-disabled-map-label,ship-orders-prefix-close	
MENU.TXT:@VIEW:0x00000211	txt	下拉選單	menu	normal	shown	confirmed	1	colony-buy-insufficient,orders-disabled-map-label,ship-orders-prefix-close	
MENU.TXT:@VIEW:0x00000228	txt	下拉選單	menu	normal	shown	confirmed	1	colony-buy-insufficient,orders-disabled-map-label,ship-orders-prefix-close	
MENU.TXT:@VIEW:0x00000240	txt	下拉選單	menu	normal	shown	confirmed	1	colony-buy-insufficient,orders-disabled-map-label,sea-menus-occlusion,ship-orders-prefix-close	
NAMES.TXT:@ACTIONS:0x00002990	txt	原住民村落	dialog	normal	pending		1		
NAMES.TXT:@ACTIONS:0x000029A4	txt	原住民村落	dialog	normal	pending		1		
NAMES.TXT:@ACTIONS:0x000029BB	txt	原住民村落	dialog	normal	pending		1		
NAMES.TXT:@ACTIONS:0x000029CE	txt	原住民村落	dialog	normal	pending		1		
NAMES.TXT:@ACTIONS:0x000029EE	txt	原住民村落	dialog	normal	pending		1		
NAMES.TXT:@ACTIONS:0x00002A06	txt	原住民村落	dialog	normal	pending		1		
NAMES.TXT:@ACTIONS:0x00002A1F	txt	原住民村落	dialog	normal	pending		1		
NAMES.TXT:@ACTIONS:0x00002A2F	txt	原住民村落	dialog	normal	pending		1		
NAMES.TXT:@ACTIONS:0x00002A3F	txt	原住民村落	dialog	normal	pending		1		
NAMES.TXT:@ACTIONS:0x00002A4F	txt	原住民村落	dialog	normal	pending		1		
NAMES.TXT:@ATTITUDE:0x00002A9A	txt	報告	string	normal	pending		1		
NAMES.TXT:@ATTITUDE:0x00002AA3	txt	報告	string	normal	pending		1		
NAMES.TXT:@ATTITUDE:0x00002AAB	txt	報告	string	normal	pending		1		
NAMES.TXT:@ATTITUDE:0x00002AB5	txt	報告	string	normal	pending		1		
NAMES.TXT:@ATTITUDE:0x00002ABC	txt	報告	string	normal	pending		1		
NAMES.TXT:@ATTITUDINAL:0x00002AD1	txt	報告	string	normal	pending		1		
NAMES.TXT:@ATTITUDINAL:0x00002ADC	txt	報告	string	normal	pending		1		
NAMES.TXT:@ATTITUDINAL:0x00002AE2	txt	報告	string	normal	pending		1		
NAMES.TXT:@ATTITUDINAL:0x00002AEA	txt	報告	string	normal	pending		1		
NAMES.TXT:@ATTITUDINAL:0x00002AF4	txt	報告	string	normal	pending		1		
NAMES.TXT:@BUILDING:0x00000E4B	txt	殖民地	string	normal	shown	confirmed	1	colonizopedia,pedia-building-all	
NAMES.TXT:@BUILDING:0x00000E74	txt	殖民地	string	normal	shown	confirmed	1	colonizopedia,pedia-building-all	
NAMES.TXT:@BUILDING:0x00000E9E	txt	殖民地	string	normal	shown	confirmed	1	colonizopedia,pedia-building-all	
NAMES.TXT:@BUILDING:0x00000EC8	txt	殖民地	string	normal	shown	confirmed	1	colonizopedia,pedia-building-all,pedia-job-all	
NAMES.TXT:@BUILDING:0x00000EF1	txt	殖民地	string	normal	shown	confirmed	1	colonizopedia,pedia-building-all,pedia-job-all	
NAMES.TXT:@BUILDING:0x00000F1B	txt	殖民地	string	normal	shown	confirmed	1	colonizopedia,pedia-building-all,pedia-job-all	
NAMES.TXT:@BUILDING:0x00000F45	txt	殖民地	string	normal	shown	confirmed	1	colonizopedia,colony-buy-insufficient,colony-interactions,pedia-building-all	
NAMES.TXT:@BUILDING:0x00000F6E	txt	殖民地	string	normal	shown	confirmed	1	colonizopedia,pedia-building-all	
NAMES.TXT:@BUILDING:0x00000F98	txt	殖民地	string	normal	shown	confirmed	1	colonizopedia,pedia-building-all	
NAMES.TXT:@BUILDING:0x00000FC2	txt	殖民地	string	normal	pending		1		
NAMES.TXT:@BUILDING:0x00000FEB	txt	殖民地	string	normal	pending		1		
NAMES.TXT:@BUILDING:0x00001015	txt	殖民地	string	normal	pending		1		
NAMES.TXT:@BUILDING:0x0000103F	txt	殖民地	string	normal	shown	confirmed	1	colonizopedia,pedia-building-all	
NAMES.TXT:@BUILDING:0x00001068	txt	殖民地	string	normal	shown	confirmed	1	colonizopedia,pedia-building-all	
NAMES.TXT:@BUILDING:0x00001092	txt	殖民地	string	normal	shown	confirmed	1	colonizopedia,pedia-building-all	
NAMES.TXT:@BUILDING:0x000010BC	txt	殖民地	string	normal	shown	confirmed	1	colonizopedia,pedia-building-all	
NAMES.TXT:@BUILDING:0x000010E5	txt	殖民地	string	normal	shown	confirmed	1	colonizopedia,pedia-building-all	
NAMES.TXT:@BUILDING:0x0000110E	txt	殖民地	string	normal	shown	confirmed	1	colonizopedia,pedia-building-all	
NAMES.TXT:@BUILDING:0x00001137	txt	殖民地	string	normal	shown	confirmed	1	colonizopedia,pedia-building-all	
NAMES.TXT:@BUILDING:0x00001161	txt	殖民地	string	normal	shown	confirmed	1	colonizopedia,pedia-building-all	
NAMES.TXT:@BUILDING:0x0000118A	txt	殖民地	string	normal	shown	confirmed	1	colonizopedia,pedia-building-all	
NAMES.TXT:@BUILDING:0x000011B4	txt	殖民地	string	normal	shown	confirmed	1	colonizopedia,pedia-building-all,pedia-job-all	
NAMES.TXT:@BUILDING:0x000011DD	txt	殖民地	string	normal	shown	confirmed	1	colonizopedia,pedia-building-all,pedia-job-all	
NAMES.TXT:@BUILDING:0x00001206	txt	殖民地	string	normal	shown	confirmed	1	colonizopedia,pedia-building-all,pedia-job-all	
NAMES.TXT:@BUILDING:0x00001230	txt	殖民地	string	normal	shown	confirmed	1	colonizopedia,pedia-building-all,pedia-job-all	
NAMES.TXT:@BUILDING:0x00001259	txt	殖民地	string	normal	shown	confirmed	1	colonizopedia,pedia-building-all,pedia-job-all	
NAMES.TXT:@BUILDING:0x00001282	txt	殖民地	string	normal	shown	confirmed	1	colonizopedia,pedia-building-all,pedia-job-all	
NAMES.TXT:@BUILDING:0x000012AC	txt	殖民地	string	normal	shown	confirmed	1	colonizopedia,pedia-building-all,pedia-job-all	
NAMES.TXT:@BUILDING:0x000012D5	txt	殖民地	string	normal	shown	confirmed	1	colonizopedia,pedia-building-all,pedia-job-all	
NAMES.TXT:@BUILDING:0x000012FE	txt	殖民地	string	normal	shown	confirmed	1	colonizopedia,pedia-building-all,pedia-job-all	
NAMES.TXT:@BUILDING:0x00001328	txt	殖民地	string	normal	pending		1		
NAMES.TXT:@BUILDING:0x00001352	txt	殖民地	string	normal	pending		1		
NAMES.TXT:@BUILDING:0x0000137C	txt	殖民地	string	normal	shown	confirmed	1	colonizopedia,pedia-building-all,pedia-job-all	
NAMES.TXT:@BUILDING:0x000013A5	txt	殖民地	string	normal	shown	confirmed	1	colonizopedia,pedia-building-all,pedia-job-all	
NAMES.TXT:@BUILDING:0x000013CE	txt	殖民地	string	normal	shown	confirmed	1	colonizopedia,pedia-building-all,pedia-job-all	
NAMES.TXT:@BUILDING:0x000013F8	txt	殖民地	string	normal	shown	confirmed	1	colonizopedia,pedia-building-all,pedia-job-all	
NAMES.TXT:@BUILDING:0x00001421	txt	殖民地	string	normal	shown	confirmed	1	colonizopedia,pedia-building-all,pedia-job-all	
NAMES.TXT:@BUILDING:0x0000144B	txt	殖民地	string	normal	shown	confirmed	1	colonizopedia,pedia-building-all,pedia-job-all	
NAMES.TXT:@BUILDING:0x00001474	txt	殖民地	string	normal	shown	confirmed	1	colonizopedia,pedia-building-all,pedia-job-all	
NAMES.TXT:@BUILDING:0x0000149E	txt	殖民地	string	normal	shown	confirmed	1	colonizopedia,pedia-building-all,pedia-job-all	
NAMES.TXT:@BUILDING:0x000014C7	txt	殖民地	string	normal	shown	confirmed	1	colonizopedia,pedia-building-all,pedia-job-all	
NAMES.TXT:@BUILDING:0x000014F0	txt	殖民地	string	normal	shown	confirmed	1	colonizopedia,pedia-building-all,pedia-job-all	
NAMES.TXT:@CARGO:0x00001F17	txt	殖民地	string	normal	shown	confirmed	1	colonizopedia,europe-cancel-and-report-fields,europe-reports,pedia-cargo-all,pedia-job-all	
NAMES.TXT:@CARGO:0x00001F48	txt	殖民地	string	normal	shown	confirmed	1	colonizopedia,europe-cancel-and-report-fields,europe-reports,pedia-cargo-all,pedia-job-all	
NAMES.TXT:@CARGO:0x00001F79	txt	殖民地	string	normal	shown	confirmed	1	colonizopedia,europe-cancel-and-report-fields,europe-reports,pedia-cargo-all,pedia-job-all	
NAMES.TXT:@CARGO:0x00001FAA	txt	殖民地	string	normal	shown	confirmed	1	colonizopedia,europe-cancel-and-report-fields,europe-reports,pedia-cargo-all,pedia-job-all	
NAMES.TXT:@CARGO:0x00001FDB	txt	殖民地	string	normal	shown	confirmed	1	colonizopedia,europe-cancel-and-report-fields,europe-reports,pedia-cargo-all,pedia-job-all	
NAMES.TXT:@CARGO:0x0000200C	txt	殖民地	string	normal	shown	confirmed	1	colonizopedia,europe-cancel-and-report-fields,europe-reports,pedia-cargo-all,pedia-job-all	
NAMES.TXT:@CARGO:0x0000203D	txt	殖民地	string	normal	shown	confirmed	1	colonizopedia,europe-cancel-and-report-fields,europe-reports,pedia-cargo-all,pedia-job-all	
NAMES.TXT:@CARGO:0x0000206E	txt	殖民地	string	normal	shown	confirmed	1	colonizopedia,europe-cancel-and-report-fields,europe-reports,pedia-cargo-all,pedia-job-all	
NAMES.TXT:@CARGO:0x0000209F	txt	殖民地	string	normal	shown	confirmed	1	colonizopedia,europe-cancel-and-report-fields,europe-reports,pedia-cargo-all	
NAMES.TXT:@CARGO:0x000020D0	txt	殖民地	string	normal	shown	confirmed	1	colonizopedia,europe-cancel-and-report-fields,europe-reports,pedia-cargo-all,pedia-job-all	
NAMES.TXT:@CARGO:0x00002101	txt	殖民地	string	normal	shown	confirmed	1	colonizopedia,europe-cancel-and-report-fields,europe-reports,pedia-cargo-all,pedia-job-all	
NAMES.TXT:@CARGO:0x00002132	txt	殖民地	string	normal	shown	confirmed	1	colonizopedia,europe-cancel-and-report-fields,europe-reports,pedia-cargo-all,pedia-job-all	
NAMES.TXT:@CARGO:0x00002163	txt	殖民地	string	normal	shown	confirmed	1	colonizopedia,europe-cancel-and-report-fields,europe-reports,pedia-cargo-all,pedia-job-all	
NAMES.TXT:@CARGO:0x00002194	txt	殖民地	string	normal	shown	confirmed	1	colonizopedia,europe-cancel-and-report-fields,europe-reports,pedia-cargo-all	
NAMES.TXT:@CARGO:0x000021C5	txt	殖民地	string	normal	shown	confirmed	1	colonizopedia,europe-cancel-and-report-fields,europe-reports,pedia-cargo-all,pedia-job-all	
NAMES.TXT:@CARGO:0x000021F6	txt	殖民地	string	normal	shown	confirmed	1	colonizopedia,europe-cancel-and-report-fields,europe-reports,pedia-building-all,pedia-cargo-all,pedia-job-all	
NAMES.TXT:@CARGO:0x00002227	txt	殖民地	string	normal	pending		1		
NAMES.TXT:@CARGO:0x00002230	txt	殖民地	string	normal	pending		1		
NAMES.TXT:@CARGO:0x00002239	txt	殖民地	string	normal	pending		1		
NAMES.TXT:@CARGO:0x00002248	txt	殖民地	string	normal	pending		1		
NAMES.TXT:@CLASS:0x00000C94	txt	殖民地	string	normal	shown	confirmed	1	europe-cancel-and-report-fields,europe-reports,pedia-job-all	
NAMES.TXT:@CLASS:0x00000CAF	txt	殖民地	string	normal	shown	confirmed	1	europe-cancel-and-report-fields,europe-reports	
NAMES.TXT:@CLASS:0x00000CCA	txt	殖民地	string	normal	pending		1		
NAMES.TXT:@CLASS:0x00000CE5	txt	殖民地	string	normal	pending		1		
NAMES.TXT:@CLASS:0x00000D00	txt	殖民地	string	normal	shown	confirmed	1	europe-cancel-and-report-fields,europe-reports	
NAMES.TXT:@CLASS:0x00000D1B	txt	殖民地	string	normal	pending		1		
NAMES.TXT:@CLASS:0x00000D36	txt	殖民地	string	normal	pending		1		
NAMES.TXT:@CLASS:0x00000D51	txt	殖民地	string	normal	pending		1		
NAMES.TXT:@COLONYNAME:0x000009F9	txt	多畫面共用	string	normal	shown	confirmed	1	europe-cancel-and-report-fields,europe-reports	
NAMES.TXT:@COLONYNAME:0x00000A06	txt	多畫面共用	string	normal	pending		1		
NAMES.TXT:@COLONYNAME:0x00000A12	txt	多畫面共用	string	normal	pending		1		
NAMES.TXT:@COLONYNAME:0x00000A1D	txt	多畫面共用	string	normal	pending		1		
NAMES.TXT:@COUNTRY:0x000008EA	txt	多畫面共用	string	normal	shown	confirmed	1	build-captions,colonizopedia,colony-interactions,colony-strings,dynamic-combined,dynamic-spots,europe-reports,frontend-audio,function-keys,input-labels,nation-cards-rest,options-followups,orders-disabled-map-label,regression,retire,sea-menus-occlusion,sea-status,third-card,tutorial-dialogs,tutorial-help	
NAMES.TXT:@COUNTRY:0x00000906	txt	多畫面共用	string	normal	shown	confirmed	1	nation-cards-rest	
NAMES.TXT:@COUNTRY:0x00000921	txt	多畫面共用	string	normal	shown	confirmed	1	nation-cards-rest	
NAMES.TXT:@COUNTRY:0x0000093D	txt	多畫面共用	string	normal	shown	confirmed	1	nation-cards-rest	
NAMES.TXT:@DIFFICULTY:0x00000C0C	txt	開局設定	nation	normal	shown	confirmed	1	build-captions,colonizopedia,colony-interactions,colony-strings,dynamic-combined,dynamic-spots,europe-reports,frontend-audio,function-keys,input-labels,nation-cards-rest,options-followups,orders-disabled-map-label,regression,retire,sea-menus-occlusion,sea-status,third-card,tutorial-dialogs,tutorial-help	
NAMES.TXT:@DIFFICULTY:0x00000C18	txt	開局設定	nation	normal	shown	confirmed	1	build-captions,dynamic-combined,dynamic-spots,function-keys,nation-cards-rest,options-followups,regression,retire,sea-status	
NAMES.TXT:@DIFFICULTY:0x00000C22	txt	開局設定	nation	normal	shown	confirmed	1	third-card	
NAMES.TXT:@DIFFICULTY:0x00000C30	txt	開局設定	nation	normal	pending		1		
NAMES.TXT:@DIFFICULTY:0x00000C3A	txt	開局設定	nation	normal	pending		1		
NAMES.TXT:@FATHERS:0x00003051	txt	國會與建國之父	string	normal	pending		1		
NAMES.TXT:@FATHERS:0x00003093	txt	國會與建國之父	string	normal	shown	confirmed	1	colonizopedia,pedia-father-all	
NAMES.TXT:@FATHERS:0x000030C4	txt	國會與建國之父	string	normal	shown	confirmed	1	colonizopedia,pedia-father-all	
NAMES.TXT:@FATHERS:0x000030F5	txt	國會與建國之父	string	normal	shown	confirmed	1	colonizopedia,pedia-father-all	
NAMES.TXT:@FATHERS:0x00003126	txt	國會與建國之父	string	normal	shown	confirmed	1	colonizopedia,pedia-father-all	
NAMES.TXT:@FATHERS:0x00003157	txt	國會與建國之父	string	normal	pending		1		
NAMES.TXT:@FATHERS:0x00003196	txt	國會與建國之父	string	normal	shown	confirmed	1	colonizopedia,pedia-father-all	
NAMES.TXT:@FATHERS:0x000031C7	txt	國會與建國之父	string	normal	shown	confirmed	1	colonizopedia,pedia-father-all	
NAMES.TXT:@FATHERS:0x000031F8	txt	國會與建國之父	string	normal	shown	confirmed	1	colonizopedia,pedia-father-all	
NAMES.TXT:@FATHERS:0x00003229	txt	國會與建國之父	string	normal	shown	confirmed	1	colonizopedia,pedia-father-all	
NAMES.TXT:@FATHERS:0x0000325A	txt	國會與建國之父	string	normal	pending		1		
NAMES.TXT:@FATHERS:0x00003296	txt	國會與建國之父	string	normal	shown	confirmed	1	colonizopedia,pedia-father-all	
NAMES.TXT:@FATHERS:0x000032C7	txt	國會與建國之父	string	normal	shown	confirmed	1	colonizopedia,pedia-father-all	
NAMES.TXT:@FATHERS:0x000032F8	txt	國會與建國之父	string	normal	shown	confirmed	1	colonizopedia,pedia-father-all	
NAMES.TXT:@FATHERS:0x00003329	txt	國會與建國之父	string	normal	shown	confirmed	1	colonizopedia,pedia-father-all	
NAMES.TXT:@FATHERS:0x0000335A	txt	國會與建國之父	string	normal	pending		1		
NAMES.TXT:@FATHERS:0x00003397	txt	國會與建國之父	string	normal	shown	confirmed	1	colonizopedia,pedia-father-all	
NAMES.TXT:@FATHERS:0x000033C8	txt	國會與建國之父	string	normal	shown	confirmed	1	colonizopedia,pedia-father-all	
NAMES.TXT:@FATHERS:0x000033F9	txt	國會與建國之父	string	normal	shown	confirmed	1	colonizopedia,pedia-father-all	
NAMES.TXT:@FATHERS:0x0000342A	txt	國會與建國之父	string	normal	shown	confirmed	1	colonizopedia,pedia-father-all	
NAMES.TXT:@FATHERS:0x0000345B	txt	國會與建國之父	string	normal	pending		1		
NAMES.TXT:@FATHERS:0x00003498	txt	國會與建國之父	string	normal	shown	confirmed	1	colonizopedia,pedia-father-all	
NAMES.TXT:@FATHERS:0x000034C9	txt	國會與建國之父	string	normal	shown	confirmed	1	colonizopedia,pedia-father-all	
NAMES.TXT:@FATHERS:0x000034FA	txt	國會與建國之父	string	normal	shown	confirmed	1	colonizopedia,pedia-father-all	
NAMES.TXT:@FATHERS:0x0000352B	txt	國會與建國之父	string	normal	shown	confirmed	1	colonizopedia,pedia-father-all	
NAMES.TXT:@FORESTED:0x000003B9	txt	海上地圖	string	normal	pending		1		
NAMES.TXT:@FORESTED:0x000003F2	txt	海上地圖	string	normal	pending		1		
NAMES.TXT:@FORESTED:0x0000042B	txt	海上地圖	string	normal	pending		1		
NAMES.TXT:@FORESTED:0x00000464	txt	海上地圖	string	normal	pending		1		
NAMES.TXT:@FORESTED:0x0000049D	txt	海上地圖	string	normal	pending		1		
NAMES.TXT:@FORESTED:0x000004D6	txt	海上地圖	string	normal	pending		1		
NAMES.TXT:@FORESTED:0x0000050F	txt	海上地圖	string	normal	pending		1		
NAMES.TXT:@FORESTED:0x00000548	txt	海上地圖	string	normal	pending		1		
NAMES.TXT:@FOUNDING:0x00002F0E	txt	國會與建國之父	string	normal	pending		1		
NAMES.TXT:@FOUNDING:0x00002F15	txt	國會與建國之父	string	normal	pending		1		
NAMES.TXT:@FOUNDING:0x00002F22	txt	國會與建國之父	string	normal	pending		1		
NAMES.TXT:@FOUNDING:0x00002F2C	txt	國會與建國之父	string	normal	pending		1		
NAMES.TXT:@FOUNDING:0x00002F37	txt	國會與建國之父	string	normal	pending		1		
NAMES.TXT:@FOUNDING:0x00002F42	txt	國會與建國之父	string	normal	pending		1		
NAMES.TXT:@HOMEPORT:0x000009C1	txt	多畫面共用	string	normal	shown	強推論	1	colonizopedia,colony-buy-insufficient,colony-interactions,colony-strings,dynamic-combined,dynamic-spots,europe-reports,frontend-audio,function-keys,input-labels,orders-disabled-map-label,pedia-building-all,pedia-cargo-all,pedia-father-all,pedia-job-all,pedia-menu-boundary,pedia-terrain-all,pedia-unit-all,sea-menus-occlusion,sea-status,tutorial-dialogs	
NAMES.TXT:@HOMEPORT:0x000009C9	txt	多畫面共用	string	normal	pending		1		
NAMES.TXT:@HOMEPORT:0x000009D6	txt	多畫面共用	string	normal	pending		1		
NAMES.TXT:@HOMEPORT:0x000009DF	txt	多畫面共用	string	normal	pending		1		
NAMES.TXT:@INDEPENDENT:0x00000A3E	txt	獨立戰爭	string	conditional	pending		1		
NAMES.TXT:@INDEPENDENT:0x00000A58	txt	獨立戰爭	string	conditional	pending		1		
NAMES.TXT:@INDEPENDENT:0x00000A6C	txt	獨立戰爭	string	conditional	pending		1		
NAMES.TXT:@INDEPENDENT:0x00000A80	txt	獨立戰爭	string	conditional	pending		1		
NAMES.TXT:@JOB:0x0000164B	txt	殖民地	string	normal	shown	confirmed	1	colonizopedia,pedia-job-all	
NAMES.TXT:@JOB:0x00001681	txt	殖民地	string	normal	shown	confirmed	1	colonizopedia,pedia-job-all	
NAMES.TXT:@JOB:0x000016B6	txt	殖民地	string	normal	shown	confirmed	1	colonizopedia,pedia-job-all	
NAMES.TXT:@JOB:0x000016EB	txt	殖民地	string	normal	shown	confirmed	1	colonizopedia,pedia-job-all	
NAMES.TXT:@JOB:0x00001720	txt	殖民地	string	normal	shown	confirmed	1	colonizopedia,pedia-job-all	
NAMES.TXT:@JOB:0x00001755	txt	殖民地	string	normal	shown	confirmed	1	colonizopedia,pedia-job-all	
NAMES.TXT:@JOB:0x0000178A	txt	殖民地	string	normal	shown	confirmed	1	colonizopedia,pedia-job-all	
NAMES.TXT:@JOB:0x000017BF	txt	殖民地	string	normal	shown	confirmed	1	colonizopedia,pedia-job-all	
NAMES.TXT:@JOB:0x000017F4	txt	殖民地	string	normal	shown	confirmed	1	colonizopedia,pedia-job-all	
NAMES.TXT:@JOB:0x0000182A	txt	殖民地	string	normal	shown	confirmed	1	colonizopedia,pedia-job-all	
NAMES.TXT:@JOB:0x00001860	txt	殖民地	string	normal	shown	confirmed	1	colonizopedia,pedia-job-all	
NAMES.TXT:@JOB:0x00001896	txt	殖民地	string	normal	shown	confirmed	1	colonizopedia,pedia-job-all	
NAMES.TXT:@JOB:0x000018CC	txt	殖民地	string	normal	shown	confirmed	1	colonizopedia,pedia-job-all	
NAMES.TXT:@JOB:0x00001901	txt	殖民地	string	normal	shown	confirmed	1	colonizopedia,pedia-job-all	
NAMES.TXT:@JOB:0x00001937	txt	殖民地	string	normal	shown	confirmed	1	colonizopedia,pedia-job-all	
NAMES.TXT:@JOB:0x0000196D	txt	殖民地	string	normal	shown	confirmed	1	colonizopedia,pedia-job-all	
NAMES.TXT:@JOB:0x000019A2	txt	殖民地	string	normal	shown	confirmed	1	colonizopedia,pedia-job-all	
NAMES.TXT:@JOB:0x000019D8	txt	殖民地	string	normal	shown	confirmed	1	colonizopedia,pedia-job-all	
NAMES.TXT:@JOB:0x00001A0E	txt	殖民地	string	normal	pending		1		
NAMES.TXT:@JOB:0x00001A42	txt	殖民地	string	normal	shown	confirmed	1	colonizopedia,colony-abandon-cancel,colony-buy-insufficient,colony-interactions,colony-profession-equipment,colony-strings,europe-reports,frontend-audio,input-labels,orders-disabled-map-label,pedia-job-all,sea-menus-occlusion	tutorial-dialogs
NAMES.TXT:@JOB:0x00001A76	txt	殖民地	string	normal	shown	confirmed	1	colonizopedia,pedia-job-all	
NAMES.TXT:@JOB:0x00001AAC	txt	殖民地	string	normal	shown	confirmed	1	colonizopedia,pedia-job-all	
NAMES.TXT:@JOB:0x00001AE2	txt	殖民地	string	normal	pending		1		
NAMES.TXT:@JOB:0x00001B16	txt	殖民地	string	normal	shown	confirmed	1	colonizopedia,pedia-job-all	
NAMES.TXT:@JOB:0x00001B4A	txt	殖民地	string	normal	pending		1		
NAMES.TXT:@JOB:0x00001B80	txt	殖民地	string	normal	shown	confirmed	1	colonizopedia,pedia-job-all	
NAMES.TXT:@JOB:0x00001BB4	txt	殖民地	string	normal	shown	confirmed	1	colonizopedia,pedia-job-all	
NAMES.TXT:@JOB:0x00001BE8	txt	殖民地	string	normal	shown	confirmed	1	colonizopedia,pedia-job-all	
NAMES.TXT:@LEADERNAME:0x00000B27	txt	開局設定	string	normal	pending		1		
NAMES.TXT:@LEADERNAME:0x00000B4B	txt	開局設定	string	normal	pending		1		
NAMES.TXT:@LEADERNAME:0x00000B6F	txt	開局設定	string	normal	pending		1		
NAMES.TXT:@LEADERNAME:0x00000B93	txt	開局設定	string	normal	pending		1		
NAMES.TXT:@LEVELS:0x00002B09	txt	報告	string	normal	pending		1		
NAMES.TXT:@LEVELS:0x00002B27	txt	報告	string	normal	pending		1		
NAMES.TXT:@LEVELS:0x00002B48	txt	報告	string	normal	pending		1		
NAMES.TXT:@LEVELS:0x00002B67	txt	報告	string	normal	pending		1		
NAMES.TXT:@LEVELS:0x00002B86	txt	報告	string	normal	pending		1		
NAMES.TXT:@MISSION:0x00000BC5	txt	原住民村落	string	conditional	pending		1		
NAMES.TXT:@MISSION:0x00000BD0	txt	原住民村落	string	conditional	pending		1		
NAMES.TXT:@MISSION:0x00000BE1	txt	原住民村落	string	conditional	pending		1		
NAMES.TXT:@MISSION:0x00000BF2	txt	原住民村落	string	conditional	pending		1		
NAMES.TXT:@NATIONABBREV:0x0000099B	txt	多畫面共用	string	normal	shown	強推論	1	colonizopedia,colony-buy-insufficient,colony-interactions,colony-strings,dynamic-combined,dynamic-spots,europe-reports,frontend-audio,function-keys,input-labels,orders-disabled-map-label,pedia-building-all,pedia-cargo-all,pedia-father-all,pedia-job-all,pedia-menu-boundary,pedia-terrain-all,pedia-unit-all,sea-menus-occlusion,sea-status,tutorial-dialogs	
NAMES.TXT:@NATIONABBREV:0x000009A1	txt	多畫面共用	string	normal	pending		1		
NAMES.TXT:@NATIONABBREV:0x000009A6	txt	多畫面共用	string	normal	pending		1		
NAMES.TXT:@NATIONABBREV:0x000009AD	txt	多畫面共用	string	normal	pending		1		
NAMES.TXT:@NATIONALITY:0x00000969	txt	多畫面共用	string	normal	shown	強推論	1	colonizopedia,colony-buy-insufficient,colony-interactions,colony-strings,dynamic-combined,dynamic-spots,europe-reports,frontend-audio,function-keys,input-labels,orders-disabled-map-label,pedia-building-all,pedia-cargo-all,pedia-father-all,pedia-job-all,pedia-menu-boundary,pedia-terrain-all,pedia-unit-all,sea-menus-occlusion,sea-status,tutorial-dialogs	
NAMES.TXT:@NATIONALITY:0x00000972	txt	多畫面共用	string	normal	pending		1		
NAMES.TXT:@NATIONALITY:0x0000097A	txt	多畫面共用	string	normal	pending		1		
NAMES.TXT:@NATIONALITY:0x00000983	txt	多畫面共用	string	normal	pending		1		
NAMES.TXT:@ORDERS:0x00002855	txt	殖民地	string	normal	shown	強推論	1	colonizopedia,colony-buy-insufficient,colony-interactions,colony-strings,dynamic-combined,dynamic-spots,europe-reports,frontend-audio,function-keys,input-labels,orders-disabled-map-label,pedia-building-all,pedia-cargo-all,pedia-father-all,pedia-job-all,pedia-menu-boundary,pedia-terrain-all,pedia-unit-all,sea-menus-occlusion,sea-status,tutorial-dialogs	
NAMES.TXT:@ORDERS:0x0000286A	txt	殖民地	string	normal	shown	強推論	1	colonizopedia,colony-buy-insufficient,colony-interactions,colony-strings,dynamic-combined,dynamic-spots,europe-reports,frontend-audio,function-keys,input-labels,orders-disabled-map-label,pedia-building-all,pedia-cargo-all,pedia-father-all,pedia-job-all,pedia-menu-boundary,pedia-terrain-all,pedia-unit-all,sea-menus-occlusion,sea-status,tutorial-dialogs	
NAMES.TXT:@ORDERS:0x0000287F	txt	殖民地	string	normal	pending		1		
NAMES.TXT:@ORDERS:0x00002894	txt	殖民地	string	normal	pending		1		
NAMES.TXT:@ORDERS:0x000028A9	txt	殖民地	string	normal	pending		1		
NAMES.TXT:@ORDERS:0x000028BE	txt	殖民地	string	normal	pending		1		
NAMES.TXT:@ORDERS:0x000028D3	txt	殖民地	string	normal	pending		1		
NAMES.TXT:@ORDERS:0x000028E8	txt	殖民地	string	normal	pending		1		
NAMES.TXT:@ORDERS:0x000028FD	txt	殖民地	string	normal	pending		1		
NAMES.TXT:@ORDERS:0x00002912	txt	殖民地	string	normal	pending		1		
NAMES.TXT:@ORDERS:0x00002927	txt	殖民地	string	normal	pending		1		
NAMES.TXT:@ORDERS:0x0000295A	txt	殖民地	string	normal	pending		1		
NAMES.TXT:@ORDERS:0x0000296F	txt	殖民地	string	normal	pending		1		
NAMES.TXT:@OTHER:0x0000058B	txt	海上地圖	string	normal	shown	confirmed	1	colonizopedia,pedia-terrain-all	
NAMES.TXT:@OTHER:0x000005C4	txt	海上地圖	string	normal	shown	confirmed	1	colonizopedia,pedia-terrain-all	
NAMES.TXT:@OTHER:0x000005FD	txt	海上地圖	string	normal	shown	confirmed	1	colonizopedia,pedia-terrain-all	
NAMES.TXT:@OTHER:0x00000636	txt	海上地圖	string	normal	shown	confirmed	1	colonizopedia,pedia-terrain-all	
NAMES.TXT:@OTHER:0x0000066F	txt	海上地圖	string	normal	shown	confirmed	1	colonizopedia,pedia-terrain-all	
NAMES.TXT:@OTHER_NAMES:0x000006B8	txt	海上地圖	string	normal	pending		1		
NAMES.TXT:@OTHER_NAMES:0x000006C0	txt	海上地圖	string	normal	pending		1		
NAMES.TXT:@OTHER_NAMES:0x000006C7	txt	海上地圖	string	normal	pending		1		
NAMES.TXT:@OTHER_NAMES:0x000006D4	txt	海上地圖	string	normal	pending		1		
NAMES.TXT:@OTHER_NAMES:0x000006E1	txt	海上地圖	string	normal	shown	強推論	1	colonizopedia,colony-buy-insufficient,colony-interactions,colony-strings,dynamic-combined,dynamic-spots,europe-reports,frontend-audio,function-keys,input-labels,orders-disabled-map-label,pedia-building-all,pedia-cargo-all,pedia-father-all,pedia-job-all,pedia-menu-boundary,pedia-terrain-all,pedia-unit-all,sea-menus-occlusion,sea-status,tutorial-dialogs	
NAMES.TXT:@RESOURCE:0x0000072C	txt	海上地圖	string	normal	pending		1		
NAMES.TXT:@RESOURCE:0x00000747	txt	海上地圖	string	normal	pending		1		
NAMES.TXT:@RESOURCE:0x00000762	txt	海上地圖	string	normal	pending		1		
NAMES.TXT:@RESOURCE:0x0000077D	txt	海上地圖	string	normal	pending		1		
NAMES.TXT:@RESOURCE:0x00000798	txt	海上地圖	string	normal	pending		1		
NAMES.TXT:@RESOURCE:0x000007B3	txt	海上地圖	string	normal	pending		1		
NAMES.TXT:@RESOURCE:0x000007CE	txt	海上地圖	string	normal	pending		1		
NAMES.TXT:@RESOURCE:0x000007E9	txt	海上地圖	string	normal	pending		1		
NAMES.TXT:@RESOURCE:0x00000804	txt	海上地圖	string	normal	pending		1		
NAMES.TXT:@RESOURCE:0x0000081F	txt	海上地圖	string	normal	pending		1		
NAMES.TXT:@RESOURCE:0x0000083A	txt	海上地圖	string	normal	pending		1		
NAMES.TXT:@RESOURCE:0x00000855	txt	海上地圖	string	normal	pending		1		
NAMES.TXT:@RESOURCE:0x00000870	txt	海上地圖	string	normal	pending		1		
NAMES.TXT:@RESOURCE:0x0000088C	txt	海上地圖	string	normal	pending		1		
NAMES.TXT:@SEASONS:0x000000C0	txt	海上地圖	string	normal	shown	強推論	1	colonizopedia,colony-buy-insufficient,colony-interactions,colony-strings,dynamic-combined,dynamic-spots,europe-reports,frontend-audio,function-keys,input-labels,orders-disabled-map-label,pedia-building-all,pedia-cargo-all,pedia-father-all,pedia-job-all,pedia-menu-boundary,pedia-terrain-all,pedia-unit-all,sea-menus-occlusion,sea-status,tutorial-dialogs	
NAMES.TXT:@SEASONS:0x000000C8	txt	海上地圖	string	normal	shown	強推論	1	colonizopedia,colony-buy-insufficient,colony-interactions,colony-strings,dynamic-combined,dynamic-spots,europe-reports,frontend-audio,function-keys,input-labels,orders-disabled-map-label,pedia-building-all,pedia-cargo-all,pedia-father-all,pedia-job-all,pedia-menu-boundary,pedia-terrain-all,pedia-unit-all,sea-menus-occlusion,sea-status,tutorial-dialogs	
NAMES.TXT:@TRIBES:0x00002BF3	txt	報告	string	normal	pending		1		
NAMES.TXT:@TRIBES:0x00002C20	txt	報告	string	normal	pending		1		
NAMES.TXT:@TRIBES:0x00002C4E	txt	報告	string	normal	pending		1		
NAMES.TXT:@TRIBES:0x00002C7B	txt	報告	string	normal	shown	confirmed	1	europe-cancel-and-report-fields,europe-reports	
NAMES.TXT:@TRIBES:0x00002CA8	txt	報告	string	normal	pending		1		
NAMES.TXT:@TRIBES:0x00002CD5	txt	報告	string	normal	pending		1		
NAMES.TXT:@TRIBES:0x00002D03	txt	報告	string	normal	pending		1		
NAMES.TXT:@TRIBES:0x00002D31	txt	報告	string	normal	pending		1		
NAMES.TXT:@TRIBES:0x00002D75	txt	報告	string	normal	pending		1		
NAMES.TXT:@TRIBES:0x00002D86	txt	報告	string	normal	pending		1		
NAMES.TXT:@TRIBES:0x00002D99	txt	報告	string	normal	pending		1		
NAMES.TXT:@TRIBES:0x00002DAB	txt	報告	string	normal	pending		1		
NAMES.TXT:@TRIBES:0x00002DBD	txt	報告	string	normal	pending		1		
NAMES.TXT:@TRIBES:0x00002DCE	txt	報告	string	normal	pending		1		
NAMES.TXT:@TRIBES:0x00002DE1	txt	報告	string	normal	pending		1		
NAMES.TXT:@TRIBES:0x00002DF6	txt	報告	string	normal	pending		1		
NAMES.TXT:@TRIBES:0x00002E09	txt	報告	string	normal	pending		1		
NAMES.TXT:@TRIBES:0x00002E1F	txt	報告	string	normal	pending		1		
NAMES.TXT:@TRIBES:0x00002E34	txt	報告	string	normal	pending		1		
NAMES.TXT:@TRIBES:0x00002E49	txt	報告	string	normal	pending		1		
NAMES.TXT:@TRIBES:0x00002E5D	txt	報告	string	normal	pending		1		
NAMES.TXT:@TRIBES:0x00002E72	txt	報告	string	normal	pending		1		
NAMES.TXT:@TRIBES:0x00002E88	txt	報告	string	normal	pending		1		
NAMES.TXT:@TRIBES:0x00002E9C	txt	報告	string	normal	pending		1		
NAMES.TXT:@TRIBES:0x00002EB1	txt	報告	string	normal	pending		1		
NAMES.TXT:@TRIBES:0x00002EC5	txt	報告	string	normal	pending		1		
NAMES.TXT:@UNFORESTED:0x000001E4	txt	海上地圖	string	normal	shown	confirmed	1	colonizopedia,pedia-terrain-all	
NAMES.TXT:@UNFORESTED:0x0000021D	txt	海上地圖	string	normal	shown	confirmed	1	colonizopedia,pedia-terrain-all	
NAMES.TXT:@UNFORESTED:0x00000256	txt	海上地圖	string	normal	shown	confirmed	1	colonizopedia,pedia-terrain-all	
NAMES.TXT:@UNFORESTED:0x0000028F	txt	海上地圖	string	normal	shown	confirmed	1	colonizopedia,pedia-terrain-all	
NAMES.TXT:@UNFORESTED:0x000002C8	txt	海上地圖	string	normal	shown	confirmed	1	colonizopedia,pedia-terrain-all	
NAMES.TXT:@UNFORESTED:0x00000301	txt	海上地圖	string	normal	pending		1		
NAMES.TXT:@UNFORESTED:0x0000033A	txt	海上地圖	string	normal	shown	confirmed	1	colonizopedia,pedia-terrain-all	
NAMES.TXT:@UNFORESTED:0x00000373	txt	海上地圖	string	normal	shown	confirmed	1	colonizopedia,pedia-terrain-all	
NAMES.TXT:@UNIT:0x00002318	txt	殖民地	string	normal	pending		1		
NAMES.TXT:@UNIT:0x00002351	txt	殖民地	string	normal	shown	confirmed	1	colonizopedia,pedia-menu-boundary,pedia-unit-all	
NAMES.TXT:@UNIT:0x0000238A	txt	殖民地	string	normal	pending		1		
NAMES.TXT:@UNIT:0x000023C3	txt	殖民地	string	normal	shown	confirmed	1	colonizopedia,pedia-menu-boundary,pedia-unit-all	
NAMES.TXT:@UNIT:0x000023FC	txt	殖民地	string	normal	shown	confirmed	1	colonizopedia,pedia-menu-boundary,pedia-unit-all	
NAMES.TXT:@UNIT:0x00002435	txt	殖民地	string	normal	shown	confirmed	1	colonizopedia,pedia-menu-boundary,pedia-unit-all	
NAMES.TXT:@UNIT:0x0000246E	txt	殖民地	string	normal	shown	confirmed	1	colonizopedia,pedia-menu-boundary,pedia-unit-all	
NAMES.TXT:@UNIT:0x000024A7	txt	殖民地	string	normal	shown	confirmed	1	colonizopedia,pedia-menu-boundary,pedia-unit-all	
NAMES.TXT:@UNIT:0x000024E0	txt	殖民地	string	normal	shown	confirmed	1	colonizopedia,pedia-menu-boundary,pedia-unit-all	
NAMES.TXT:@UNIT:0x00002519	txt	殖民地	string	normal	shown	confirmed	1	colonizopedia,pedia-menu-boundary,pedia-unit-all	
NAMES.TXT:@UNIT:0x00002552	txt	殖民地	string	normal	pending		1		
NAMES.TXT:@UNIT:0x0000258B	txt	殖民地	string	normal	pending		1		
NAMES.TXT:@UNIT:0x000025C4	txt	殖民地	string	normal	pending		1		
NAMES.TXT:@UNIT:0x000025FD	txt	殖民地	string	normal	shown	強推論	1	colonizopedia,colony-buy-insufficient,colony-interactions,colony-strings,dynamic-combined,dynamic-spots,europe-reports,frontend-audio,function-keys,input-labels,orders-disabled-map-label,pedia-building-all,pedia-cargo-all,pedia-father-all,pedia-job-all,pedia-menu-boundary,pedia-terrain-all,pedia-unit-all,sea-menus-occlusion,sea-status,tutorial-dialogs	
NAMES.TXT:@UNIT:0x00002636	txt	殖民地	string	normal	pending		1		
NAMES.TXT:@UNIT:0x0000266F	txt	殖民地	string	normal	pending		1		
NAMES.TXT:@UNIT:0x000026A8	txt	殖民地	string	normal	pending		1		
NAMES.TXT:@UNIT:0x000026E1	txt	殖民地	string	normal	pending		1		
NAMES.TXT:@UNIT:0x0000271A	txt	殖民地	string	normal	pending		1		
NAMES.TXT:@UNIT:0x00002753	txt	殖民地	string	normal	pending		1		
NAMES.TXT:@UNIT:0x0000279F	txt	殖民地	string	normal	shown	confirmed	1	colonizopedia,pedia-menu-boundary,pedia-unit-all	
NAMES.TXT:@UNIT:0x000027D8	txt	殖民地	string	normal	shown	confirmed	1	colonizopedia,pedia-menu-boundary,pedia-unit-all	
NAMES.TXT:@UNIT:0x00002811	txt	殖民地	string	normal	shown	confirmed	1	colonizopedia,pedia-menu-boundary,pedia-unit-all	
NAMES.TXT:@VALUES:0x00002A69	txt	原住民村落	dialog	conditional	pending		1		
NAMES.TXT:@VALUES:0x00002A76	txt	原住民村落	dialog	conditional	pending		1		
NAMES.TXT:@VALUES:0x00002A7C	txt	原住民村落	dialog	conditional	pending		1		
NAMES.TXT:@VALUES:0x00002A82	txt	原住民村落	dialog	conditional	pending		1		
OPENCRD1.SS:role:adventure	static	開場字幕	static	normal	shown	confirmed	1	static-credits,version-gate	
OPENCRD1.SS:role:design	static	開場字幕	static	normal	shown	confirmed	1	static-credits,version-gate	
OPENCRD1.SS:role:graphics	static	開場字幕	static	normal	shown	confirmed	1	static-credits,version-gate	
OPENCRD1.SS:role:music	static	開場字幕	static	normal	shown	confirmed	1	static-credits,version-gate	
OPENCRD1.SS:role:programming	static	開場字幕	static	normal	shown	confirmed	1	static-credits,version-gate	
OPENCRD1.SS:role:qa	static	開場字幕	static	normal	shown	confirmed	1	static-credits,version-gate	
OPENCRD1.SS:role:sound	static	開場字幕	static	normal	shown	confirmed	1	static-credits,version-gate	
OPENING.TXT:@MESSAGES	txt	開場字幕	string	normal	shown	confirmed	1	dynamic-spots	
OPENING.TXT:@MESSAGES:loading	static	開場字幕	static	normal	shown	confirmed	1	dynamic-spots	
PEDIA.TXT:@BUILDING0	txt	百科	pedia	normal	shown	confirmed	10	pedia-building-all	
PEDIA.TXT:@BUILDING1	txt	百科	pedia	normal	shown	confirmed	9	pedia-building-all	
PEDIA.TXT:@BUILDING10	txt	百科	pedia	unreachable	unreachable		1		
PEDIA.TXT:@BUILDING11	txt	百科	pedia	unreachable	unreachable		1		
PEDIA.TXT:@BUILDING12	txt	百科	pedia	normal	shown	confirmed	13	pedia-building-all	
PEDIA.TXT:@BUILDING13	txt	百科	pedia	normal	shown	confirmed	14	pedia-building-all	
PEDIA.TXT:@BUILDING14	txt	百科	pedia	normal	shown	confirmed	8	pedia-building-all	
PEDIA.TXT:@BUILDING15	txt	百科	pedia	normal	shown	confirmed	5	pedia-building-all	
PEDIA.TXT:@BUILDING16	txt	百科	pedia	normal	shown	confirmed	5	pedia-building-all	
PEDIA.TXT:@BUILDING17	txt	百科	pedia	normal	shown	confirmed	3	pedia-building-all	
PEDIA.TXT:@BUILDING18	txt	百科	pedia	normal	shown	confirmed	9	pedia-building-all	
PEDIA.TXT:@BUILDING19	txt	百科	pedia	normal	shown	confirmed	6	pedia-building-all	
PEDIA.TXT:@BUILDING2	txt	百科	pedia	normal	shown	confirmed	9	pedia-building-all	
PEDIA.TXT:@BUILDING20	txt	百科	pedia	normal	shown	confirmed	6	pedia-building-all	
PEDIA.TXT:@BUILDING21	txt	百科	pedia	normal	shown	confirmed	5	pedia-building-all	
PEDIA.TXT:@BUILDING22	txt	百科	pedia	normal	shown	confirmed	4	pedia-building-all	
PEDIA.TXT:@BUILDING23	txt	百科	pedia	normal	shown	confirmed	6	pedia-building-all	
PEDIA.TXT:@BUILDING24	txt	百科	pedia	normal	shown	confirmed	6	pedia-building-all	
PEDIA.TXT:@BUILDING25	txt	百科	pedia	normal	shown	confirmed	4	pedia-building-all	
PEDIA.TXT:@BUILDING26	txt	百科	pedia	normal	shown	confirmed	6	pedia-building-all	
PEDIA.TXT:@BUILDING27	txt	百科	pedia	normal	shown	confirmed	7	pedia-building-all	
PEDIA.TXT:@BUILDING28	txt	百科	pedia	normal	shown	confirmed	4	pedia-building-all	
PEDIA.TXT:@BUILDING29	txt	百科	pedia	normal	shown	confirmed	6	pedia-building-all	
PEDIA.TXT:@BUILDING3	txt	百科	pedia	normal	shown	confirmed	5	colonizopedia,pedia-building-all	
PEDIA.TXT:@BUILDING30	txt	百科	pedia	unreachable	unreachable		1		
PEDIA.TXT:@BUILDING31	txt	百科	pedia	unreachable	unreachable		1		
PEDIA.TXT:@BUILDING32	txt	百科	pedia	normal	shown	confirmed	7	pedia-building-all	
PEDIA.TXT:@BUILDING33	txt	百科	pedia	normal	shown	confirmed	4	pedia-building-all	
PEDIA.TXT:@BUILDING34	txt	百科	pedia	normal	shown	confirmed	6	pedia-building-all	
PEDIA.TXT:@BUILDING35	txt	百科	pedia	normal	shown	confirmed	6	pedia-building-all	
PEDIA.TXT:@BUILDING36	txt	百科	pedia	normal	shown	confirmed	6	pedia-building-all	
PEDIA.TXT:@BUILDING37	txt	百科	pedia	normal	shown	confirmed	5	pedia-building-all	
PEDIA.TXT:@BUILDING38	txt	百科	pedia	normal	shown	confirmed	4	pedia-building-all	
PEDIA.TXT:@BUILDING39	txt	百科	pedia	normal	shown	confirmed	7	pedia-building-all	
PEDIA.TXT:@BUILDING4	txt	百科	pedia	normal	shown	confirmed	5	pedia-building-all	
PEDIA.TXT:@BUILDING40	txt	百科	pedia	normal	shown	confirmed	4	pedia-building-all	
PEDIA.TXT:@BUILDING41	txt	百科	pedia	normal	shown	confirmed	6	pedia-building-all	
PEDIA.TXT:@BUILDING5	txt	百科	pedia	normal	shown	confirmed	5	pedia-building-all	
PEDIA.TXT:@BUILDING6	txt	百科	pedia	normal	shown	confirmed	6	pedia-building-all	
PEDIA.TXT:@BUILDING7	txt	百科	pedia	normal	shown	confirmed	9	pedia-building-all	
PEDIA.TXT:@BUILDING8	txt	百科	pedia	normal	shown	confirmed	5	pedia-building-all	
PEDIA.TXT:@BUILDING9	txt	百科	pedia	normal	shown	confirmed	7	pedia-building-all	
PEDIA.TXT:@CARGO0	txt	百科	pedia	normal	shown	confirmed	7	pedia-cargo-all	
PEDIA.TXT:@CARGO1	txt	百科	pedia	normal	shown	confirmed	5	pedia-cargo-all	
PEDIA.TXT:@CARGO10	txt	百科	pedia	normal	shown	confirmed	5	colonizopedia,pedia-cargo-all	
PEDIA.TXT:@CARGO11	txt	百科	pedia	normal	shown	confirmed	4	pedia-cargo-all	
PEDIA.TXT:@CARGO12	txt	百科	pedia	normal	shown	confirmed	4	pedia-cargo-all	
PEDIA.TXT:@CARGO13	txt	百科	pedia	normal	shown	confirmed	5	pedia-cargo-all	
PEDIA.TXT:@CARGO14	txt	百科	pedia	normal	shown	confirmed	8	pedia-cargo-all	
PEDIA.TXT:@CARGO15	txt	百科	pedia	normal	shown	confirmed	8	pedia-cargo-all	
PEDIA.TXT:@CARGO2	txt	百科	pedia	normal	shown	confirmed	5	pedia-cargo-all	
PEDIA.TXT:@CARGO3	txt	百科	pedia	normal	shown	confirmed	5	pedia-cargo-all	
PEDIA.TXT:@CARGO4	txt	百科	pedia	normal	shown	confirmed	8	pedia-cargo-all	
PEDIA.TXT:@CARGO5	txt	百科	pedia	normal	shown	confirmed	7	pedia-cargo-all	
PEDIA.TXT:@CARGO6	txt	百科	pedia	normal	shown	confirmed	5	pedia-cargo-all	
PEDIA.TXT:@CARGO7	txt	百科	pedia	normal	shown	confirmed	6	pedia-cargo-all	
PEDIA.TXT:@CARGO8	txt	百科	pedia	normal	shown	confirmed	9	pedia-cargo-all	
PEDIA.TXT:@CARGO9	txt	百科	pedia	normal	shown	confirmed	4	pedia-cargo-all	
PEDIA.TXT:@FATHER0	txt	百科	pedia	normal	shown	confirmed	8	colonizopedia,pedia-father-all	
PEDIA.TXT:@FATHER1	txt	百科	pedia	normal	shown	confirmed	7	pedia-father-all	
PEDIA.TXT:@FATHER10	txt	百科	pedia	normal	shown	confirmed	6	pedia-father-all	
PEDIA.TXT:@FATHER11	txt	百科	pedia	normal	shown	confirmed	6	pedia-father-all	
PEDIA.TXT:@FATHER12	txt	百科	pedia	normal	shown	confirmed	8	pedia-father-all	
PEDIA.TXT:@FATHER13	txt	百科	pedia	normal	shown	confirmed	6	pedia-father-all	
PEDIA.TXT:@FATHER14	txt	百科	pedia	normal	shown	confirmed	6	pedia-father-all	
PEDIA.TXT:@FATHER15	txt	百科	pedia	normal	shown	confirmed	6	pedia-father-all	
PEDIA.TXT:@FATHER16	txt	百科	pedia	normal	shown	confirmed	8	pedia-father-all	
PEDIA.TXT:@FATHER17	txt	百科	pedia	normal	shown	confirmed	7	pedia-father-all	
PEDIA.TXT:@FATHER18	txt	百科	pedia	normal	shown	confirmed	6	pedia-father-all	
PEDIA.TXT:@FATHER19	txt	百科	pedia	normal	shown	confirmed	9	pedia-father-all	
PEDIA.TXT:@FATHER2	txt	百科	pedia	normal	shown	confirmed	5	pedia-father-all	
PEDIA.TXT:@FATHER20	txt	百科	pedia	normal	shown	confirmed	7	pedia-father-all	
PEDIA.TXT:@FATHER21	txt	百科	pedia	normal	shown	confirmed	5	pedia-father-all	
PEDIA.TXT:@FATHER22	txt	百科	pedia	normal	shown	confirmed	5	pedia-father-all	
PEDIA.TXT:@FATHER23	txt	百科	pedia	normal	shown	confirmed	7	pedia-father-all	
PEDIA.TXT:@FATHER24	txt	百科	pedia	normal	shown	confirmed	7	pedia-father-all	
PEDIA.TXT:@FATHER3	txt	百科	pedia	normal	shown	confirmed	7	pedia-father-all	
PEDIA.TXT:@FATHER4	txt	百科	pedia	normal	shown	confirmed	7	pedia-father-all	
PEDIA.TXT:@FATHER5	txt	百科	pedia	normal	shown	confirmed	7	pedia-father-all	
PEDIA.TXT:@FATHER6	txt	百科	pedia	normal	shown	confirmed	7	pedia-father-all	
PEDIA.TXT:@FATHER7	txt	百科	pedia	normal	shown	confirmed	7	pedia-father-all	
PEDIA.TXT:@FATHER8	txt	百科	pedia	normal	shown	confirmed	8	pedia-father-all	
PEDIA.TXT:@FATHER9	txt	百科	pedia	normal	shown	confirmed	7	pedia-father-all	
PEDIA.TXT:@JOB0	txt	百科	pedia	normal	shown	confirmed	8	pedia-job-all	
PEDIA.TXT:@JOB1	txt	百科	pedia	normal	shown	confirmed	8	pedia-job-all	
PEDIA.TXT:@JOB10	txt	百科	pedia	normal	shown	confirmed	8	pedia-job-all	
PEDIA.TXT:@JOB11	txt	百科	pedia	normal	shown	confirmed	6	pedia-job-all	
PEDIA.TXT:@JOB12	txt	百科	pedia	normal	shown	confirmed	7	pedia-job-all	
PEDIA.TXT:@JOB13	txt	百科	pedia	normal	shown	confirmed	8	pedia-job-all	
PEDIA.TXT:@JOB14	txt	百科	pedia	normal	shown	confirmed	7	colonizopedia,pedia-job-all	
PEDIA.TXT:@JOB15	txt	百科	pedia	normal	shown	confirmed	6	pedia-job-all	
PEDIA.TXT:@JOB16	txt	百科	pedia	normal	shown	confirmed	8	pedia-job-all	
PEDIA.TXT:@JOB17	txt	百科	pedia	normal	shown	confirmed	7	pedia-job-all	
PEDIA.TXT:@JOB18	txt	百科	pedia	unreachable	unreachable		1		
PEDIA.TXT:@JOB19	txt	百科	pedia	normal	shown	confirmed	6	pedia-job-all	
PEDIA.TXT:@JOB2	txt	百科	pedia	normal	shown	confirmed	8	pedia-job-all	
PEDIA.TXT:@JOB20	txt	百科	pedia	normal	shown	confirmed	8	pedia-job-all	
PEDIA.TXT:@JOB21	txt	百科	pedia	normal	shown	confirmed	6	pedia-job-all	
PEDIA.TXT:@JOB22	txt	百科	pedia	normal	shown	confirmed	7	pedia-job-all	
PEDIA.TXT:@JOB23	txt	百科	pedia	normal	shown	confirmed	6	pedia-job-all	
PEDIA.TXT:@JOB24	txt	百科	pedia	normal	shown	confirmed	9	pedia-job-all	
PEDIA.TXT:@JOB25	txt	百科	pedia	normal	shown	confirmed	8	pedia-job-all	
PEDIA.TXT:@JOB26	txt	百科	pedia	normal	shown	confirmed	6	pedia-job-all	
PEDIA.TXT:@JOB27	txt	百科	pedia	normal	shown	confirmed	5	pedia-job-all	
PEDIA.TXT:@JOB3	txt	百科	pedia	normal	shown	confirmed	8	pedia-job-all	
PEDIA.TXT:@JOB4	txt	百科	pedia	normal	shown	confirmed	9	pedia-job-all	
PEDIA.TXT:@JOB5	txt	百科	pedia	normal	shown	confirmed	5	pedia-job-all	
PEDIA.TXT:@JOB6	txt	百科	pedia	normal	shown	confirmed	9	pedia-job-all	
PEDIA.TXT:@JOB7	txt	百科	pedia	normal	shown	confirmed	6	pedia-job-all	
PEDIA.TXT:@JOB8	txt	百科	pedia	normal	shown	confirmed	9	pedia-job-all	
PEDIA.TXT:@JOB9	txt	百科	pedia	normal	shown	confirmed	6	pedia-job-all	
PEDIA.TXT:@MISCELLANEOUS	txt	百科	string	normal	pending		12		
PEDIA.TXT:@PEDIA	txt	百科	string	normal	pending		7		
PEDIA.TXT:@TERRAIN0	txt	百科	pedia	normal	shown	confirmed	3	pedia-terrain-all	
PEDIA.TXT:@TERRAIN1	txt	百科	pedia	normal	shown	confirmed	3	pedia-terrain-all	
PEDIA.TXT:@TERRAIN10	txt	百科	pedia	normal	shown	confirmed	4	pedia-terrain-all	
PEDIA.TXT:@TERRAIN11	txt	百科	pedia	normal	shown	confirmed	4	pedia-terrain-all	
PEDIA.TXT:@TERRAIN12	txt	百科	pedia	normal	shown	confirmed	4	pedia-terrain-all	
PEDIA.TXT:@TERRAIN13	txt	百科	pedia	normal	shown	confirmed	4	pedia-terrain-all	
PEDIA.TXT:@TERRAIN14	txt	百科	pedia	normal	shown	confirmed	4	pedia-terrain-all	
PEDIA.TXT:@TERRAIN15	txt	百科	pedia	normal	shown	confirmed	4	pedia-terrain-all	
PEDIA.TXT:@TERRAIN16	txt	百科	pedia	conditional	pending		4		
PEDIA.TXT:@TERRAIN17	txt	百科	pedia	conditional	pending		4		
PEDIA.TXT:@TERRAIN18	txt	百科	pedia	conditional	pending		4		
PEDIA.TXT:@TERRAIN19	txt	百科	pedia	conditional	pending		4		
PEDIA.TXT:@TERRAIN2	txt	百科	pedia	normal	shown	confirmed	4	pedia-terrain-all	
PEDIA.TXT:@TERRAIN20	txt	百科	pedia	conditional	pending		4		
PEDIA.TXT:@TERRAIN21	txt	百科	pedia	conditional	pending		3		
PEDIA.TXT:@TERRAIN22	txt	百科	pedia	conditional	pending		4		
PEDIA.TXT:@TERRAIN23	txt	百科	pedia	conditional	pending		4		
PEDIA.TXT:@TERRAIN24	txt	百科	pedia	normal	shown	confirmed	2	colonizopedia,pedia-terrain-all	
PEDIA.TXT:@TERRAIN25	txt	百科	pedia	normal	shown	confirmed	3	pedia-terrain-all	
PEDIA.TXT:@TERRAIN26	txt	百科	pedia	normal	shown	confirmed	5	pedia-terrain-all	
PEDIA.TXT:@TERRAIN27	txt	百科	pedia	normal	shown	confirmed	5	pedia-terrain-all	
PEDIA.TXT:@TERRAIN28	txt	百科	pedia	normal	shown	confirmed	4	pedia-terrain-all	
PEDIA.TXT:@TERRAIN3	txt	百科	pedia	normal	shown	confirmed	4	pedia-terrain-all	
PEDIA.TXT:@TERRAIN4	txt	百科	pedia	normal	shown	confirmed	4	pedia-terrain-all	
PEDIA.TXT:@TERRAIN5	txt	百科	pedia	normal	shown	confirmed	4	pedia-terrain-all	
PEDIA.TXT:@TERRAIN6	txt	百科	pedia	normal	shown	confirmed	3	pedia-terrain-all	
PEDIA.TXT:@TERRAIN7	txt	百科	pedia	normal	shown	confirmed	3	pedia-terrain-all	
PEDIA.TXT:@TERRAIN8	txt	百科	pedia	normal	shown	confirmed	4	pedia-terrain-all	
PEDIA.TXT:@TERRAIN9	txt	百科	pedia	normal	shown	confirmed	4	pedia-terrain-all	
PEDIA.TXT:@UNIT0	txt	百科	pedia	normal	shown	confirmed	10	pedia-unit-all	
PEDIA.TXT:@UNIT1	txt	百科	pedia	normal	shown	confirmed	6	pedia-unit-all	
PEDIA.TXT:@UNIT10	txt	百科	pedia	normal	shown	confirmed	5	pedia-unit-all	
PEDIA.TXT:@UNIT11	txt	百科	pedia	normal	shown	confirmed	8	pedia-unit-all	
PEDIA.TXT:@UNIT12	txt	百科	pedia	normal	shown	confirmed	7	pedia-unit-all	
PEDIA.TXT:@UNIT13	txt	百科	pedia	normal	shown	confirmed	3	pedia-unit-all	
PEDIA.TXT:@UNIT14	txt	百科	pedia	normal	shown	confirmed	4	pedia-unit-all	
PEDIA.TXT:@UNIT15	txt	百科	pedia	normal	shown	confirmed	3	pedia-unit-all	
PEDIA.TXT:@UNIT16	txt	百科	pedia	normal	shown	confirmed	6	pedia-unit-all	
PEDIA.TXT:@UNIT17	txt	百科	pedia	normal	shown	confirmed	3	pedia-unit-all	
PEDIA.TXT:@UNIT18	txt	百科	pedia	normal	shown	confirmed	6	pedia-unit-all	
PEDIA.TXT:@UNIT19	txt	百科	pedia	normal	shown	confirmed	3	pedia-unit-all	
PEDIA.TXT:@UNIT2	txt	百科	pedia	normal	shown	confirmed	5	pedia-unit-all	
PEDIA.TXT:@UNIT20	txt	百科	pedia	normal	shown	confirmed	6	colonizopedia,pedia-unit-all	
PEDIA.TXT:@UNIT21	txt	百科	pedia	normal	shown	confirmed	5	pedia-unit-all	
PEDIA.TXT:@UNIT22	txt	百科	pedia	normal	shown	confirmed	3	pedia-unit-all	
PEDIA.TXT:@UNIT23	txt	百科	pedia	unreachable	unreachable		1		
PEDIA.TXT:@UNIT3	txt	百科	pedia	normal	shown	confirmed	9	pedia-unit-all	
PEDIA.TXT:@UNIT4	txt	百科	pedia	normal	shown	confirmed	6	pedia-unit-all	
PEDIA.TXT:@UNIT5	txt	百科	pedia	normal	shown	confirmed	8	pedia-unit-all	
PEDIA.TXT:@UNIT6	txt	百科	pedia	normal	shown	confirmed	5	pedia-unit-all	
PEDIA.TXT:@UNIT7	txt	百科	pedia	normal	shown	confirmed	4	pedia-unit-all	
PEDIA.TXT:@UNIT8	txt	百科	pedia	normal	shown	confirmed	5	pedia-unit-all	
PEDIA.TXT:@UNIT9	txt	百科	pedia	normal	shown	confirmed	4	pedia-unit-all	
WOODCUT.TXT:@WOODCUT	txt	事件版畫	caption	normal	pending		17		colonizopedia,colony-buy-insufficient,colony-interactions,colony-strings,europe-reports,frontend-audio,input-labels,orders-disabled-map-label,sea-menus-occlusion
