message_id	source_file	source_file_sha256	text_offset	text_byte_length	source_bytes_sha256	source_en	zh_hant	status	notes
GAME.TXT:@AMERICA:0x00000231	GAME.TXT	67a6b5e22d1addc1ae13658d0d7824622f6d21c6c2bfdefc91f9749450cc2e3a	0x00000231	88	e1d3314192a781ed61e921e5693b361198defc14f6ee4a85c9b52a0e1e346e48	Would you like to use the original Americas map, or\na map prepared with the map editor?	您想使用原版的美洲地圖，還是用地圖編輯器製作的地圖？	draft	目標159
GAME.TXT:@MULTIREV:0x000003CB	GAME.TXT	67a6b5e22d1addc1ae13658d0d7824622f6d21c6c2bfdefc91f9749450cc2e3a	0x000003CB	215	0dfa3699c9ffe53d5f5d96cedc525973aeadeb224c0da52ae729115c08d40cf2	^^Warning!\n^\nThe Revolution does not function in multi-player mode.  If\nyou declare independence, the game will become a single player\ngame.  Are you sure you want to do this?\n\nDeclare independence\nNever Mind	^^警告！\n^\n革命在多人模式下無法進行。若您宣布獨立，遊戲將轉為單人模式進行。您確定要這麼做嗎？\n\n宣布獨立\n算了	draft	目標159
GAME.TXT:@LOADSIZE:0x00000904	GAME.TXT	67a6b5e22d1addc1ae13658d0d7824622f6d21c6c2bfdefc91f9749450cc2e3a	0x00000904	81	bf636a831f7676d0669a32481ac9ca783f03c13f0c0ae308389b39815e064d41	%STRING0 does not match the current map\nsize.  It cannot be loaded at this time.	%STRING0與目前地圖尺寸不符，此時無法載入。	draft	目標159
GAME.TXT:@VICEROY:0x00000B62	GAME.TXT	67a6b5e22d1addc1ae13658d0d7824622f6d21c6c2bfdefc91f9749450cc2e3a	0x00000B62	251	a49b45c1b9b013a6d200d791cae4aa122ed9a2edc70eb3fc6ee970ae704711b9	^^Year of Our Lord\n^^1492\n^\n^^An Audience With\n^^The King of %COUNTRY\n^\n"For the greater glory of %COUNTRY,\nwe dub thee Viceroy of the New World.\nGo and explore this new land. Settle\nit and bring wealth and glory to\nyourself and our nation."	^^主後\n^^1492年\n^\n^^覲見\n^^%COUNTRY國王\n^\n「為了%COUNTRY更崇高的榮耀，朕冊封你為新世界的副王。去探索這片新大陸，開拓殖民領地，為你自己與我們的國家帶來財富與榮耀。」	draft	目標159；Viceroy依既有難度稱號譯稿定為「副王」（與總督／Governor區分）；%COUNTRY為國名代入的變數，未見於控制碼清單但比照%STRING/%NUMBER原樣保留。
GAME.TXT:@VICEROY2:0x00000C8B	GAME.TXT	67a6b5e22d1addc1ae13658d0d7824622f6d21c6c2bfdefc91f9749450cc2e3a	0x00000C8B	246	dc857e8f34dbdce11e125270b63f1756a1ebdde630ab0e54d06dddc0f2b68832	^^Year of Our Lord\n^^1492\n^\n^^An Audience With\n^^The Stadtholder\n^\n"For the greater glory of %COUNTRY,\nwe dub thee Viceroy of the New World.\nGo and explore this new land. Settle\nit and bring wealth and glory to\nyourself and our nation."	^^主後\n^^1492年\n^\n^^覲見\n^^執政\n^\n「為了%COUNTRY更崇高的榮耀，朕冊封你為新世界的副王。去探索這片新大陸，開拓殖民領地，為你自己與我們的國家帶來財富與榮耀。」	draft	目標159；Stadtholder為荷蘭共和國元首頭銜，術語表未收錄，依史實慣譯「執政」；Viceroy比照@VICEROY譯為「副王」。
GAME.TXT:@LANDHO:0x00000ECE	GAME.TXT	67a6b5e22d1addc1ae13658d0d7824622f6d21c6c2bfdefc91f9749450cc2e3a	0x00000ECE	61	6852342517f501a95fa8f85a5338390a8318842f047a627613c2cc6623e41d6b	Land Ho!  What shall we call this new\nland, Your Excellency?	發現陸地了！閣下，這片新大陸該如何命名呢？	draft	目標159
GAME.TXT:@LANDFALL:0x00000FAD	GAME.TXT	67a6b5e22d1addc1ae13658d0d7824622f6d21c6c2bfdefc91f9749450cc2e3a	0x00000FAD	103	f0c3212071ec103263282b3bf11befc532382cac68f8979459dcb6c803fba6a8	Shall we make landfall, Your Excellency,\nand leave the ships behind?\n\nStay With Ships\nMake Landfall	閣下，我們要不要登陸，把船留在原地？\n\n留在船上\n登陸	draft	目標159
GAME.TXT:@LANDFALL2:0x0000103C	GAME.TXT	67a6b5e22d1addc1ae13658d0d7824622f6d21c6c2bfdefc91f9749450cc2e3a	0x0000103C	140	29588505be87335e295f9dfc747ad09938f4e22d1271b345052b2df94e1a9225	Our ships cannot navigate up this river,\nExcellency.  Shall we make landfall\nand leave the ships behind?\n\nStay With Ships\nMake Landfall	閣下，我們的船無法沿這條河流航行。要不要登陸，把船留在原地？\n\n留在船上\n登陸	draft	目標159
GAME.TXT:@ONLYPIO:0x000010E2	GAME.TXT	67a6b5e22d1addc1ae13658d0d7824622f6d21c6c2bfdefc91f9749450cc2e3a	0x000010E2	51	8e51a3399055de8fcdf1dd94637f16348b0660cf540c3cf67fee05dc7e482a22	That function can be performed only\nby {pioneers}.	這項作業只能由{前鋒}執行。	draft	目標159
GAME.TXT:@ONLYCOL:0x0000112F	GAME.TXT	67a6b5e22d1addc1ae13658d0d7824622f6d21c6c2bfdefc91f9749450cc2e3a	0x0000112F	52	ab1baf358a6313fe4d7633a8b1a3962a75c1cb575108824e6d90b6b60b75db3f	That function can be performed only\nby {colonists}.	這項作業只能由{殖民地居民}執行。	draft	目標159
GAME.TXT:@SHIPCOMBAT:0x00001180	GAME.TXT	67a6b5e22d1addc1ae13658d0d7824622f6d21c6c2bfdefc91f9749450cc2e3a	0x00001180	56	13a3957abbe8e14d96dba7d4bf69e7607ead53d56391747086ea5d07aab44f53	Only {Privateers} and {Frigates} can attack enemy ships.	只有{私掠船}和{快速艦}能攻擊敵方船隻。	draft	目標159
GAME.TXT:@LANDFIRST:0x0000121D	GAME.TXT	67a6b5e22d1addc1ae13658d0d7824622f6d21c6c2bfdefc91f9749450cc2e3a	0x0000121D	143	cf3dd20e1da8bc957b7723280c2798e5d79a66e70185308383bbcb7083793802	Land units cannot enter an enemy occupied square\nfrom on board a ship.  You must first unload them\ninto an empty or friendly-occupied square.	陸上單位無法從船上直接進入敵方佔領的方格，必須先將他們卸載到空地或我方佔領的方格。	draft	目標159
GAME.TXT:@SEACOLONY:0x000012C8	GAME.TXT	67a6b5e22d1addc1ae13658d0d7824622f6d21c6c2bfdefc91f9749450cc2e3a	0x000012C8	67	6acb8d888502ebdd42e87f9f48701b61154f0c0d18299c14a1c505fc051ecc01	It may surprise you to learn that colonies\ncannot be built at sea.	您可能會驚訝地發現，殖民領地無法建在海上。	draft	目標159
GAME.TXT:@NOPORT:0x00001324	GAME.TXT	67a6b5e22d1addc1ae13658d0d7824622f6d21c6c2bfdefc91f9749450cc2e3a	0x00001324	267	71bd01a1f80af30363c569800f7c71364b503082924f2d1209d6cc6c39bb9b4c	This square does not have access to the {ocean},\nYour Excellency.  If we build a {colony} here we\nmust transport its produce to {port}\nusing {wagon trains}, which we can build in any\ncolony.\n\n"Oh, I forgot about that."\n"And that is exactly what I had in mind."	閣下，這個方格無法通往{海洋}。若在此建立{殖民領地}，就必須把產物運到{港口}，而這得靠{貨車}——貨車可以在任何殖民領地建造。\n\n「喔，我倒是忘了這一點。」\n「這正是我原本的打算。」	draft	目標159
GAME.TXT:@FULL:0x00001482	GAME.TXT	67a6b5e22d1addc1ae13658d0d7824622f6d21c6c2bfdefc91f9749450cc2e3a	0x00001482	115	8043e56d414d8c92d5de8507c5fada319eeb1aefa6152d1cdeeb0900cdc27015	The colony of {%STRING0} is {far too crowded},\nExcellency.\nWe had best find another colony for these\nimmigrants.	閣下，{%STRING0}殖民領地{過度擁擠}，我們最好替這些移民找另一座殖民領地。	draft	目標159
GAME.TXT:@NEEDCOLLEGE:0x00001569	GAME.TXT	67a6b5e22d1addc1ae13658d0d7824622f6d21c6c2bfdefc91f9749450cc2e3a	0x00001569	79	397dc24d84898d5f1e1af661cabe632b339af2c58ff20bb7dbaf254be24c33a6	We must build a {college} to teach that\nprofession ({%STRING0}) in our colony.	我們必須在殖民領地建造{學院}，才能傳授該項專長（{%STRING0}）。	draft	目標159
GAME.TXT:@NEEDUNIVERSITY:0x000015D9	GAME.TXT	67a6b5e22d1addc1ae13658d0d7824622f6d21c6c2bfdefc91f9749450cc2e3a	0x000015D9	82	dd5d1a160fa9cfad5dc754869f5cf9731f40a5c15d5bc764b7944b1ee94ff0b7	We must build a {university} to teach that\nprofession ({%STRING0}) in our colony.	我們必須在殖民領地建造{大學}，才能傳授該項專長（{%STRING0}）。	draft	目標159
GAME.TXT:@TRAINFAIL:0x00001649	GAME.TXT	67a6b5e22d1addc1ae13658d0d7824622f6d21c6c2bfdefc91f9749450cc2e3a	0x00001649	256	b7009fc0513f7871661aa5490e5ca2e3ce32b78abe6d1779e47e710af347dfd3	We have a {teacher} in {%STRING0}, but all the colonists\nthere already have specialty professions.  Perhaps\nyou should clear the specialty of one of the colonists\nby selecting him on the colony screen and picking\n"{Clear Specialty}" from the Jobs menu.	我們的{老師}已在{%STRING0}任教，但當地殖民地居民都已經有專長了。您或許可以在殖民領地畫面選取其中一位，從工作選單選擇「{清除專長}」，取消他的專長。	draft	目標159
GAME.TXT:@TRAINCRIMINAL:0x00001769	GAME.TXT	67a6b5e22d1addc1ae13658d0d7824622f6d21c6c2bfdefc91f9749450cc2e3a	0x00001769	81	3380cf31811db05d31dbeeecc8f9f7cfa3f9f4a5cf0d6af0be79839d3a210532	A {criminal} in {%STRING0} has become an {indentured\nservant} through education.	{輕刑罪犯}在{%STRING0}已經透過教育成為{僕役}。	draft	目標159
GAME.TXT:@TRAININDENTURED:0x000017DC	GAME.TXT	67a6b5e22d1addc1ae13658d0d7824622f6d21c6c2bfdefc91f9749450cc2e3a	0x000017DC	86	f1951d78aebff12a0b4fabdbdf0faf263f52dfa991857bb24bdc03e815576386	An {indentured servant} in {%STRING0} has become a\n{free colonist} through education.	{僕役}在{%STRING0}已經透過教育成為{自由移民}。	draft	目標159
GAME.TXT:@SIEGE:0x000018B9	GAME.TXT	67a6b5e22d1addc1ae13658d0d7824622f6d21c6c2bfdefc91f9749450cc2e3a	0x000018B9	181	850da66e0d091ca5b1356c6384b3cbe8cbe4b00f09c43399f863d53e22fbcb02	This colony is under {siege}, since enemy combat units\noutnumber friendly combat units in the area.  Until the siege is\nlifted, only Soldier and Dragoon units can be created here.	這座殖民領地正遭到{圍城}，因為當地的敵方戰鬥單位數量超過我方。圍城解除前，這裡只能建造士兵和龍騎兵單位。	draft	目標159；siege（圍城）與abandon（放棄）皆非terms.zh-Hant.tsv收錄詞，依上下文直譯常見軍事用語。
GAME.TXT:@ABANDON:0x00001994	GAME.TXT	67a6b5e22d1addc1ae13658d0d7824622f6d21c6c2bfdefc91f9749450cc2e3a	0x00001994	158	d9cf0aa7ce8612c94a9da8b0f4b02b74f6319cabb1cb0803bc304a421ae36f67	Shall we indeed {abandon} our %STRING0 colony,\nYour Excellency, forfeiting all of our hard work\nhere?\n\nYes, it is God's will.\nNever! That would be folly.	閣下，我們真的要{放棄}%STRING0殖民領地，捨棄我們在此的一切心血嗎？\n\n是的，這是上帝的旨意。\n絕不！那太愚蠢了。	draft	目標159
GAME.TXT:@ABANDON2:0x00001A5B	GAME.TXT	67a6b5e22d1addc1ae13658d0d7824622f6d21c6c2bfdefc91f9749450cc2e3a	0x00001A5B	235	27bbaf876b44ed47c4ddf7f9af28d3f6a051d070de3cf4e1c7d779f6c469de88	Shall we indeed {abandon} our %STRING0 colony,\nYour Excellency, forfeiting all of our hard work\nhere?  If we have no colonies at all after 1600,\nthe King may revoke our charter!\n\nYes, it is God's will.\nNever! That would be folly.	閣下，我們真的要{放棄}%STRING0殖民領地，捨棄我們在此的一切心血嗎？若1600年後我們一座殖民領地都沒有，國王可能會撤銷我們的特許狀！\n\n是的，這是上帝的旨意。\n絕不！那太愚蠢了。	draft	目標159
GAME.TXT:@SAILHOME:0x00001B6F	GAME.TXT	67a6b5e22d1addc1ae13658d0d7824622f6d21c6c2bfdefc91f9749450cc2e3a	0x00001B6F	142	afb8dbeb02f0964241cc038f6e463d0cad1a6e02920bcdb76518ed31f03b969d	We have reached the {high seas}, Your\nExcellency.  Shall we sail for\nEurope?\n\nYes, steady as she goes.\nNo, let us remain in these waters.	閣下，我們已經抵達{公海}。要不要啟航前往歐洲？\n\n是，穩住航向前進。\n不，留在這片海域。	draft	目標159
GAME.TXT:@SAILAWAY:0x00001C24	GAME.TXT	67a6b5e22d1addc1ae13658d0d7824622f6d21c6c2bfdefc91f9749450cc2e3a	0x00001C24	112	44de86b831ba7186711ace63200feacf85e052ae9779ed6f8f63ae1a3609d1e5	Shall we set sail for the {New World},\nYour Excellency?\n\nYes, steady as she goes.\nNo, let us remain in port.	閣下，我們要啟航前往{新世界}嗎？\n\n是，穩住航向前進。\n不，留在港口。	draft	目標159
GAME.TXT:@UNREST:0x00001D42	GAME.TXT	67a6b5e22d1addc1ae13658d0d7824622f6d21c6c2bfdefc91f9749450cc2e3a	0x00001D42	109	574f249d5c32e5a9a3f69b306d64ede27cea07c398f870745022906faae26f3b	Religious unrest in %COUNTRY causes increased\nemigration.  Colonists ({%STRING1}) now available in %STRING0.	%COUNTRY的宗教動盪導致移民人數增加。現有殖民地居民（{%STRING1}）已抵達%STRING0。	draft	目標159
GAME.TXT:@RECRUIT:0x00001DC9	GAME.TXT	67a6b5e22d1addc1ae13658d0d7824622f6d21c6c2bfdefc91f9749450cc2e3a	0x00001DC9	135	2ceec90c186f317c5b912b161b1693b70fac634f811bd2074921e8fbe5f9fbe9	The following individuals will\naccompany us to the New World if we will\npay their passage ({%NUMBER0 gold}).  Whom\nshall we recruit?	只要支付船費（{%NUMBER0金幣}），以下人選就願意隨我們前往新世界。要招募哪一位？	draft	目標159
GAME.TXT:@RECRUITCHOOSE:0x00001E70	GAME.TXT	67a6b5e22d1addc1ae13658d0d7824622f6d21c6c2bfdefc91f9749450cc2e3a	0x00001E70	213	78ded3037d8281cae2c1e5a52e691f643b2ddc8aedd2bc44b56a79db4c4b6d81	Religious unrest in %COUNTRY causes increased\nemigration.  Colonists now available in %STRING0.\nThe following individuals will\naccompany us to the New World to\npursue religious freedom.  Whom shall we recruit?	%COUNTRY的宗教動盪導致移民人數增加，%STRING0現有殖民地居民可供招募。以下人選願意隨我們前往新世界追求信仰自由。要招募哪一位？	draft	目標159
GAME.TXT:@RECRUIT2:0x00001F62	GAME.TXT	67a6b5e22d1addc1ae13658d0d7824622f6d21c6c2bfdefc91f9749450cc2e3a	0x00001F62	94	5f9c1dee4ab79a836b90c0c368423a2a2130278485079d925970851fe3559605	The following specialty professions are available\namong the %STRING0. Which shall we recruit?	%STRING0目前有以下專長人選可供招募，要招募哪一位？	draft	目標159
GAME.TXT:@KINGRECRUIT:0x00001FEC	GAME.TXT	67a6b5e22d1addc1ae13658d0d7824622f6d21c6c2bfdefc91f9749450cc2e3a	0x00001FEC	117	cd8e6a3dd7e1ace344601019bba3fa406a7effcfcd43a6d3628e17c86096306a	The {Royal University} can provide us with specialists\nif we grease the right palms.  Which\nskill shall we request?	只要打點得宜，{皇家大學}就能為我們提供專家。要指定哪一項技能？	draft	目標159；Royal University非terms.zh-Hant.tsv中的University建築，是歐洲畫面另一花錢招募專家的虛構機制名稱，比照Royal Expeditionary Force的「皇家」譯法；grease the right palms（賄賂）意譯為「打點得宜」。
GAME.TXT:@PURCHASE:0x0000207E	GAME.TXT	67a6b5e22d1addc1ae13658d0d7824622f6d21c6c2bfdefc91f9749450cc2e3a	0x0000207E	61	cfb44beb879adaebac40da17e6258e054441ed7244fe7da1f2dbeda2df5f61f9	The following items are available.  Which shall\nwe purchase?	以下品項可供購買，要買哪一項？	draft	目標159
GAME.TXT:@SCHOOL1:0x000020D5	GAME.TXT	67a6b5e22d1addc1ae13658d0d7824622f6d21c6c2bfdefc91f9749450cc2e3a	0x000020D5	90	9add9f60b15b21b416aa7d073c21cfd3fb274990b3dafcd81d873a8f974bf8ce	The {Schoolhouse} can support a faculty of only {one}\nteacher at a time, Your Excellency.	閣下，{學校}一次只能容納{一}位教師任教。	draft	目標159
GAME.TXT:@COLLEGE2:0x0000214A	GAME.TXT	67a6b5e22d1addc1ae13658d0d7824622f6d21c6c2bfdefc91f9749450cc2e3a	0x0000214A	87	a10ab960ed8ba891e477c2ae761f5716e95409ce0d6f2ef8e7059d546dd464d1	The {College} can support a faculty of only {two}\nteachers at a time, Your Excellency.	閣下，{學院}一次只能容納{兩}位教師任教。	draft	目標159
GAME.TXT:@UNIV3:0x000021B9	GAME.TXT	67a6b5e22d1addc1ae13658d0d7824622f6d21c6c2bfdefc91f9749450cc2e3a	0x000021B9	92	242ba0782cfe73d45b99ecfbd7e256611c73346d6024ade64fa54b0138c15aca	The {University} can support a faculty of only {three}\nteachers at a time, Your Excellency.	閣下，{大學}一次只能容納{三}位教師任教。	draft	目標159
GAME.TXT:@NODOCKS:0x0000222F	GAME.TXT	67a6b5e22d1addc1ae13658d0d7824622f6d21c6c2bfdefc91f9749450cc2e3a	0x0000222F	88	c1f2938cc745bb4e72761a5f7a586eff3f7f80af0fe89ebc344ee51bad6c1d78	We cannot operate fishing boats at this colony\nuntil we build {Docks}, Your Excellency.	閣下，這座殖民領地必須先建造{碼頭}，才能派出漁船作業。	draft	目標159
GAME.TXT:@CARGOREADY0:0x000022A5	GAME.TXT	67a6b5e22d1addc1ae13658d0d7824622f6d21c6c2bfdefc91f9749450cc2e3a	0x000022A5	66	8cf6fb2f729149f9954d2f496cb62010d9e9e53d068970cb75e6271b9f154ba2	A new cargo of {%STRING1} is ready at {%STRING0}, Your Excellency.	閣下，一批新的{%STRING1}已經在{%STRING0}備妥。	draft	目標159
GAME.TXT:@CARGOREADY1:0x00002305	GAME.TXT	67a6b5e22d1addc1ae13658d0d7824622f6d21c6c2bfdefc91f9749450cc2e3a	0x00002305	201	0d5e6a8d977b152af1cd4ceaa18ea8567a143354d1fd354f9d8087953d53f273	A new cargo of {%STRING1} is ready at {%STRING0}, Your Excellency.\n%STRING0 has reached its storage capacity for %STRING1 ({%NUMBER0}), so\nwe may wish to consider building a larger {warehouse} there.	閣下，一批新的{%STRING1}已經在{%STRING0}備妥。\n%STRING0的%STRING1庫存已經達到上限（{%NUMBER0}），\n或許該考慮在當地建造更大的{倉庫}。	draft	目標159
GAME.TXT:@CARGOREADY2:0x000023EE	GAME.TXT	67a6b5e22d1addc1ae13658d0d7824622f6d21c6c2bfdefc91f9749450cc2e3a	0x000023EE	136	2c9e935443b1a5ce1bad4db08ce30c74b563068ec01bdb51b78a7092c895aac6	A new cargo of {%STRING1} is ready at {%STRING0}, Your Excellency.\n%STRING0 has reached its storage capacity for %STRING1 ({%NUMBER0}).	閣下，一批新的{%STRING1}已經在{%STRING0}備妥。\n%STRING0的%STRING1庫存已經達到上限（{%NUMBER0}）。	draft	目標159
GAME.TXT:@LUMBER:0x00002491	GAME.TXT	67a6b5e22d1addc1ae13658d0d7824622f6d21c6c2bfdefc91f9749450cc2e3a	0x00002491	125	6fa1c9e7d51f4758e8abf8297315c7536621f0c06e5c82b2627b6873bfdf2ff6	{%STRING0} has run out of {lumber}, Your Excellency.  Our carpenters\ncannot continue their work until a new supply is found.	閣下，{%STRING0}的{木材}已經用盡，木匠們只能等到補充新貨才能繼續工作。	draft	目標159
GAME.TXT:@COTTON:0x00002527	GAME.TXT	67a6b5e22d1addc1ae13658d0d7824622f6d21c6c2bfdefc91f9749450cc2e3a	0x00002527	122	cca5326b57c52fa56a03d41af5ab94b42f0a8ac1b260134c27204839d2130466	{%STRING0} has run out of {cotton}, Your Excellency.  Our weavers\ncannot continue their work until a new supply is found.	閣下，{%STRING0}的{棉花}已經用盡，織布工們只能等到補充新貨才能繼續工作。	draft	目標159
GAME.TXT:@TOBACCO:0x000025BB	GAME.TXT	67a6b5e22d1addc1ae13658d0d7824622f6d21c6c2bfdefc91f9749450cc2e3a	0x000025BB	128	b60957e99f1c329dfb5b22e71366971cb01beb10df2f55df57f813da19509dad	{%STRING0} has run out of {tobacco}, Your Excellency.  Our tobacconists\ncannot continue their work until a new supply is found.	閣下，{%STRING0}的{煙草}已經用盡，煙草商們只能等到補充新貨才能繼續工作。	draft	目標159
GAME.TXT:@CANESUGAR:0x00002657	GAME.TXT	67a6b5e22d1addc1ae13658d0d7824622f6d21c6c2bfdefc91f9749450cc2e3a	0x00002657	124	e1a11bf6c6433c94367034e3dc6c0333243f78ebc05e25257f90148d34f5f611	{%STRING0} has run out of {sugar}, Your Excellency.  Our distillers\ncannot continue their work until a new supply is found.	閣下，{%STRING0}的{蔗糖}已經用盡，釀酒人們只能等到補充新貨才能繼續工作。	draft	目標159
GAME.TXT:@FURS:0x000026EA	GAME.TXT	67a6b5e22d1addc1ae13658d0d7824622f6d21c6c2bfdefc91f9749450cc2e3a	0x000026EA	124	ce0c58228b074985e01b753133f7fc2b0a702f0abca8c9365380493d29dd9ef7	{%STRING0} has run out of {furs}, Your Excellency.  Our fur traders\ncannot continue their work until a new supply is found.	閣下，{%STRING0}的{毛皮}已經用盡，毛皮商人們只能等到補充新貨才能繼續工作。	draft	目標159
GAME.TXT:@ORE:0x0000277C	GAME.TXT	67a6b5e22d1addc1ae13658d0d7824622f6d21c6c2bfdefc91f9749450cc2e3a	0x0000277C	123	17abf5acf18d1b4933dc6f8da38ee3ca44242d77734a7a36499259002837966f	{%STRING0} has run out of {ore}, Your Excellency.  Our blacksmiths\ncannot continue their work until a new supply is found.	閣下，{%STRING0}的{礦石}已經用盡，鐵匠們只能等到補充新貨才能繼續工作。	draft	目標159
GAME.TXT:@TOOLS:0x0000280F	GAME.TXT	67a6b5e22d1addc1ae13658d0d7824622f6d21c6c2bfdefc91f9749450cc2e3a	0x0000280F	123	7eed34fcb322623617949b2bc8de0c353f04abfa2d8fd1435a30c13d420e3566	{%STRING0} has run out of {tools}, Your Excellency.  Our gunsmiths\ncannot continue their work until a new supply is found.	閣下，{%STRING0}的{工具}已經用盡，槍匠們只能等到補充新貨才能繼續工作。	draft	目標159
GAME.TXT:@FOOD1:0x000028A4	GAME.TXT	67a6b5e22d1addc1ae13658d0d7824622f6d21c6c2bfdefc91f9749450cc2e3a	0x000028A4	63	c83ba9ea08ed4221adf138d36a9521b18ba5e5fd18023523be6e88995a31ba4d	Food stores have been depleted\nin {%STRING0}, Your Excellency!	閣下！{%STRING0}的食物儲備已經耗盡！	draft	目標159
GAME.TXT:@FOOD2:0x000028FB	GAME.TXT	67a6b5e22d1addc1ae13658d0d7824622f6d21c6c2bfdefc91f9749450cc2e3a	0x000028FB	119	f0767cfbd280f0048a3903148667a5932b6a7befa267672e0aaf0afa62a0adbb	Food stores have been depleted\nin {%STRING0}, Your Excellency!  {Winter} is coming soon and\nwe may {starve} to death!	閣下！{%STRING0}的食物儲備已經耗盡！{冬天}即將來臨，我們恐怕會活活{餓死}！	draft	目標159
GAME.TXT:@VANISH:0x0000298B	GAME.TXT	67a6b5e22d1addc1ae13658d0d7824622f6d21c6c2bfdefc91f9749450cc2e3a	0x0000298B	108	2ed592e19cf18fa00e5ff8a9213f6569c21540994f5360d37968770629698fad	Your Excellency!  Our colony at {%STRING0} has\nvanished!  The colonists appear\nto have {starved} to death.	閣下！我們位於{%STRING0}的殖民領地已經消失了！殖民地居民似乎已經活活{餓死}。	draft	目標159
GAME.TXT:@STARVE1:0x00002A11	GAME.TXT	67a6b5e22d1addc1ae13658d0d7824622f6d21c6c2bfdefc91f9749450cc2e3a	0x00002A11	127	3d1ca664d284df95a71134bfe4933ca7173dbb8edc0ae67a836eb6977fab513e	{%STRING0} colony has run out of food, Your Excellency!\nIn this harsh winter weather, many colonists are {starving}\nto death.	閣下！{%STRING0}殖民領地的食物已經用盡！在這嚴酷的冬季天候中，許多殖民地居民正在活活{餓死}。	draft	目標159
GAME.TXT:@STARVE2:0x00002AAA	GAME.TXT	67a6b5e22d1addc1ae13658d0d7824622f6d21c6c2bfdefc91f9749450cc2e3a	0x00002AAA	142	5ac314d9bf7f2163cec3dda9f5f58ebe31154db11bf83e0a2c3f025e6b63a59c	{%STRING0} colony has run out of food, Your Excellency!\nColonists are {starving} to death, and to make matters worse,\nwinter is coming soon.	閣下！{%STRING0}殖民領地的食物已經用盡！殖民地居民正在活活{餓死}，更糟的是，冬天即將來臨。	draft	目標159
GAME.TXT:@FOODLOW:0x00002B52	GAME.TXT	67a6b5e22d1addc1ae13658d0d7824622f6d21c6c2bfdefc91f9749450cc2e3a	0x00002B52	159	56f588b8b4dd5b6f72b0b73fdb2c31365533875a9ba9e6c023abee84179eac2a	The colony of {%STRING0} is rapidly depleting its\nfood supply, Your Excellency.  We have only {%NUMBER0 food}\nleft.  We must have food for the winter months.	閣下，{%STRING0}殖民領地的糧食正在迅速枯竭，我們只剩下{%NUMBER0單位食物}，必須儲備糧食以度過冬季。	draft	目標159
GAME.TXT:@SPOIL1:0x00002C0A	GAME.TXT	67a6b5e22d1addc1ae13658d0d7824622f6d21c6c2bfdefc91f9749450cc2e3a	0x00002C0A	182	7edce5e4b68535e2d79921770b7567575cd4b4b94c548cc339befe4906622aa1	The colony of {%STRING0} has exceeded its warehouse capacity.\n{%NUMBER0} tons of {%STRING1} have been thrown away.\nA larger {warehouse} could hold another {100} tons of this cargo.	閣下，{%STRING0}殖民領地已經超過倉庫容量。{%NUMBER0}噸的{%STRING1}被丟棄了。更大的{倉庫}可以多容納{100}噸這類貨物。	draft	目標159
GAME.TXT:@SPOIL2:0x00002CD9	GAME.TXT	67a6b5e22d1addc1ae13658d0d7824622f6d21c6c2bfdefc91f9749450cc2e3a	0x00002CD9	169	4e0b66c48a20ab26277aef17bc9c3a8cc93906df7a77202aedaca96cc4cf94b2	The colony of {%STRING0} has exceeded its warehouse capacity.\nSome of our cargo has been thrown away.\nA larger {warehouse} could hold another {100} tons of this cargo.	閣下，{%STRING0}殖民領地已經超過倉庫容量。部分貨物已經被丟棄。更大的{倉庫}可以多容納{100}噸這類貨物。	draft	目標159
GAME.TXT:@SPOIL3:0x00002D9B	GAME.TXT	67a6b5e22d1addc1ae13658d0d7824622f6d21c6c2bfdefc91f9749450cc2e3a	0x00002D9B	115	c038e0af26b5b9c62fcfc8cdc450d6c176838126e77562ce5c6e1a4e41895d52	The colony of {%STRING0} has exceeded its warehouse capacity.\n{%NUMBER0} tons of {%STRING1} have been thrown away.	閣下，{%STRING0}殖民領地已經超過倉庫容量。{%NUMBER0}噸的{%STRING1}被丟棄了。	draft	目標159
GAME.TXT:@SPOIL4:0x00002E27	GAME.TXT	67a6b5e22d1addc1ae13658d0d7824622f6d21c6c2bfdefc91f9749450cc2e3a	0x00002E27	102	7ec7a407e9401a4b09cc7e41f63524c7cc155d7da420dde9069e2dd995096fa5	The colony of {%STRING0} has exceeded its warehouse capacity.\nSome of our cargo has been thrown away.	閣下，{%STRING0}殖民領地已經超過倉庫容量。部分貨物已經被丟棄。	draft	目標159
GAME.TXT:@BUYME0:0x00002EA8	GAME.TXT	67a6b5e22d1addc1ae13658d0d7824622f6d21c6c2bfdefc91f9749450cc2e3a	0x00002EA8	60	4d7b50c35be4f0b6c0f947e02da53f73aa4e3cdfcfd6c15bf755c4cb58660250	Cost to complete %STRING0: %NUMBER0$.\n^Treasury: %NUMBER1$.	完成%STRING0需要花費%NUMBER0$。\n^國庫：%NUMBER1$。	draft	目標159
GAME.TXT:@BUYME1:0x00002F09	GAME.TXT	67a6b5e22d1addc1ae13658d0d7824622f6d21c6c2bfdefc91f9749450cc2e3a	0x00002F09	89	1992fcfe57842da710b7f5163855308f5b1d043ea11b3648e08acdc1573bd984	Cost to complete %STRING0: %NUMBER0$.\n^Treasury: %NUMBER1$.\n\nNever mind.\nComplete it.	完成%STRING0需要花費%NUMBER0$。\n^國庫：%NUMBER1$。\n\n算了。\n立即完成。	draft	目標159
GAME.TXT:@DEFOREST:0x00002F7F	GAME.TXT	67a6b5e22d1addc1ae13658d0d7824622f6d21c6c2bfdefc91f9749450cc2e3a	0x00002F7F	28	6e69be1cd7cdd0100d3d7e3287e9e582bc5d88d5d07145c0cc09f54fe092d915	Deforestation near %STRING0.	%STRING0附近的森林遭到砍伐。	draft	目標159
GAME.TXT:@DEPLETION:0x00002FB7	GAME.TXT	67a6b5e22d1addc1ae13658d0d7824622f6d21c6c2bfdefc91f9749450cc2e3a	0x00002FB7	28	a5ed136c93065ba9cddb66e7e96f04fef0ea0810cf0749caf00078b7c24501e0	Mine depleted near %STRING0.	%STRING0附近的礦坑已經枯竭。	draft	目標159
GAME.TXT:@UNITFLAG:0x00002FEE	GAME.TXT	67a6b5e22d1addc1ae13658d0d7824622f6d21c6c2bfdefc91f9749450cc2e3a	0x00002FEE	49	4b191f018ab8d002059cbbba9fc2e28cb1cefee0e8c4e3a9a0f7fc862b10df90	Unit Flags Error (%NUMBER0, %NUMBER1) (%STRING0).	單位旗標錯誤（%NUMBER0、%NUMBER1）（%STRING0）。	draft	目標159
GAME.TXT:@COLONYFLAG:0x0000303C	GAME.TXT	67a6b5e22d1addc1ae13658d0d7824622f6d21c6c2bfdefc91f9749450cc2e3a	0x0000303C	19	4ac3bac529c6a7e67e41dd708393b033e1826290736c834f521fabcdd5c68dc9	Colony Flags Error.	殖民領地旗標錯誤。	draft	目標159
GAME.TXT:@LOSTCITY0:0x0000306B	GAME.TXT	67a6b5e22d1addc1ae13658d0d7824622f6d21c6c2bfdefc91f9749450cc2e3a	0x0000306B	52	a95dd6e5536b09bae20781b9b04f1be32162e19c3483353fd541173e46e1015e	Which of the following individuals shall we recruit?	我們該招募下列哪一位人選？	draft	目標159
GAME.TXT:@LOSTCITY1:0x000030BB	GAME.TXT	67a6b5e22d1addc1ae13658d0d7824622f6d21c6c2bfdefc91f9749450cc2e3a	0x000030BB	135	520f8aef0fc195242eb1e375d4575ef1e739ab904edb47c055dca1cee9516090	You have discovered a {Fountain\nof Youth}!  Rumors fly in Europe! Immigrants line\nthe docks to seek perpetual youth in the New World!	您發現了{青春之泉}！消息傳回歐洲後掀起熱潮，移民們紛紛湧向碼頭，只為了到新世界追求長生不老！	draft	目標159；不換：Rumors fly 指消息傳開
GAME.TXT:@LOSTCITY2:0x0000315E	GAME.TXT	67a6b5e22d1addc1ae13658d0d7824622f6d21c6c2bfdefc91f9749450cc2e3a	0x0000315E	169	832a53093b97b3223b71785b528a08e673f387e2b113fc91c0cf12483417ca7a	You have found one of the {Seven\nCities of Cibola}!  Treasure worth {%NUMBER1$} unearthed\nin the ruins!  It will take a {Galleon} to get this\ntreasure back to Europe!	您找到了傳說中的{錫伯拉七城}之一！廢墟中挖出價值{%NUMBER1$}的寶藏！得靠一艘{帆船}才能把這批寶藏運回歐洲！	draft	目標159；Cibola（錫伯拉七城）沿用glossary.zh-Hant.tsv候選音譯「錫伯拉」，terms.zh-Hant.tsv未收錄此詞，屬非定稿譯名，待覆核。
GAME.TXT:@LOSTCITY3:0x00003223	GAME.TXT	67a6b5e22d1addc1ae13658d0d7824622f6d21c6c2bfdefc91f9749450cc2e3a	0x00003223	92	321d8f050f410aefaf65f6abbc4b1b6a1359ba9123cfb4d55a5dcc50c3cb910e	You find the ruins of a lost civilization.\nWithin are gold and artifacts worth {%NUMBER0$}.	您發現了一座失落文明的遺跡，裡頭有價值{%NUMBER0$}的黃金與文物。	draft	目標159
GAME.TXT:@LOSTCITY4:0x0000329B	GAME.TXT	67a6b5e22d1addc1ae13658d0d7824622f6d21c6c2bfdefc91f9749450cc2e3a	0x0000329B	109	3bc634a15328c4526d6c202516de415c77e91163697af932632ee9faa975b78a	Your expedition happens upon strange burial\nmounds.\n\n"Let us search for treasure!"\n"Stay clear of those!"	探險隊遇上了一片奇特的墓地。\n\n「讓我們搜尋寶藏！」\n「離那些東西遠一點！」	draft	目標159；burial mounds 簡化譯為「墓地」，未強調土丘意象，避免使用生僻字「塚」。
GAME.TXT:@SCREWED:0x00003324	GAME.TXT	67a6b5e22d1addc1ae13658d0d7824622f6d21c6c2bfdefc91f9749450cc2e3a	0x00003324	124	dd671ede50cf788322130ea63b68cd8faefa3a53c1a8fa87476ec28a75e8799f	"These are the burial grounds of our\nancient {%STRING0} fathers!  You have\ntrespassed on sacred land.  Now\nyou must die!"	「這裡是我們{%STRING0}祖先安息的聖地！你們竟敢褻瀆此地，如今都難逃一死！」	draft	目標159
GAME.TXT:@BURIAL1:0x000033BA	GAME.TXT	67a6b5e22d1addc1ae13658d0d7824622f6d21c6c2bfdefc91f9749450cc2e3a	0x000033BA	30	104e73de13947e710ba49de5488ecd033e253702326c2c927057992231df52f1	The mounds are cold and empty.	墓地裡冰冷而空蕩，什麼也沒有。	draft	目標159
GAME.TXT:@BURIAL2:0x000033F2	GAME.TXT	67a6b5e22d1addc1ae13658d0d7824622f6d21c6c2bfdefc91f9749450cc2e3a	0x000033F2	44	a4c055abea15124f971ad09623f80d6ed7e496a57fc88cec7b0e8cdf7ac44a4c	Within, you find trinkets worth {%NUMBER0$}.	裡頭找到了一些價值{%NUMBER0$}的小飾品。	draft	目標159
GAME.TXT:@BURIAL3:0x00003438	GAME.TXT	67a6b5e22d1addc1ae13658d0d7824622f6d21c6c2bfdefc91f9749450cc2e3a	0x00003438	119	c8923dc5775db2bbb63bf128932635fd647c8d1a928d80394a02ff6159fc889b	Within, you find incredible treasure worth {%NUMBER1$}!\nIt will take a {Galleon} to get this treasure back\nto Europe!	裡頭找到了價值{%NUMBER1$}的驚人寶藏！得靠一艘{帆船}才能把這批寶藏運回歐洲！	draft	目標159
GAME.TXT:@LOSTCITY5:0x000034CD	GAME.TXT	67a6b5e22d1addc1ae13658d0d7824622f6d21c6c2bfdefc91f9749450cc2e3a	0x000034CD	46	3aacd773963d27b41a2f02f16fe16b9c2f8043e00f53094a777a36e4fb399992	Your expedition has vanished without\na trace!	探險隊已經消失得無影無蹤！	draft	目標159
GAME.TXT:@LOSTCITY6:0x00003517	GAME.TXT	67a6b5e22d1addc1ae13658d0d7824622f6d21c6c2bfdefc91f9749450cc2e3a	0x00003517	28	b94e9b54d65656f9406ecad1b03be7a96aaff19f8420b90ceba2e8adcf2db81c	You find nothing but rumors.	您什麼也沒找到，只有一堆謠言。	draft	目標159
GAME.TXT:@LOSTCITY7:0x00003551	GAME.TXT	67a6b5e22d1addc1ae13658d0d7824622f6d21c6c2bfdefc91f9749450cc2e3a	0x00003551	109	bd35e767c6110e4022da56745f7179a16c0168cca12a25ced3650369065ab89d	Your expedition enters the village of a small,\nfriendly tribe.  The chief offers you a gift\nof {%NUMBER0$}.	探險隊進入了一個弱小、友善部落的村莊。酋長贈送您價值{%NUMBER0$}的禮物。	draft	目標159
GAME.TXT:@LOSTCITY8:0x000035DC	GAME.TXT	67a6b5e22d1addc1ae13658d0d7824622f6d21c6c2bfdefc91f9749450cc2e3a	0x000035DC	96	fe9187867630870d5ca318a76e1345824fc4ffbc2389e80f946a3ab2dad189a9	"You are trespassing near our holy {%STRING0} shrines!  The\n%STRING0 tribe is most displeased!"	「你們正逼近我們{%STRING0}的聖地！%STRING0部落對此非常不悅！」	draft	目標159
GAME.TXT:@LOSTCITY9:0x0000365A	GAME.TXT	67a6b5e22d1addc1ae13658d0d7824622f6d21c6c2bfdefc91f9749450cc2e3a	0x0000365A	136	203c00b297aed3c366898f87484130d6865a6b69d35a89ae1fcfcbaabf788bc0	You happen upon the desperate survivors of\na former colony.  In exchange for badly needed\nsupplies, they swear allegiance to %STRING0.	您遇見了一群走投無路的舊殖民領地倖存者。為了換取急需的補給，他們向%STRING0宣誓效忠。	draft	目標159
GAME.TXT:@SNEAK:0x000036FC	GAME.TXT	67a6b5e22d1addc1ae13658d0d7824622f6d21c6c2bfdefc91f9749450cc2e3a	0x000036FC	43	68dbbd5b85f23844355d63817262a7ab2c4fdc9df4f52d1427d3672cad3bd325	Sneak attack by the treacherous {%STRING0}!	背信忘義的{%STRING0}發動突襲！	draft	目標159
GAME.TXT:@CANCELPEACE:0x00003747	GAME.TXT	67a6b5e22d1addc1ae13658d0d7824622f6d21c6c2bfdefc91f9749450cc2e3a	0x00003747	47	c5e0088785b05448dc928f34ec405ed7cf1aba02e0533dfc330fd1c3be5855bc	{%STRING0} cancel peace treaty with {%STRING1}.	{%STRING0}片面撕毀與{%STRING1}的和平條約。	draft	目標159
GAME.TXT:@SIGNTREATY:0x00003793	GAME.TXT	67a6b5e22d1addc1ae13658d0d7824622f6d21c6c2bfdefc91f9749450cc2e3a	0x00003793	57	10252f6a22872f3a63931162644b1b7caf31cd94646a39e3684f9e7e254c3066	The {%STRING0} and {%STRING1} have signed a peace treaty.	{%STRING0}與{%STRING1}已經簽署和平條約。	draft	目標159
GAME.TXT:@DECLAREWAR:0x000037E9	GAME.TXT	67a6b5e22d1addc1ae13658d0d7824622f6d21c6c2bfdefc91f9749450cc2e3a	0x000037E9	45	08ff2067ea9029d286fed2e35cc1374d2c5a054e708785ceb7c1baa46f3b9138	The {%STRING0} and {%STRING1} are now at war.	{%STRING0}與{%STRING1}如今已經開戰。	draft	目標159
GAME.TXT:@HAVETREATY:0x00003835	GAME.TXT	67a6b5e22d1addc1ae13658d0d7824622f6d21c6c2bfdefc91f9749450cc2e3a	0x00003835	103	fe327413a0f4759963c41742a9539ed8310ec747c697ac0a5d1564a2ea1ad094	"We have signed a peace treaty with the {%STRING0},\nYour Excellency."\n\nCancel Action.\nBreak Treaty.	「我們已經與{%STRING0}簽署了和平條約，閣下。」\n\n取消動作。\n撕毀條約。	draft	目標159
GAME.TXT:@WHACKINDIANS:0x000038BD	GAME.TXT	67a6b5e22d1addc1ae13658d0d7824622f6d21c6c2bfdefc91f9749450cc2e3a	0x000038BD	59	6f6ae113dd13049674a489c9aab5ef88efbd48042457f44c1e535f35985ceb33	Shall we attack the {%STRING0}, Your Excellency?\n\nYes\nNo	閣下，我們要攻擊{%STRING0}嗎？\n\n是\n否	draft	目標159
GAME.TXT:@VILLAGEHAPPY:0x00003917	GAME.TXT	67a6b5e22d1addc1ae13658d0d7824622f6d21c6c2bfdefc91f9749450cc2e3a	0x00003917	150	8a22c80d737b9a29de0110cf6eaec1495372debddf81461a3cab9b440f9d3e75	Your expedition has reached a %STRING0 of {%STRING1}.  The\ninhabitants are peacefully working in the surrounding fields.\nThey wave to you {happily}.	探險隊抵達了一座%STRING0，屬於{%STRING1}。居民正在周圍田野間和平地耕作，並{開心地}向你們揮手。	draft	目標159
GAME.TXT:@VILLAGESAVAGE:0x000039CD	GAME.TXT	67a6b5e22d1addc1ae13658d0d7824622f6d21c6c2bfdefc91f9749450cc2e3a	0x000039CD	218	2d68ccfd890a8331afd6527f311dfeb1f5e8c59680be171865a2ba61404478c5	Your expedition has reached a %STRING0 of {%STRING1}.  The\ninhabitants are busy\nin the surrounding fields.  As they wave to you {happily},\nyou notice a collection of scalps hanging threateningly from\na nearby tree.	探險隊抵達了一座%STRING0，屬於{%STRING1}。居民正忙碌地在周圍田野間工作。當他們{開心地}向你們揮手時，你們注意到附近一棵樹上，威嚇似地掛著一串頭皮。	draft	目標159
GAME.TXT:@VILLAGEMEDIUM:0x00003AC7	GAME.TXT	67a6b5e22d1addc1ae13658d0d7824622f6d21c6c2bfdefc91f9749450cc2e3a	0x00003AC7	187	bc95bd94f80a79e0cafbd63ce7c96688b4d0504c106371295169dd5cd93c5ee7	Your expedition has reached a %STRING0 of {%STRING1}.  The\ninhabitants are busy in the surrounding fields.\nSmall parties of warriors practice\n{archery} and frown at you {suspiciously}.	探險隊抵達了一座%STRING0，屬於{%STRING1}。居民正忙著在周圍田野間工作。一小隊戰士正在練習{弓術}，並{狐疑地}對你們皺眉。	draft	目標159
GAME.TXT:@VILLAGEBAD:0x00003B9F	GAME.TXT	67a6b5e22d1addc1ae13658d0d7824622f6d21c6c2bfdefc91f9749450cc2e3a	0x00003B9F	130	ae4925569f86d774159b14770f7809fba8c0660f6942063fe4b0f5feb9b9d714	Your expedition has reached a %STRING0 of {%STRING1}.  A\nband of {warriors} eyes you warily.  The others\nare nowhere to be seen.	探險隊抵達了一座%STRING0，屬於{%STRING1}。一隊{戰士}正警戒地盯著你們，其他人則不見蹤影。	draft	目標159
GAME.TXT:@VILLAGEWAR:0x00003C3E	GAME.TXT	67a6b5e22d1addc1ae13658d0d7824622f6d21c6c2bfdefc91f9749450cc2e3a	0x00003C3E	177	fa438cdcd1520d57c2242a865128630671526e611fec2313ccc1b3cdc858884c	Your expedition has reached a %STRING0 of {%STRING1}.  A\ncollection of scalps hangs threateningly from a nearby\ntree.  From within, you hear the ominous sound\nof {war drums}.	貴部遠征隊來到了一座%STRING0，隸屬{%STRING1}部落。\n附近一棵樹上，觸目驚心地掛著一串頭皮，\n林子深處傳來令人心驚的\n{戰鼓}聲。	draft	目標159
GAME.TXT:@INDIANWELCOME:0x00003D13	GAME.TXT	67a6b5e22d1addc1ae13658d0d7824622f6d21c6c2bfdefc91f9749450cc2e3a	0x00003D13	255	248e1ab0174ac8a82be24c59b2ec1e0024b5eff9aa3afadf8272c71856328631	"The {%STRING0} tribe welcomes you.\nWe are a glorious nation of {%NUMBER0 %STRING1}.\nTo celebrate our friendship, we generously\noffer you the land you now occupy as a gift.\nWill you accept our treaty and live\nwith us in peace as brothers?"\n\nYes\nNo	「{%STRING0}部落歡迎貴方到來。\n我們是{%NUMBER0 %STRING1}組成的光榮國度。\n為慶祝彼此的友誼，我們願意慷慨地\n將貴方目前佔用的土地當作禮物相贈。\n貴方願意接受我們的和約，\n與我們情同手足、和平共處嗎？」\n\n是\n否	draft	目標159
GAME.TXT:@INDIANBOW:0x00003E2E	GAME.TXT	67a6b5e22d1addc1ae13658d0d7824622f6d21c6c2bfdefc91f9749450cc2e3a	0x00003E2E	136	1c3adf536c5cbd9fc5af803a354e3cd3b348453e932a14b17b772cfa229dad8b	"The {%STRING0} tribe bows before the might of the {%STRING1}.\nIn tribute to your greatness, we give you all the land you\nnow occupy."	「{%STRING0}部落在{%STRING1}的威勢面前俯首稱臣。\n為表彰貴方的偉大，我們願將貴方\n目前佔用的土地全數奉上。」	draft	目標159；不換：in tribute to 是「表彰」，不是貢品
GAME.TXT:@INDIANTREATY:0x00003ED5	GAME.TXT	67a6b5e22d1addc1ae13658d0d7824622f6d21c6c2bfdefc91f9749450cc2e3a	0x00003ED5	217	c84a30c9220029a18dc57147c68f25929ce72b6b86ccfaf97d2840215c9bedb2	"The {%STRING0} tribe bows before the\nmight of the {%STRING1}.  In tribute to your greatness,\nwe give you all the land you now occupy.\nWill you accept our treaty and live side by side with\nus in peace?"\n\nYes\nNo	「{%STRING0}部落在{%STRING1}的威勢面前俯首稱臣。\n為表彰貴方的偉大，我們願將貴方\n目前佔用的土地全數奉上。\n貴方願意接受我們的和約，\n與我們比鄰而居、和平共處嗎？」\n\n是\n否	draft	目標159；不換：in tribute to 是「表彰」，不是貢品
GAME.TXT:@INDIANHELLO1:0x00003FCD	GAME.TXT	67a6b5e22d1addc1ae13658d0d7824622f6d21c6c2bfdefc91f9749450cc2e3a	0x00003FCD	78	aaf2a76acc25ae075d9fc1a54849d4ba6721ba2c1de3b4118a7324658cc5c348	"The {%STRING0} tribe welcomes the most worthy {%STRING1}\nof the {%STRING2}."	「{%STRING0}部落在此歡迎{%STRING1}，\n也就是{%STRING2}中最德高望重之人。」	draft	目標159；%STRING1／%STRING2 依語境推測為頭銜與國名，僅憑本則訊息無法確認具體對應，未有其他語料佐證。
GAME.TXT:@INDIANHELLO2:0x0000403A	GAME.TXT	67a6b5e22d1addc1ae13658d0d7824622f6d21c6c2bfdefc91f9749450cc2e3a	0x0000403A	78	71bedf8447c8eb3c7dc5e1a7e2f900d53b4620bbbbc74b0c45dde911b9336ce1	"The {%STRING0} tribe greets the most ruthless {%STRING1}\nof the {%STRING2}."	「{%STRING0}部落在此問候{%STRING1}，\n也就是{%STRING2}中最為冷酷無情之人。」	draft	目標159；%STRING1／%STRING2 依語境推測為頭銜與國名，僅憑本則訊息無法確認具體對應，未有其他語料佐證。
GAME.TXT:@INDIANPEACE:0x000040A6	GAME.TXT	67a6b5e22d1addc1ae13658d0d7824622f6d21c6c2bfdefc91f9749450cc2e3a	0x000040A6	132	c00400c1bc9a2700af314c188253bca5c606bb918809fdefff0fa9292fcaaa8e	"The {%STRING0} welcome peace with our brothers\nthe {%STRING1}.  Let us smoke a peace pipe to celebrate\nour perpetual friendship."	「{%STRING0}樂於與我們的兄弟\n{%STRING1}和平共處。讓我們一同抽起和平菸斗，\n慶祝彼此永恆的友誼。」	draft	目標159
GAME.TXT:@INDIANCOME:0x00004147	GAME.TXT	67a6b5e22d1addc1ae13658d0d7824622f6d21c6c2bfdefc91f9749450cc2e3a	0x00004147	140	528a668e7bae00b5e7eb305c0c68df2e85a0deab51ffbd1621fdac6a6b783ba2	"We hope you will soon {visit} %STRING0 villages to\nshare knowledge with us, and that you will send your\n{wagon trains} to trade with us."	「希望貴方能盡快{造訪}%STRING0的村莊，\n與我們交流知識，也希望貴方能派遣\n{貨車}前來與我們交易。」	draft	目標159
GAME.TXT:@INDIANSHUN:0x000041F0	GAME.TXT	67a6b5e22d1addc1ae13658d0d7824622f6d21c6c2bfdefc91f9749450cc2e3a	0x000041F0	92	3a0b5877c27a4fd6b334ca76b6ea96debcb8eee2bf2eaf8018cc9b2140751542	"Then the mighty {%STRING0} shall mercilessly drive you from our\nshores.  Prepare for WAR!"	「那麼，強大的{%STRING0}將毫不留情地把貴方逐出我們的\n土地。準備迎戰吧！」	draft	目標159
GAME.TXT:@INDIANWAGONS:0x0000426D	GAME.TXT	67a6b5e22d1addc1ae13658d0d7824622f6d21c6c2bfdefc91f9749450cc2e3a	0x0000426D	250	bba035896bbd32cfc09faa777b9b085592719faa6ab4782b6475f30dd969e3a3	"The {%STRING0} settlers have committed\nintolerable acts of destruction against {%STRING1} lands\nand the %STRING1 people.  We therefore demand all {%NUMBER0} of\nthe {%STRING2} in these wagons as reparations."\n\nHand them over.\nCircle the wagons.	「{%STRING0}的移民對{%STRING1}的土地\n及%STRING1人民犯下了不可饒恕的破壞行為。\n因此我們要求貴方交出這些貨車裡全部{%NUMBER0}份\n{%STRING2}作為賠償。」\n\n交出貨物。\n把貨車圍起來防守。	draft	目標159；Circle the wagons（拓荒者慣用的圍車防禦陣形）意譯為「把貨車圍起來防守」，取其防禦動作之意。
GAME.TXT:@INDIANCITY:0x00004384	GAME.TXT	67a6b5e22d1addc1ae13658d0d7824622f6d21c6c2bfdefc91f9749450cc2e3a	0x00004384	256	3bcb51b194c8add51a1db65157e932b9838ef0c8ff53d23fe821a0e5c89ee2b9	The {%STRING0} settlers in {%STRING3} have committed\nintolerable acts of destruction against {%STRING1} lands\nand the %STRING1 people.  We therefore demand {%NUMBER0 %STRING2}\nfrom the colony stores as reparations."\n\nMan the stockade.\nHand them over.	{%STRING0}在{%STRING3}的移民犯下了\n不可饒恕的破壞行為，殘害了{%STRING1}的土地\n和%STRING1的人民。因此我們要求從殖民領地庫存中\n提供{%NUMBER0 %STRING2}作為賠償。」\n\n派人駐守柵欄。\n交出貨物。	draft	目標159；原文本則僅句尾有結尾引號、開頭無起始引號（比對同批 @INDIANWAGONS 等句型判斷為原始檔案排版缺漏），譯文比照原樣不擅自補上開頭引號。
GAME.TXT:@INDIANGOLD:0x000044A3	GAME.TXT	67a6b5e22d1addc1ae13658d0d7824622f6d21c6c2bfdefc91f9749450cc2e3a	0x000044A3	160	acdf248662a87920b8f252b827e222b29f88cfd33a6eea3c86ecd9eea2436ac7	"The {%STRING0} people cry out for justice.\nWe demand {%NUMBER0$} in reparations."\n\n"Never shall we accede to blackmail!"\n"We shall gladly pay {%NUMBER0$}."	「{%STRING0}的人民正在為正義而疾呼。\n我們要求{%NUMBER0$}作為賠償。」\n\n「我們絕不向勒索低頭！」\n「我們樂意支付{%NUMBER0$}。」	draft	目標159
GAME.TXT:@INDIANSLAVES:0x00004564	GAME.TXT	67a6b5e22d1addc1ae13658d0d7824622f6d21c6c2bfdefc91f9749450cc2e3a	0x00004564	62	8ea0bbd13ff36e4d0066f67397423088a437abc88204fe088c4fbbe97ea01a37	Frightened {%STRING0} flock to %STRING1 mission as {converts}.	驚惶的{%STRING0}紛紛湧入%STRING1的傳教所，成為{歸順者}。	draft	目標159
GAME.TXT:@INDIANSCONVERT:0x000045C3	GAME.TXT	67a6b5e22d1addc1ae13658d0d7824622f6d21c6c2bfdefc91f9749450cc2e3a	0x000045C3	128	40517e5ff25fd9ba833d3af56d4ff45ee935dd651dc02f0a31292390bd95b0b9	"The wisdom of your missionaries has convinced some of us\nto join your colony\nat {%STRING0} and live among you as {converts}."	「貴方傳教士的智慧已說服我們當中的一些人，\n願意加入貴方位於\n{%STRING0}的殖民領地，作為{歸順者}與貴方一同生活。」	draft	目標159
GAME.TXT:@INDIANGIVEFOOD:0x00004664	GAME.TXT	67a6b5e22d1addc1ae13658d0d7824622f6d21c6c2bfdefc91f9749450cc2e3a	0x00004664	320	28cdbc63e6246f2b47ac3bd7d952e0d4e2f24d657a7ae231eeebc24c51db4ddc	"The {%STRING0} see that your food stores are low this\nseason.  Our own harvest has been plentiful, however,\nand we have come to share our bounty with you.\nWe offer you a gift of {%NUMBER0 food} in recognition of the\neverlasting peace between our peoples.  Let us eat together\nand give thanks for our good fortune."	「{%STRING0}見貴方今年的糧食存量偏低，\n而我們自己的收成十分豐盛，\n因此前來與貴方分享這份富足。\n我們獻上{%NUMBER0 食物}的禮物，\n以紀念我們兩族之間永恆的和平。讓我們一同用餐，\n為這份福分獻上感謝。」	draft	目標159
GAME.TXT:@INDIANGIVESTUFF:0x000047C6	GAME.TXT	67a6b5e22d1addc1ae13658d0d7824622f6d21c6c2bfdefc91f9749450cc2e3a	0x000047C6	196	929079379bce5596fda795bc236a74d4df9f757fd927539d280693476dea51ff	"The {%STRING0} tribe is pleased to see the progress of\nour neighbors at {%STRING1}.  We have come to offer you\n{%NUMBER0 %STRING2} in recognition of the everlasting\npeace between our peoples."	「{%STRING0}部落樂見鄰居\n{%STRING1}的發展。我們特地前來獻上\n{%NUMBER0 %STRING2}，\n以紀念我們兩族之間永恆的和平。」	draft	目標159
GAME.TXT:@INDIANCOMMENT:0x000048AA	GAME.TXT	67a6b5e22d1addc1ae13658d0d7824622f6d21c6c2bfdefc91f9749450cc2e3a	0x000048AA	188	1e5f3cdd861f4300ece4151c951da8e74b6a704791dbe1278945c1f2b108c6bd	The {%STRING0} are pleased to see the prosperity of our\nneighbors the {%STRING1}.  We are concerned, however, that\nyour colonies are beginning to overuse the lands near our\nsettlements.	{%STRING0}樂見鄰居\n{%STRING1}日益繁榮，但我們也擔心，\n貴方的殖民領地開始過度使用\n我們部落附近的土地。	draft	目標159；原文無引號，為第三人稱敘述而非對白，譯文比照不加引號。；不換：settlements 指部落聚居處
GAME.TXT:@INDIANBEGFOOD:0x00004986	GAME.TXT	67a6b5e22d1addc1ae13658d0d7824622f6d21c6c2bfdefc91f9749450cc2e3a	0x00004986	306	9005c2d3e5e1124d8f9d603b9d947d9d00a7d165cf250debb11558bdf3efe058	"The {%STRING0} tribe has fallen upon hard times and does\nnot have enough food this season.  Will our brothers of\n{%STRING1} share the bounty of their harvests with us in our\ntime of need?"\n\n"I'm sorry, we gave at the office."\n"We offer you {%NUMBER0} of our {%NUMBER1 food} as a sign of friendship."	「{%STRING0}部落遭逢困境，這一季的\n糧食短缺。{%STRING1}的兄弟們，\n能否在我們最需要的時候，與我們分享\n你們豐收的成果？」\n\n「抱歉，我們能捐的都已經捐出去了。」\n「我們願意獻上{%NUMBER0}份{%NUMBER1 食物}以示友好。」	draft	目標159；原文「we gave at the office」為英語慣用推辭語（暗指已在別處捐過），中文無對應說法，意譯為「能捐的都已經捐出去了」保留推辭語氣。
GAME.TXT:@INDIANWAR:0x00004AD4	GAME.TXT	67a6b5e22d1addc1ae13658d0d7824622f6d21c6c2bfdefc91f9749450cc2e3a	0x00004AD4	147	2ac424c10cfe40b02061a2a625b180c7ca2f644d8fdd2826bd0a42f350c3911a	"We {%STRING0} have tried to live in\npeace with you, but these provocations are intolerable.\nYour crimes cry out for vengeance--prepare for WAR!"	「我們{%STRING0}始終努力\n與貴方和平共處，但這些挑釁已令人無法容忍。\n貴方的罪行呼喚著復仇——準備迎戰吧！」	draft	目標159
GAME.TXT:@INDIANGRUDGE:0x00004B86	GAME.TXT	67a6b5e22d1addc1ae13658d0d7824622f6d21c6c2bfdefc91f9749450cc2e3a	0x00004B86	156	c62c51db75183df2e7882c7526f1a6f638b21ea5062d3eab3dcae769dcc97f8b	{%STRING0} nation holds War Council!\n%STRING1 enter the War of Independence on the Tory side!\nTories agree to provide Muskets and Horses for the %STRING0.	{%STRING0}召開戰爭會議！\n%STRING1加入了保皇黨一方的獨立戰爭！\n保皇黨同意提供槍枝與馬匹給%STRING0。	draft	目標159
GAME.TXT:@INDIANLAND:0x00004C3F	GAME.TXT	67a6b5e22d1addc1ae13658d0d7824622f6d21c6c2bfdefc91f9749450cc2e3a	0x00004C3F	219	6b53a75dc204a87bd2b42e0aefd562969e15a735200ec9172c2386ac39adaeed	"You are trespassing on {%STRING0 land}.\nWe patiently ask that you leave immediately."\n\n"Very well, we shall respect your wishes."\n"We offer you {%NUMBER1$} for this land."\n"You are mistaken; this is OUR land now!"	「貴方正侵犯了{%STRING0 土地}。\n我們耐心請求貴方立即離開。」\n\n「好吧，我們願意尊重貴方的意願。」\n「我們願意支付{%NUMBER1$}買下這塊土地。」\n「你們錯了，這裡現在是我們的土地！」	draft	目標159
GAME.TXT:@INDIANROAD:0x00004D37	GAME.TXT	67a6b5e22d1addc1ae13658d0d7824622f6d21c6c2bfdefc91f9749450cc2e3a	0x00004D37	251	65a53ff06e77b4ba260f20157fe0b992723d47e4771e4e70ead98c71cc5967ac	"We are worried that building a {road}\nhere might disrupt the {%STRING0} way of life.  We\npatiently ask you to stop."\n\n"Then we shall not build a road, friend."\n"We offer you {%NUMBER1$} in compensation."\n"I'm sorry, but this road is necessary."	「我們擔心在此修築{道路}，\n可能會打亂{%STRING0}的生活方式。\n我們耐心請求貴方停止此舉。」\n\n「那麼，朋友，我們就不修這條路了。」\n「我們願意提供{%NUMBER1$}作為補償。」\n「很抱歉，但這條路是必要的。」	draft	目標159
GAME.TXT:@INDIANFOREST:0x00004E51	GAME.TXT	67a6b5e22d1addc1ae13658d0d7824622f6d21c6c2bfdefc91f9749450cc2e3a	0x00004E51	266	36a66ec20f65f29bd9387a35ff6a2772fe9db6418e3e065d9c974880f16d09f2	"This forest and the creatures\nit supports are necessary to sustain the {%STRING0} way\nof life.  We patiently ask you not to destroy it."\n\n"Let these trees stand forever, then, friend."\n"We offer you {%NUMBER1$} in compensation."\n"Timmmmmmmbeeeeerrrrrrrrrrrr!"	「這片森林及其中的生物，\n對維繫{%STRING0}的生活方式至關重要。\n我們耐心請求貴方不要摧毀它。」\n\n「那麼，朋友，就讓這些樹永遠長存吧。」\n「我們願意提供{%NUMBER1$}作為補償。」\n「倒——樹——嘍——！」	draft	目標159；原文「Timmmmmmmbeeeeerrrrrrrrrrrr!」為伐木工放倒樹木時拖長音的呼喊聲，中文以「倒——樹——嘍——！」的拉長語氣模擬同等效果，非逐字音譯。
GAME.TXT:@INDIANFOREST2:0x00004F7B	GAME.TXT	67a6b5e22d1addc1ae13658d0d7824622f6d21c6c2bfdefc91f9749450cc2e3a	0x00004F7B	201	516bbffcee8f67dc619dd51fe58840ec72bcae14356139d5656885c2a71f0cec	"This forest and the creatures\nit supports are necessary to sustain the {%STRING0} way\nof life.  Your colony at {%STRING1} is now encroaching on\nthe forest.  We patiently ask you not to destroy it."	「這片森林及其中的生物，\n對維繫{%STRING0}的生活方式至關重要。\n貴方位於{%STRING1}的殖民領地目前正在\n侵犯這片森林。我們耐心請求貴方不要摧毀它。」	draft	目標159
GAME.TXT:@INDIANBRIBE:0x00005062	GAME.TXT	67a6b5e22d1addc1ae13658d0d7824622f6d21c6c2bfdefc91f9749450cc2e3a	0x00005062	39	57ba6696b0b5f1002df28ab1cb07d65a88643a18eea38a098f2c5afb3ddec893	"Very well, we withdraw our objection."	「好吧，我們撤回反對。」	draft	目標159
GAME.TXT:@NOPLOW:0x000050A2	GAME.TXT	67a6b5e22d1addc1ae13658d0d7824622f6d21c6c2bfdefc91f9749450cc2e3a	0x000050A2	36	d634cb07ed2fdbd264b9889214cff2e16d5ca5a86e96cb38a0c6691878b49608	That land has already been {plowed}.	這塊土地已經{開墾}過了。	draft	目標159
GAME.TXT:@NOROAD:0x000050DF	GAME.TXT	67a6b5e22d1addc1ae13658d0d7824622f6d21c6c2bfdefc91f9749450cc2e3a	0x000050DF	49	05d88b68054700e3e1b01cf2fdba1cc95216ebda7255b57228ba2838cf0a929c	There is already a {road} here,\nYour Excellency.	閣下，這裡已經有一條{道路}了。	draft	目標159
GAME.TXT:@VIOLATE:0x0000512A	GAME.TXT	67a6b5e22d1addc1ae13658d0d7824622f6d21c6c2bfdefc91f9749450cc2e3a	0x0000512A	81	3672b42caefeb561a0693764f09288b73585637a7650f8a707509f98f8ad89bc	{%STRING0} violate {%STRING1} territory near {%STRING2}!\nColonists are outraged!	{%STRING0}侵犯了{%STRING1}位於{%STRING2}附近的領地！\n殖民地居民群情激憤！	draft	目標159
GAME.TXT:@HALF:0x00005192	GAME.TXT	67a6b5e22d1addc1ae13658d0d7824622f6d21c6c2bfdefc91f9749450cc2e3a	0x00005192	156	937a58a3002eee5a5f0201cedb04f8b3df408b401fe532f94cba081ed0e4d36c	Your Excellency, these men are tired.  If we force\nthem to attack this turn, they will fight at {%NUMBER0/3\nstrength}.\n\n"Charge!"\n"Then let them rest."	閣下，這些士兵已經疲憊不堪。若我們強迫\n他們在這回合出擊，他們只能發揮{%NUMBER0/3\n戰力}。\n\n「衝鋒！」\n「那就讓他們休息吧。」	draft	目標159；{%NUMBER0/3 strength} 為橫跨原文兩行的同一組控制碼（分數＋文字），譯文保留其換行位置；為避免「戰力」重複出現，句子改寫為「只能發揮{%NUMBER0/3 戰力}」。
GAME.TXT:@NOLOOT:0x00005249	GAME.TXT	67a6b5e22d1addc1ae13658d0d7824622f6d21c6c2bfdefc91f9749450cc2e3a	0x00005249	61	75436f38ed58e4f73ca1d5920b2e30fe09af4c307da40d4b7163e49c1b45ae52	{%STRING0} burn {%STRING1 %STRING2}!  Natives flee in\npanic!	{%STRING0}燒毀了{%STRING1 %STRING2}！原住民驚慌\n逃竄！	draft	目標159
GAME.TXT:@LOOT:0x0000529D	GAME.TXT	67a6b5e22d1addc1ae13658d0d7824622f6d21c6c2bfdefc91f9749450cc2e3a	0x0000529D	185	74c2d9a70116805867efd0832c6d811274cd1d19e84bce274632defd8b9061a9	{%STRING0} loot and burn {%STRING1 %STRING2}!  Natives flee in\npanic! {%NUMBER0$} worth of treasure recovered from ruins!\nIt will take a {Galleon} to get this treasure back to Europe!	{%STRING0}洗劫並燒毀了{%STRING1 %STRING2}！原住民驚慌\n逃竄！從廢墟中尋獲價值{%NUMBER0$}的寶藏！\n需要一艘{帆船}才能把這批寶藏運回歐洲！	draft	目標159
GAME.TXT:@LOOT2:0x0000536E	GAME.TXT	67a6b5e22d1addc1ae13658d0d7824622f6d21c6c2bfdefc91f9749450cc2e3a	0x0000536E	60	4bd20cff157c111de80adea38ab0e7668a2aa745455e0ef03967fd83260a70f7	{%STRING0} burn {%STRING1 %STRING2}!  Natives flee in panic!	{%STRING0}燒毀了{%STRING1 %STRING2}！原住民驚慌逃竄！	draft	目標159
GAME.TXT:@LOOTCASH:0x000053C5	GAME.TXT	67a6b5e22d1addc1ae13658d0d7824622f6d21c6c2bfdefc91f9749450cc2e3a	0x000053C5	150	040cb97a44cf54e9ebab40158f268e4ee86bae99333a68aeec7f5914ea168c99	{%STRING0} treasure fleet laden with {%NUMBER0$} arrives safely in %STRING1!\nCrown takes {%NUMBER1%%} share.  {%NUMBER2$} added to %STRING0 treasury.	{%STRING0}滿載{%NUMBER0$}的寶藏船隊平安抵達%STRING1！\n皇城抽取{%NUMBER1%%}的份額，{%NUMBER2$}存入%STRING0的國庫。	draft	目標159
GAME.TXT:@LOOTFOREIGN:0x00005479	GAME.TXT	67a6b5e22d1addc1ae13658d0d7824622f6d21c6c2bfdefc91f9749450cc2e3a	0x00005479	119	0fcc6a766452617a4ba4972a1ae9440b82e6afe489356df5bbf475c6ac89da01	Spies report: {%STRING0} treasure fleet laden with {%NUMBER0$} arrives\nin %STRING1.  %STRING0 king pleased with booty.	間諜回報：{%STRING0}滿載{%NUMBER0$}的運財艦隊抵達%STRING1。%STRING0國王對這批戰利品十分滿意。	draft	目標159；不換：treasure fleet 指運財艦隊
GAME.TXT:@LOOTCAPTURE:0x0000550E	GAME.TXT	67a6b5e22d1addc1ae13658d0d7824622f6d21c6c2bfdefc91f9749450cc2e3a	0x0000550E	65	22ba587744510951537da68b19493def6626bd5a31f19a2132f09943ce0266df	{%STRING0} treasure worth {%NUMBER0$} CAPTURED by the {%STRING1}!	{%STRING0}價值{%NUMBER0$}的寶藏，遭{%STRING1}擄獲！	draft	目標159
GAME.TXT:@WAGONCAPTURE:0x0000556E	GAME.TXT	67a6b5e22d1addc1ae13658d0d7824622f6d21c6c2bfdefc91f9749450cc2e3a	0x0000556E	50	63b5ece0941909da449491033fda77184e99d67b6934a7f9e01e02fb73a9440f	{%STRING0} wagon train CAPTURED by the {%STRING1}!	{%STRING0}的貨車遭{%STRING1}擄獲！	draft	目標159
GAME.TXT:@COLONISTCAPTURE:0x000055C2	GAME.TXT	67a6b5e22d1addc1ae13658d0d7824622f6d21c6c2bfdefc91f9749450cc2e3a	0x000055C2	48	33008a3e8063230e02327719b1d1ecbb3fdd6454c8b218ff697a2236cb5a1833	{%STRING0} colonists CAPTURED by the {%STRING1}!	{%STRING0}的殖民地居民遭{%STRING1}擄獲！	draft	目標159
GAME.TXT:@COLONISTCAPTURE2:0x00005615	GAME.TXT	67a6b5e22d1addc1ae13658d0d7824622f6d21c6c2bfdefc91f9749450cc2e3a	0x00005615	80	d436a476db71f118676cc29f6f557966a8be3f40de878db5702d92a0c4d3d24d	{%STRING0} colonists CAPTURED by the {%STRING1}!  Soldiers\nlose Veteran status.	{%STRING0}的殖民地居民遭{%STRING1}擄獲！士兵因此失去老手身分。	draft	目標159
GAME.TXT:@CARGOCAPTURE:0x00005684	GAME.TXT	67a6b5e22d1addc1ae13658d0d7824622f6d21c6c2bfdefc91f9749450cc2e3a	0x00005684	72	78e266903d94f5a4948e8182cdcba4ac1358939e9d60cf11e18030cbc9c1f9d8	{%STRING0} cargo of {%NUMBER0 %STRING1} captured by {%STRING2 %STRING3}!	{%STRING0}的{%NUMBER0 %STRING1}貨物，遭{%STRING2 %STRING3}擄獲！	draft	目標159
GAME.TXT:@DEMOTE:0x000056E5	GAME.TXT	67a6b5e22d1addc1ae13658d0d7824622f6d21c6c2bfdefc91f9749450cc2e3a	0x000056E5	63	5d49e2e2a507efa627d2fd76681d6665144c44c3fe4ccca955e8e360f366ed57	{%STRING0 %STRING1} routed!  Unit demoted to {%STRING2} status.	{%STRING0 %STRING1}潰敗！單位降級為{%STRING2}。	draft	目標159
GAME.TXT:@SHIPDAMAGE:0x00005741	GAME.TXT	67a6b5e22d1addc1ae13658d0d7824622f6d21c6c2bfdefc91f9749450cc2e3a	0x00005741	69	b05071c26aca1de33bb334d51cfe222703ddffae176af312465ababb4ac1e42f	{%STRING0 %STRING1} damaged!  Ship returns to {%STRING2} for repairs.	{%STRING0 %STRING1}受損！船隻返回{%STRING2}修理。	draft	目標159
GAME.TXT:@SHIPSUNK:0x000057A1	GAME.TXT	67a6b5e22d1addc1ae13658d0d7824622f6d21c6c2bfdefc91f9749450cc2e3a	0x000057A1	46	04e1081d46dc227998e9729056ee4e0010de6d555da7e96de918edf518286466	{%STRING0 %STRING1 sunk} by %STRING2 %STRING3!	{%STRING0 %STRING1沉沒}，敗於%STRING2 %STRING3之手！	draft	目標159
GAME.TXT:@RAIDNOTHING:0x000057EF	GAME.TXT	67a6b5e22d1addc1ae13658d0d7824622f6d21c6c2bfdefc91f9749450cc2e3a	0x000057EF	70	f4be7a1d93ec8fca66c34caeaa55f46610bc6bcad20a8333ab7e46cc34e04724	{%STRING0} raiding party wiped out in {%STRING1}!\nColonists jubilant!	{%STRING0}的突襲隊在{%STRING1}全軍覆沒！殖民地居民歡欣鼓舞！	draft	目標159
GAME.TXT:@RAIDWREAK:0x00005853	GAME.TXT	67a6b5e22d1addc1ae13658d0d7824622f6d21c6c2bfdefc91f9749450cc2e3a	0x00005853	92	15ceb565b9e8c821d53807080bd55a75f1b0a37eedb51a8ad00c9a3bfdddda19	Spies report: {%STRING0} raiding party wreaks havoc in\nthe {%STRING3} colony of {%STRING1}.	間諜回報：{%STRING0}的突襲隊在{%STRING3}的{%STRING1}殖民領地大肆破壞。	draft	目標159
GAME.TXT:@RAIDSTORES:0x000058CE	GAME.TXT	67a6b5e22d1addc1ae13658d0d7824622f6d21c6c2bfdefc91f9749450cc2e3a	0x000058CE	115	b28c494cabf97452c1179fe2acd063657cd884c082d2bca073015ea9fe6b56af	{%STRING0} raiding party attacks stores in {%STRING1}!\nLarge quantities of {%STRING2} stolen.  Colonists outraged!	{%STRING0}的突襲隊攻擊{%STRING1}的倉庫！大量{%STRING2}遭竊，殖民地居民群情激憤！	draft	目標159
GAME.TXT:@RAIDBURN:0x0000595E	GAME.TXT	67a6b5e22d1addc1ae13658d0d7824622f6d21c6c2bfdefc91f9749450cc2e3a	0x0000595E	117	36f2d99d8310c90cb580eac5009491366683f5380a323ff7f604e60e48167570	{%STRING0} raiding party burns buildings in {%STRING1}!\n{%STRING2} destroyed.  Colonists demand immediate vengeance!	{%STRING0}的突襲隊焚燒{%STRING1}的建築！{%STRING2}被摧毀，殖民地居民要求立即復仇！	draft	目標159
GAME.TXT:@RAIDSCALP:0x000059EF	GAME.TXT	67a6b5e22d1addc1ae13658d0d7824622f6d21c6c2bfdefc91f9749450cc2e3a	0x000059EF	83	94897434812936400b73875e221cbac2afdbfea8efb1b9948b4dd84de36beff6	{%STRING0} raiding party takes scalps in {%STRING1}!\nColonists scream for revenge!	{%STRING0}的突襲隊在{%STRING1}獵取頭皮！殖民地居民高聲要求復仇！	draft	目標159
GAME.TXT:@RAIDSHIP:0x00005A5D	GAME.TXT	67a6b5e22d1addc1ae13658d0d7824622f6d21c6c2bfdefc91f9749450cc2e3a	0x00005A5D	96	c467bd109a3e17030cd5a00bb865982968a9007fba05622bb100976a6c93c542	{%STRING0} raiding party attacks harbor in {%STRING1}!\n{%STRING2} damaged.  Colonists appalled!	{%STRING0}的突襲隊攻擊{%STRING1}的港口！{%STRING2}受損，殖民地居民驚駭不已！	draft	目標159
GAME.TXT:@RAIDGOLD:0x00005AD8	GAME.TXT	67a6b5e22d1addc1ae13658d0d7824622f6d21c6c2bfdefc91f9749450cc2e3a	0x00005AD8	119	18b0054fef941fb5146a90639b297697a0318ad55c31662390d4a3b6cd8430cc	{%STRING0} raiding party seizes strongboxes in {%STRING1}!\nMerchants report {%NUMBER0$} plundered.  Colonists enraged!	{%STRING0}的突襲隊搶奪{%STRING1}的錢箱！商人回報{%NUMBER0$}遭掠奪，殖民地居民怒不可遏！	draft	目標159
GAME.TXT:@MISSION0:0x00005B6A	GAME.TXT	67a6b5e22d1addc1ae13658d0d7824622f6d21c6c2bfdefc91f9749450cc2e3a	0x00005B6A	109	4d5c7646a4f4f72b4bd858f36dc5f9fa9f18a01d5c06b3bf074f439ed951d2ce	%STRING0 %STRING1 mission founded in %STRING2, %NUMBER0.\n{%STRING3} approach new religion with {curiousity}.	%STRING0%STRING1傳教所建於%STRING2，時值%NUMBER0年。{%STRING3}對這個新宗教抱持{好奇}。	draft	目標159；原文 curiousity 為 curiosity 的拼誤，依語意譯為好奇。
GAME.TXT:@MISSION1:0x00005BF2	GAME.TXT	67a6b5e22d1addc1ae13658d0d7824622f6d21c6c2bfdefc91f9749450cc2e3a	0x00005BF2	84	b2667caed323ca858fb41a7a9589e3195c496d3fa9ad701cdfccd20b9be7c327	%STRING0 %STRING1 mission founded in %STRING2, %NUMBER0.\n{%STRING3} are {cautious}.	%STRING0%STRING1傳教所建於%STRING2，時值%NUMBER0年。{%STRING3}態度{謹慎}。	draft	目標159
GAME.TXT:@MISSION2:0x00005C61	GAME.TXT	67a6b5e22d1addc1ae13658d0d7824622f6d21c6c2bfdefc91f9749450cc2e3a	0x00005C61	84	bd3b3da6048ca03f28d5a976ecf0a793ec6b8fe422243ae961504cf2d155d698	%STRING0 %STRING1 mission founded in %STRING2, %NUMBER0.\n{%STRING3} are {offended}.	%STRING0%STRING1傳教所建於%STRING2，時值%NUMBER0年。{%STRING3}感到{被冒犯}。	draft	目標159
GAME.TXT:@MISSION3:0x00005CD0	GAME.TXT	67a6b5e22d1addc1ae13658d0d7824622f6d21c6c2bfdefc91f9749450cc2e3a	0x00005CD0	92	1d81285f57706402d2452838b6b4e0ed24229db5879b843536e843903084b8e4	%STRING0 %STRING1 mission founded in %STRING2, %NUMBER0.\n{%STRING3} react with {hostility}.	%STRING0%STRING1傳教所建於%STRING2，時值%NUMBER0年。{%STRING3}以{敵意}回應。	draft	目標159
GAME.TXT:@HERESY0:0x00005D46	GAME.TXT	67a6b5e22d1addc1ae13658d0d7824622f6d21c6c2bfdefc91f9749450cc2e3a	0x00005D46	129	198d27cda1674a16208122e3061536c2603abef3a5b7c6aaec6a96f0449d812a	{%STRING0 missionaries} denounce heresy of {%STRING1}.\n{%STRING2} converts burn %STRING1 mission and erect\na new, %STRING0 one!	{%STRING0的傳教士}譴責{%STRING1}的異端信仰。{%STRING2}的歸順者燒毀%STRING1的傳教所，並建立起一座新的%STRING0傳教所！	draft	目標159；converts 譯為歸順者，對應術語表印地安歸順者（Indian Convert）；語境為信奉某教派的原住民歸信者，非另有專指單位，取捨供覆核。
GAME.TXT:@HERESY1:0x00005DE1	GAME.TXT	67a6b5e22d1addc1ae13658d0d7824622f6d21c6c2bfdefc91f9749450cc2e3a	0x00005DE1	116	5cd36477f22dcc48a7effe0fc9bc491251825a4cfcff39a99c6022b65a52e7d0	{%STRING0 missionaries} denounce heresy of {%STRING1}.\nLoyal {%STRING2} worshipers burn the %STRING0 at the\nstake!	{%STRING0的傳教士}譴責{%STRING1}的異端信仰。虔誠的{%STRING2}信徒將%STRING0綁在火刑柱上燒死！	draft	目標159
GAME.TXT:@INDIANBURN:0x00005E72	GAME.TXT	67a6b5e22d1addc1ae13658d0d7824622f6d21c6c2bfdefc91f9749450cc2e3a	0x00005E72	71	31e65a16b4c1099e84ed4afd63e996cfdb2cd91092edb59eed6a43140ee625af	{%STRING0} burn {%STRING1} missions!  Church authorities\nare outraged!	{%STRING0}燒毀{%STRING1}的傳教所！教會當局怒不可遏！	draft	目標159；不換：Church authorities 指教會當局
GAME.TXT:@INDIANWIN0:0x00005ED6	GAME.TXT	67a6b5e22d1addc1ae13658d0d7824622f6d21c6c2bfdefc91f9749450cc2e3a	0x00005ED6	52	ac11e696dc64fae57fa821052c8e090e1353711e800a860d0b03058bee187741	{%STRING0} ambush {%STRING1 %STRING2} near %STRING3!	{%STRING0}伏襲了{%STRING1 %STRING2}，就在%STRING3附近！	draft	目標159
GAME.TXT:@INDIANWIN1:0x00005F27	GAME.TXT	67a6b5e22d1addc1ae13658d0d7824622f6d21c6c2bfdefc91f9749450cc2e3a	0x00005F27	90	5da4420741a46809b3356099e96b312584420f9c442933775132fa13a1b62ecc	{%STRING0} ambush {%STRING1 %STRING2} near %STRING3!\n{Muskets} seized by %STRING4 braves!	{%STRING0}伏襲了{%STRING1 %STRING2}，就在%STRING3附近！{槍}遭%STRING4勇士奪走！	draft	目標159
GAME.TXT:@INDIANWIN2:0x00005F9E	GAME.TXT	67a6b5e22d1addc1ae13658d0d7824622f6d21c6c2bfdefc91f9749450cc2e3a	0x00005F9E	89	a6a5391348025772e35edfff4902898f3c173e65ac2eef11f153602792666fbc	{%STRING0} ambush {%STRING1 %STRING2} near %STRING3!\n{Horses} seized by %STRING4 braves!	{%STRING0}伏襲了{%STRING1 %STRING2}，就在%STRING3附近！{馬}遭%STRING4勇士奪走！	draft	目標159
GAME.TXT:@INDIANLOSE:0x00006016	GAME.TXT	67a6b5e22d1addc1ae13658d0d7824622f6d21c6c2bfdefc91f9749450cc2e3a	0x00006016	54	47b7feb57aaccb3564cb31be308677b0edb66ebd6fd5fc2285515de1e5df1726	{%STRING1 %STRING2} %STRING4 {%STRING0} near %STRING3!	{%STRING1 %STRING2}%STRING4{%STRING0}，就在%STRING3附近！	draft	目標159；%STRING4 為動態動詞占位字串（如擊敗/擊退），譯文位置保留供該字串填入。
GAME.TXT:@INDIANWINCOLONY:0x0000606E	GAME.TXT	67a6b5e22d1addc1ae13658d0d7824622f6d21c6c2bfdefc91f9749450cc2e3a	0x0000606E	95	c2bdfe016e6ab1425369d7a46c115b13098e8c5865b4b583016850c7e2e153c9	{%STRING0} massacre {%STRING1} colonists at {%STRING3}!\n{%STRING2} dies fending off onslaught.	{%STRING0}屠殺{%STRING1}名殖民地居民，地點在{%STRING3}！{%STRING2}在抵禦攻擊時陣亡。	draft	目標159
GAME.TXT:@INDIANWINCOLONY2:0x000060F0	GAME.TXT	67a6b5e22d1addc1ae13658d0d7824622f6d21c6c2bfdefc91f9749450cc2e3a	0x000060F0	111	477381096ac0484177c6a77ce312351ff08c9d3f889751fa5fdc7b8b356b8c09	Spies report: {%STRING0} massacre {%STRING1} colonists at {%STRING3}.\n%STRING1 governor plans countermeasures.	間諜回報：{%STRING0}屠殺{%STRING1}名殖民地居民，地點在{%STRING3}。%STRING1總督正在研擬對策。	draft	目標159
GAME.TXT:@INDIANBURNCOLONY:0x00006182	GAME.TXT	67a6b5e22d1addc1ae13658d0d7824622f6d21c6c2bfdefc91f9749450cc2e3a	0x00006182	113	6abdbc82a0afc767d385dafa77b154e2c405ce27cb43506f9aa07f72171496d3	{%STRING0} massacre {%STRING1} colonists at {%STRING3}!\nColony burned to the ground!  King demands\nexplanation!	{%STRING0}屠殺{%STRING1}名殖民地居民，地點在{%STRING3}！殖民領地被夷為平地！國王要求解釋！	draft	目標159
GAME.TXT:@INDIANBURNCOLONY2:0x00006217	GAME.TXT	67a6b5e22d1addc1ae13658d0d7824622f6d21c6c2bfdefc91f9749450cc2e3a	0x00006217	95	cd109136ea9337026a06ca0aadbe8edc2a54738a50e9069fc6ded84444a63afe	Spies report: {%STRING0} burn {%STRING1} colony at {%STRING3}.\n%STRING1 governor vows revenge.	間諜回報：{%STRING0}焚燒{%STRING1}的殖民領地，地點在{%STRING3}。%STRING1總督誓言報復。	draft	目標159
GAME.TXT:@INDIANSURPRISE:0x00006297	GAME.TXT	67a6b5e22d1addc1ae13658d0d7824622f6d21c6c2bfdefc91f9749450cc2e3a	0x00006297	106	80a65dbda0910f3f7f8599a8b782c904f3bc59a4787f3c4c8ad09cee6af44311	{%STRING0} make surprise raid near {%STRING1}!  Colonists\nfrightened.  %STRING2 chief denies involvement.	{%STRING0}在{%STRING1}附近發動突襲！殖民地居民驚恐萬分。%STRING2酋長否認涉入此事。	draft	目標159
GAME.TXT:@CAPTURED:0x0000631C	GAME.TXT	67a6b5e22d1addc1ae13658d0d7824622f6d21c6c2bfdefc91f9749450cc2e3a	0x0000631C	58	94a012772b5da2bdcf63e9fdf3eab63889f5e98101479a9bfbc38cc0b61f61a2	{%STRING0} march into {%STRING2}!  {%NUMBER0$}\nplundered!	{%STRING0}進軍{%STRING2}！{%NUMBER0$}遭到掠奪！	draft	目標159
GAME.TXT:@CAPTURED2:0x00006372	GAME.TXT	67a6b5e22d1addc1ae13658d0d7824622f6d21c6c2bfdefc91f9749450cc2e3a	0x00006372	47	4b28d7ea313947a94068b52d3fd6fb17a75331eb3cc4cf03c64a2f574b65ab5d	Spies report: {%STRING0} march into {%STRING2}.	間諜回報：{%STRING0}進軍{%STRING2}。	draft	目標159
GAME.TXT:@CAPTURED3:0x000063BD	GAME.TXT	67a6b5e22d1addc1ae13658d0d7824622f6d21c6c2bfdefc91f9749450cc2e3a	0x000063BD	33	ce9b256933d0f9dd62307347ffcec7bd9e953a2cd09e783e50623b0078256c45	{%STRING0} march into {%STRING2}!	{%STRING0}進軍{%STRING2}！	draft	目標159
GAME.TXT:@BURNED:0x000063F7	GAME.TXT	67a6b5e22d1addc1ae13658d0d7824622f6d21c6c2bfdefc91f9749450cc2e3a	0x000063F7	95	805c7ffb60a02901575a2b9c9774e690ede2ba18109ab9f18ab4d87c429df6d6	{%STRING0} burn {%STRING3} to the ground!\nColonists flee in panic!  King demands\nexplanation!	{%STRING0}將{%STRING3}夷為平地！殖民地居民倉皇逃竄！國王要求解釋！	draft	目標159
GAME.TXT:@BURNED2:0x00006470	GAME.TXT	67a6b5e22d1addc1ae13658d0d7824622f6d21c6c2bfdefc91f9749450cc2e3a	0x00006470	79	6cb2a9218205f5160ef4ec54d4b468817841fbc89f1aeab564b41b0e5177cf3d	Colony at {%STRING3} burned to the ground.\n{%STRING1} governor vows reprisals.	{%STRING3}的殖民領地被夷為平地。{%STRING1}總督誓言報復。	draft	目標159
GAME.TXT:@BURNED3:0x000064D9	GAME.TXT	67a6b5e22d1addc1ae13658d0d7824622f6d21c6c2bfdefc91f9749450cc2e3a	0x000064D9	97	40195f8a2b9fa117ccc0773bf9125d0d59d0b02fdcf83645ed7830d58a6fd7b3	Spies report: {%STRING0} burn {%STRING1} colony at {%STRING3}.\n%STRING1 governor vows reprisals.	間諜回報：{%STRING0}焚燒{%STRING1}的殖民領地，地點在{%STRING3}。%STRING1總督誓言報復。	draft	目標159
GAME.TXT:@EUROPEWIN:0x00006558	GAME.TXT	67a6b5e22d1addc1ae13658d0d7824622f6d21c6c2bfdefc91f9749450cc2e3a	0x00006558	54	ea0aae1f8fd24a892e768df4c65fa622030332d5a21b6ce4dc6131c4bde51080	{%STRING0} %STRING4 {%STRING1 %STRING2} near %STRING3!	{%STRING0}%STRING4{%STRING1 %STRING2}，就在%STRING3附近！	draft	目標159；%STRING4 為動態動詞占位字串，譯文位置保留供該字串填入。
GAME.TXT:@EUROPELOSE:0x000065AB	GAME.TXT	67a6b5e22d1addc1ae13658d0d7824622f6d21c6c2bfdefc91f9749450cc2e3a	0x000065AB	54	47b7feb57aaccb3564cb31be308677b0edb66ebd6fd5fc2285515de1e5df1726	{%STRING1 %STRING2} %STRING4 {%STRING0} near %STRING3!	{%STRING1 %STRING2}%STRING4{%STRING0}，就在%STRING3附近！	draft	目標159；%STRING4 為動態動詞占位字串，譯文位置保留供該字串填入。
GAME.TXT:@WAREHOUSEFULL:0x00006601	GAME.TXT	67a6b5e22d1addc1ae13658d0d7824622f6d21c6c2bfdefc91f9749450cc2e3a	0x00006601	252	83caf32dace55b5c9536b8f549298d5413c322b41f4e702f4c9518a3f894e549	Your Excellency, the warehouse at {%STRING0} already\ncontains {%NUMBER0} units of {%STRING1}.  It can only hold {%NUMBER1}.\nIf we add another {%NUMBER2} units, some of the %STRING1 will\nprobably {spoil}!\n\nNever mind.\nUnload the {%STRING1} anyway.	閣下，{%STRING0}的倉庫已經存放{%NUMBER0}單位的{%STRING1}，最多只能容納{%NUMBER1}。若再加入{%NUMBER2}單位，部分%STRING1恐怕會{腐壞}！\n\n算了。\n還是要卸下{%STRING1}。	draft	目標159
GAME.TXT:@EXTORTSTUFF:0x0000671B	GAME.TXT	67a6b5e22d1addc1ae13658d0d7824622f6d21c6c2bfdefc91f9749450cc2e3a	0x0000671B	230	fd3c6779897f3816c4faa47cf4d1f756e8d28df73f7a4c3464f7be61ce916ff5	"Great %STRING0, we bow before the might of your strange weapons.\nThe humble and peaceloving {%STRING1} shall gladly deliver {%NUMBER0\n%STRING2} to {%STRING3} in the hope that you will spare us from the\nwrath of your warriors."	「偉大的%STRING0，我們拜服於您那奇異武器的威力之下。卑微而愛好和平的{%STRING1}，願意欣然獻上{%NUMBER0\n%STRING2}給{%STRING3}，盼您憐憫，讓我們免遭您戰士的怒火。」	draft	目標159
GAME.TXT:@EXTORTPOOR:0x0000681E	GAME.TXT	67a6b5e22d1addc1ae13658d0d7824622f6d21c6c2bfdefc91f9749450cc2e3a	0x0000681E	179	df5ac518118648765cfcfd0ab7be66da89358efbf8e4a049c41bc13fe83a5a7a	"Mighty %STRING0, we tremble before you.  Alas, the humble and\npeaceloving {%STRING1} have no gifts worthy of your magnificence.\nWe pray that you will be merciful and spare us."	「威武的%STRING0，我們在您面前顫慄。可嘆，卑微而愛好和平的{%STRING1}沒有配得上您威嚴的獻禮。懇求您大發慈悲，饒過我們。」	draft	目標159
GAME.TXT:@EXTORTLAUGH:0x000068EF	GAME.TXT	67a6b5e22d1addc1ae13658d0d7824622f6d21c6c2bfdefc91f9749450cc2e3a	0x000068EF	129	e3bcc284cd36a16cef94d77c92bd299fe10c6d75c3d367722af30020006b1078	"We laugh at your puny threats.  Do not try our patience, for\n{%STRING0} warriors are known for their ferocity in times of war."	「我們對你這種微不足道的威脅嗤之以鼻。別考驗我們的耐性，{%STRING0}的戰士向來以作戰時的兇猛著稱。」	draft	目標159
GAME.TXT:@EXTORTNO:0x0000698B	GAME.TXT	67a6b5e22d1addc1ae13658d0d7824622f6d21c6c2bfdefc91f9749450cc2e3a	0x0000698B	127	024cfcf01a7def68fe612f80c84b78c27e7857a7b503475eab8b9bd5e18ae2ba	"You must think us very foolish indeed, %STRING0 %STRING1.  The {%STRING2}\nwill not be taken in by your tricks and treachery."	「%STRING0 %STRING1，你們一定把我們當傻子了。{%STRING2}不會被你們的詭計和背信所愚弄。」	draft	目標159
GAME.TXT:@TOONEAR:0x00006A24	GAME.TXT	67a6b5e22d1addc1ae13658d0d7824622f6d21c6c2bfdefc91f9749450cc2e3a	0x00006A24	71	8daa30c9fed822a24240aab9c45bc14978e187d00624578c2b6419e5b66b9da9	This land is too near to {%STRING0} for\na new colony, Your Excellency.	閣下，這塊土地離{%STRING0}太近，不適合建立新的殖民領地。	draft	目標159
GAME.TXT:@TOONEARBUILD:0x00006A8A	GAME.TXT	67a6b5e22d1addc1ae13658d0d7824622f6d21c6c2bfdefc91f9749450cc2e3a	0x00006A8A	87	476e466598444834a62e2909027d1a97ed206b39a83349bf0ff7fbf09c439605	A colony building project is already under way\nin an adjacent square, Your Excellency.	閣下，相鄰的方格已經有殖民領地正在興建中。	draft	目標159
GAME.TXT:@TOOMOUNTAIN:0x00006AFF	GAME.TXT	67a6b5e22d1addc1ae13658d0d7824622f6d21c6c2bfdefc91f9749450cc2e3a	0x00006AFF	62	b334e9ba152572c774a46d32ce6a2912092e0b12c54ac11e5331bfcee9d5c724	Colonies cannot be built in the {mountains},\nYour Excellency.	閣下，殖民領地無法建在{高山}上。	draft	目標159
GAME.TXT:@DONTKNOWSHIPS:0x00006B5D	GAME.TXT	67a6b5e22d1addc1ae13658d0d7824622f6d21c6c2bfdefc91f9749450cc2e3a	0x00006B5D	55	29a758285e4440a4e2a69c9a68c65e3b3c4ebf17208a3d4ac0215d81344dfae3	We must contact the Indians on land first, Excellency."	我們得先在陸地上和印地安人接觸才行，閣下。」	draft	目標159；原文只有結尾雙引號、無起始引號，推測為接續其他訊息的對話片段；譯文保留單邊「」結構呼應原文。
GAME.TXT:@MADATSHIPS:0x00006BB1	GAME.TXT	67a6b5e22d1addc1ae13658d0d7824622f6d21c6c2bfdefc91f9749450cc2e3a	0x00006BB1	172	f32da5f6bd438fd1aca40461ccbe4b2ff21d46bd7093df1f82253640dc952fdf	"The {%STRING0} people do not trust the men in your\nships.  Therefore, we do not wish to trade with you\nat this time.\nIf you approach our shoreline we shall punish you."	「{%STRING0}人不信任你們船上的水手，因此我們目前不願意和你們交易。若你們膽敢靠近我們的海岸，必受懲罰。」	draft	目標159
GAME.TXT:@MADATWAGONS:0x00006C7B	GAME.TXT	67a6b5e22d1addc1ae13658d0d7824622f6d21c6c2bfdefc91f9749450cc2e3a	0x00006C7B	112	a69a1bf76becd4b4d70ddb094d4d0491bc1fd53095705e1dfaf99c4923136052	"Because of the atrocities you have committed against\nthe {%STRING0} people, we do not wish to trade with you."	「因為你們對{%STRING0}人犯下的暴行，我們不願意和你們交易。」	draft	目標159
GAME.TXT:@GRUDGEWAGONS:0x00006D0A	GAME.TXT	67a6b5e22d1addc1ae13658d0d7824622f6d21c6c2bfdefc91f9749450cc2e3a	0x00006D0A	113	b3bf5694275cc4b712854fad15f5cbd9316938fca3ae03c7d64a39e231833c75	"We grudgingly receive your wagons in spite of the\natrocities you have committed against the {%STRING0} people."	「儘管你們對{%STRING0}人犯下暴行，我們還是勉強收下你們的貨車。」	draft	目標159
GAME.TXT:@CONFISCATE:0x00006D98	GAME.TXT	67a6b5e22d1addc1ae13658d0d7824622f6d21c6c2bfdefc91f9749450cc2e3a	0x00006D98	135	91d693596cb42bdff1fe208b639e1bca955dc2b626958bc02561576ad17619ce	"Because of the atrocities you have committed against\nthe {%STRING0} people, we shall confiscate all the\n{%STRING1} in these wagons."	「因為你們對{%STRING0}人犯下的暴行，我們要沒收這些貨車裡所有的{%STRING1}。」	draft	目標159
GAME.TXT:@CHIEFHOWDY:0x00006E3E	GAME.TXT	67a6b5e22d1addc1ae13658d0d7824622f6d21c6c2bfdefc91f9749450cc2e3a	0x00006E3E	211	6d20d2bfdfa2427c8312cfc4c37807d430f5c79e5fb91772d2f00a3743089e33	"Greetings, travelers.  We are a peaceful village\nknown for our {%STRING0}.  We would gladly trade with\nyou if you bring us some badly\nneeded {%STRING1}.  We would also pay well for {%STRING2}\nor {%STRING3}.	「旅人，你們好。我們是個以{%STRING0}聞名的和平村莊。若你們能帶來我們急需的{%STRING1}，我們很樂意與你們交易；{%STRING2}或{%STRING3}，我們也願意出好價錢收購。	draft	目標159；原文只有起始雙引號、無結尾引號，推測為接續其他訊息的對話片段；譯文保留單邊「」結構呼應原文。
GAME.TXT:@CHIEFGUIDES:0x00006F2F	GAME.TXT	67a6b5e22d1addc1ae13658d0d7824622f6d21c6c2bfdefc91f9749450cc2e3a	0x00006F2F	184	07d816dce3747a356374ad48105985695f053ad1b3f538f62d226bf4b0821b69	"We gladly welcome you to our %STRING1.\nIn honor of the strange tales you have shared with us,\nthe {%STRING0} shall provide you with {guides} to\naid your passage through our lands."	「我們樂意歡迎你們來到我們的%STRING1。為了答謝你們與我們分享的奇聞異事，{%STRING0}將派遣{嚮導}協助你們通過我們的領地。」	draft	目標159
GAME.TXT:@CHIEFAREA:0x00007003	GAME.TXT	67a6b5e22d1addc1ae13658d0d7824622f6d21c6c2bfdefc91f9749450cc2e3a	0x00007003	131	e5006fd5a2891b18a108c9d7e4cf093954ae61d4025d16dade641fb6e8153652	"The {%STRING0} are pleased to welcome travelers\nfrom afar.  Come sit by the fire and\nwe shall tell you tales of {nearby lands}."	「{%STRING0}樂於歡迎遠道而來的旅人。來爐火邊坐坐，我們將為你們講述{附近土地}的故事。」	draft	目標159
GAME.TXT:@CHIEFGIFT:0x000070A2	GAME.TXT	67a6b5e22d1addc1ae13658d0d7824622f6d21c6c2bfdefc91f9749450cc2e3a	0x000070A2	164	0c4057b32c672e9ebf279722d78a616b740dc3f92af4cd74b64ac8b0f225bc2b	"The {%STRING0} welcome the emissaries of the {%STRING1}\ntribe.  Please take these valuable beads (worth {%NUMBER0$})\nback to your chieftain as a peace offering."	「{%STRING0}歡迎{%STRING1}部落的使者。請將這些珍貴的貝殼珠串（價值{%NUMBER0$}）帶回去獻給貴部酋長，作為和平的贈禮。」	draft	目標159
GAME.TXT:@CHIEFBORED:0x00007163	GAME.TXT	67a6b5e22d1addc1ae13658d0d7824622f6d21c6c2bfdefc91f9749450cc2e3a	0x00007163	69	dbedfc4170a297e54fe4691739f45f87da7de7bba061b3b0542ccab1c8227509	"The {%STRING0} are always pleased to welcome {%STRING1}\ntravelers."	「{%STRING0}向來樂於歡迎{%STRING1}旅人。」	draft	目標159
GAME.TXT:@CHIEFKILL:0x000071C4	GAME.TXT	67a6b5e22d1addc1ae13658d0d7824622f6d21c6c2bfdefc91f9749450cc2e3a	0x000071C4	98	5c9278840fe5eb3ccf0d50c72dedb5e220fd2161e1cb7ea81b2cdeb2b975e92e	"You have broken sacred taboos of the {%STRING0} tribe!\nWe shall tie you up for target practice."	「你觸犯了{%STRING0}部落的神聖禁忌！我們要把你綁起來當箭靶練習。」	draft	目標159
GAME.TXT:@KILLWAGONS:0x00007247	GAME.TXT	67a6b5e22d1addc1ae13658d0d7824622f6d21c6c2bfdefc91f9749450cc2e3a	0x00007247	90	8d701fa405864cb4daa530be03528a88eca867cde0c91d6dbb2a8a7afe59b2d1	Your Excellency! Our {wagon train} has disappeared\nwithout a trace in {%STRING0} country.	閣下！我們的{貨車}在{%STRING0}境內消失得無影無蹤。	draft	目標159
GAME.TXT:@TRADE0:0x000072BA	GAME.TXT	67a6b5e22d1addc1ae13658d0d7824622f6d21c6c2bfdefc91f9749450cc2e3a	0x000072BA	254	712b573f27749d311bb460cad7888512980c152c8ff6da98aa79342dc6edaa0c	"We see that you have brought some %STRING0\n{%STRING1} to trade with us.  We offer you {%NUMBER0$}\nin exchange."\n\n"We gratefully accept {%NUMBER0$}."\n"A fairer price would be {%NUMBER1$}."\n"No, let the %STRING1 be our {gift} to you."\n"Never mind."	「我們見你帶了些%STRING0{%STRING1}來跟我們交易。我們願意用{%NUMBER0$}跟你交換。」\n\n「我們樂意接受{%NUMBER0$}。」\n「公道一點的價錢應該是{%NUMBER1$}。」\n「不必了，就讓這些%STRING1當作我們送給你的{禮物}吧。」\n「算了。」	draft	目標159
GAME.TXT:@TRADE1:0x000073D1	GAME.TXT	67a6b5e22d1addc1ae13658d0d7824622f6d21c6c2bfdefc91f9749450cc2e3a	0x000073D1	200	1de3861ecddf927d10195e176a9dbf8b3f72ca96a1d27db77fa970298ff62559	"Your haggling is trying our patience, but\nwe shall raise our offer to {%NUMBER0$}\nfor your {%STRING1}."\n\n"We gratefully accept {%NUMBER0$}."\n"A fairer price would be {%NUMBER1$}."\n"Never mind."	「你這樣討價還價，已經在考驗我們的耐性，不過我們願意將價錢提高到{%NUMBER0$}，收購你的{%STRING1}。」\n\n「我們樂意接受{%NUMBER0$}。」\n「公道一點的價錢應該是{%NUMBER1$}。」\n「算了。」	draft	目標159
GAME.TXT:@BADCARGO:0x000074B4	GAME.TXT	67a6b5e22d1addc1ae13658d0d7824622f6d21c6c2bfdefc91f9749450cc2e3a	0x000074B4	199	9c4823a36b4a1eb8995f821c0c9f60bb43ca0ae9bd5e1653422439ba9f4e994c	"We have enough {%STRING0} and don't\nneed any more right now.\nCome back when you have something else to\noffer.  We are in need of {%STRING1} and {%STRING2}.\nEven {%STRING3} would be of some use."	「我們的{%STRING0}已經夠多了，眼下不需要更多。等你有別的東西可以交易時再回來吧。我們目前需要{%STRING1}和{%STRING2}，就連{%STRING3}也用得上。」	draft	目標159
GAME.TXT:@BADHAGGLE0:0x00007598	GAME.TXT	67a6b5e22d1addc1ae13658d0d7824622f6d21c6c2bfdefc91f9749450cc2e3a	0x00007598	144	00459a8caf394e6b55cea0a54af7693f4f35b1886bf25926e5a35798f5d02383	"Our patience with your haggling is exhausted.\nWe no longer want your worthless {%STRING1}.  Come\nback when you have something else to offer."	「我們對你討價還價的耐性已經用盡。你那不值錢的{%STRING1}我們不要了，等你有別的東西可以交易時再回來吧。」	draft	目標159
GAME.TXT:@BADHAGGLE1:0x00007645	GAME.TXT	67a6b5e22d1addc1ae13658d0d7824622f6d21c6c2bfdefc91f9749450cc2e3a	0x00007645	109	36ed721df856a4feee8eb3ef1c87f77b81da646fbe698ed0bebdfa7042a60fe9	"We have already told you that we no longer want your\n{%STRING0}.  Come back when you have something\nelse."	「我們已經告訴過你，你的{%STRING0}我們不要了。等你有別的東西再回來吧。」	draft	目標159
GAME.TXT:@BADHAGGLE2:0x000076CF	GAME.TXT	67a6b5e22d1addc1ae13658d0d7824622f6d21c6c2bfdefc91f9749450cc2e3a	0x000076CF	121	960a596b42952d46ad4fb7dfbdd43fd48fc3de02e616babe1126001c0b2506fe	"Our patience with your haggling is exhausted.\nWe will sell you nothing further until you bring\nus something of value."	「我們對你討價還價的耐性已經用盡。在你帶來有價值的東西之前，我們不會再賣你任何東西。」	draft	目標159
GAME.TXT:@BADHAGGLE3:0x00007765	GAME.TXT	67a6b5e22d1addc1ae13658d0d7824622f6d21c6c2bfdefc91f9749450cc2e3a	0x00007765	93	49d79e0f119135c46304de82f71d7e5ab872a6a52b85dded42f54b4b33059dde	"As we said before, we will sell you nothing further\nuntil you bring us something of value."	「我們說過了，在你帶來有價值的東西之前，我們不會再賣你任何東西。」	draft	目標159
GAME.TXT:@BRING:0x000077DA	GAME.TXT	67a6b5e22d1addc1ae13658d0d7824622f6d21c6c2bfdefc91f9749450cc2e3a	0x000077DA	155	3293eb6cf14aa93c176a2a8dac86d18297f121d21af01edcb2fdefa0e58fb306	"We are in need of {%STRING0} and {%STRING1}.  Perhaps you will\nbring some next time you come to trade with us.  Even {%STRING2}\nwould be of some value."	「我們需要{%STRING0}和{%STRING1}，或許你下次來交易時能帶一些。就連{%STRING2}對我們來說也有些用處。」	draft	目標159
GAME.TXT:@DEFICIT:0x0000788F	GAME.TXT	67a6b5e22d1addc1ae13658d0d7824622f6d21c6c2bfdefc91f9749450cc2e3a	0x0000788F	69	6a6e17bf2321d5453d680d335711bfb896825856e9f0a1503391967fab01882b	"Since you have brought no trade goods, we will not\ntrade with you."	「既然你沒有帶任何交易商品來，我們不會跟你交易。」	draft	目標159
GAME.TXT:@BUYWHICH:0x000078EF	GAME.TXT	67a6b5e22d1addc1ae13658d0d7824622f6d21c6c2bfdefc91f9749450cc2e3a	0x000078EF	188	27d29c8f9c754b3fd7d761043d8dcaab0d9e76524c24cf4a5a47ab8f481f2d42	"We have {%STRING0}, {%STRING1}, and {%STRING2} available to trade with\nyou.  Which would you like to buy?"\n\n"{%STRING0}."\n"{%STRING1}."\n"{%STRING2}."\n"Nothing right now, thank you."	「我們有{%STRING0}、{%STRING1}和{%STRING2}可以賣給你，你想買哪一種？」\n\n「{%STRING0}。」\n「{%STRING1}。」\n「{%STRING2}。」\n「現在先不用了，謝謝。」	draft	目標159
GAME.TXT:@TRADEWHICH:0x000079C8	GAME.TXT	67a6b5e22d1addc1ae13658d0d7824622f6d21c6c2bfdefc91f9749450cc2e3a	0x000079C8	53	cd741b5dcef6d8e0e11fd89d4998873f5e1d1a3bdcdf0701cc53bd1279c97ed6	Which cargo shall we offer to trade, Your Excellency?	閣下，我們該提供哪一種貨物來交易？	draft	目標159
GAME.TXT:@BUY0:0x00007A14	GAME.TXT	67a6b5e22d1addc1ae13658d0d7824622f6d21c6c2bfdefc91f9749450cc2e3a	0x00007A14	219	f65d7f60b838ed68dedf11a6860be303080f158962aa9fba493394337f98f11e	"We shall fill up your {%STRING1} with {%NUMBER2 %STRING0} in\nexchange for {%NUMBER0$}.  Is this acceptable?"\n\n"We will gladly pay {%NUMBER0$} (of {%NUMBER3$})."\n"A fairer price would be {%NUMBER1$}."\n"Never mind."	「我們會把{%STRING1}裝滿{%NUMBER2 %STRING0}，交換{%NUMBER0$}。這樣你能接受嗎？」\n\n「我們很樂意付{%NUMBER0$}（原價{%NUMBER3$}）。」\n「公道一點的價錢應該是{%NUMBER1$}。」\n「算了。」	draft	目標159
GAME.TXT:@BUY1:0x00007B06	GAME.TXT	67a6b5e22d1addc1ae13658d0d7824622f6d21c6c2bfdefc91f9749450cc2e3a	0x00007B06	261	be273d6665843ab5abe1df5cc44de0d567c7cc85b77dd63639967d85df9b1408	"We grow tired of your constant haggling.  We shall fill up\nyour {%STRING1} with {%NUMBER2 %STRING0} in exchange for {%NUMBER0$}.\nIs this acceptable?"\n\n"We will gladly pay {%NUMBER0$} (of {%NUMBER3$})."\n"A fairer price would be {%NUMBER1$}."\n"Never mind."	「你老是討價還價，我們已經厭倦了。我們會把{%STRING1}裝滿{%NUMBER2 %STRING0}，交換{%NUMBER0$}。這樣你能接受嗎？」\n\n「我們很樂意付{%NUMBER0$}（原價{%NUMBER3$}）。」\n「公道一點的價錢應該是{%NUMBER1$}。」\n「算了。」	draft	目標159
GAME.TXT:@NOTENOUGH:0x00007C27	GAME.TXT	67a6b5e22d1addc1ae13658d0d7824622f6d21c6c2bfdefc91f9749450cc2e3a	0x00007C27	79	152561d02070bc854085e22d9b8ad305a207ef499f6eb8ffda2a406f3e345225	"Sadly, your treasury ({%NUMBER0$}) is not large enough to\nback your promise."	「可惜，你的國庫（{%NUMBER0$}）並不足以兌現你的承諾。」	draft	目標159
GAME.TXT:@LEARNMASTER:0x00007C94	GAME.TXT	67a6b5e22d1addc1ae13658d0d7824622f6d21c6c2bfdefc91f9749450cc2e3a	0x00007C94	225	d14a071fcffc0a0cc5596852601d83fb1171bfdf59f57c2444e8d6c0d68ef3a4	"We are glad to have a master {%STRING1} living\namong us, Old One.  However, we can only teach\nnew skills to colonists who do not yet have one.\nBring us an {indentured servant} or a {free colonist} and\nwe will train him."	「長者，很高興見到像你這樣技藝精湛的{%STRING1}住在我們之中。不過我們只能教導還沒有專長的殖民地居民新技能。帶一位{僕役}或{自由移民}來，我們就會訓練他。」	draft	目標159
GAME.TXT:@LEARNCRIMINAL:0x00007D95	GAME.TXT	67a6b5e22d1addc1ae13658d0d7824622f6d21c6c2bfdefc91f9749450cc2e3a	0x00007D95	148	739cf0f91f12d69c142373b1cca620e3764176a8a6e05291cfd4b2b3f87d141d	"Your ill manners offend us, Young One, and\nwe doubt that you will ever be more than a {common\ncriminal}.  The {%STRING0} will teach you nothing."	「你的粗魯無禮冒犯了我們，年輕人，我們懷疑你這輩子都不會有出息，頂多是個{輕刑罪犯}。{%STRING0}不會教你任何東西。」	draft	目標159
GAME.TXT:@LEARNALREADY:0x00007E48	GAME.TXT	67a6b5e22d1addc1ae13658d0d7824622f6d21c6c2bfdefc91f9749450cc2e3a	0x00007E48	162	404d758ba19f1d0ac3db72253d397f47539d4ec8f4faa9c39da8311868ed1103	"The {%STRING0} of this village have already shared\ntheir skills with young Europeans.  Go and learn\nfrom them if you will, for we have nothing else to\nteach."	「這座村莊的{%STRING0}已經把技藝傳授給年輕的歐洲人了。你若願意，就去向他們學習吧，我們沒有別的可以教你了。」	draft	目標159
GAME.TXT:@LEARNMAD:0x00007F05	GAME.TXT	67a6b5e22d1addc1ae13658d0d7824622f6d21c6c2bfdefc91f9749450cc2e3a	0x00007F05	196	cfcbfd7aa4135dd4165cb080ae682f327258d13380d714ae92bf8b41b2ad07d1	"Your ill manners infuriate us, Young One.  You fail\nto understand our ways, so we doubt you will ever\nlearn anything from us.  In fact, we wish you would\nleave_._._._your presence offends us."	「年輕人，你的粗魯無禮讓我們憤怒。你不明白我們的行事之道，我們懷疑你永遠不會從我們這裡學到任何東西。老實說，我們希望你離開⋯⋯你的存在冒犯了我們。」	draft	目標159；原文 leave_._._._your 以底線串接句點表示拉長的刪節號，譯文以「離開⋯⋯」呈現，語意不變；控制碼檢查不含底線，本欄僅供人工複核。
GAME.TXT:@LEARNSLOW:0x00007FE5	GAME.TXT	67a6b5e22d1addc1ae13658d0d7824622f6d21c6c2bfdefc91f9749450cc2e3a	0x00007FE5	212	ff798269683ef29f300e8fdbdd3fb84f94fe8fb9e3170c612635728f354e0a83	"You are unskilled and uncouth, Young One, and have\ndifficulty understanding our ways.  We see scarce\nhope for you, although you are welcome to remain\nin our village.  Perhaps in time you will\nbe productive."	「年輕人，你缺乏技藝又粗野，難以理解我們的行事之道。我們看不出你有什麼指望，不過還是歡迎你留在村莊裡。或許時候到了，你會有些用處。」	draft	目標159
GAME.TXT:@LEARNSTAY:0x000080D5	GAME.TXT	67a6b5e22d1addc1ae13658d0d7824622f6d21c6c2bfdefc91f9749450cc2e3a	0x000080D5	218	72b50e3bb0017e2530a5b022be8dbbd5d07d533f310d02bf1aefed4bca872441	"You are unskilled, Young One, and your ways are\nstrange.  If you wish, however, we {%STRING0} will\nshow you how to become a master {%STRING1}."\n\n"Then I shall become a master {%STRING1}."\n"Not right now, thanks."	「年輕人，你還沒有技藝，行事方式也很奇怪。不過，如果你願意，我們{%STRING0}可以教你如何成為專業的{%STRING1}。」\n\n「那我就來當專業的{%STRING1}吧。」\n「現在先不用了，謝謝。」	draft	目標159
GAME.TXT:@LEARNLATER:0x000081CC	GAME.TXT	67a6b5e22d1addc1ae13658d0d7824622f6d21c6c2bfdefc91f9749450cc2e3a	0x000081CC	35	4293bfa2ae10905313832b1511384073b4c25d75b45add077551221f86f4aaba	"Very well.  Perhaps another time."	「好吧，那就下次再說。」	draft	目標159
GAME.TXT:@LEARNDONE:0x0000820B	GAME.TXT	67a6b5e22d1addc1ae13658d0d7824622f6d21c6c2bfdefc91f9749450cc2e3a	0x0000820B	203	e82f7876208159405855ebdc06e6465be24c3c44411c2b7b3238abb100a30f93	"Congratulations, Young One.  You have learned the\nways of the {%STRING0} and become a master {%STRING1}.\nWe hope you will share this knowledge wisely.  You\nare always welcome to stay in our village."	「恭喜你，年輕人。你已經學會{%STRING0}的技藝，成為專業的{%STRING1}。希望你能明智地運用這份知識。你隨時都歡迎留在我們的村莊。」	draft	目標159
GAME.TXT:@TRADEMANY:0x000082F2	GAME.TXT	67a6b5e22d1addc1ae13658d0d7824622f6d21c6c2bfdefc91f9749450cc2e3a	0x000082F2	129	c20523a412a5fabc8f41a8749bb64fb2c060d501f9956ccca16c336b42b55feb	Only {%NUMBER0} trade routes can be defined, Your Excellency.\nTo create a new trade route now, you must delete an old one first.	閣下，最多只能設定{%NUMBER0}條貿易路線。要建立新的貿易路線，必須先刪除一條舊的。	draft	目標159
GAME.TXT:@TRADESTART:0x00008390	GAME.TXT	67a6b5e22d1addc1ae13658d0d7824622f6d21c6c2bfdefc91f9749450cc2e3a	0x00008390	44	9b3109f041e91a7351f169e1b7aea8fc739d9fdcb03ab0397323029c9ab48d80	Select destination number %NUMBER0 for route	請選擇路線的第%NUMBER0個目的地	draft	目標159
GAME.TXT:@TRADETYPE:0x000083D8	GAME.TXT	67a6b5e22d1addc1ae13658d0d7824622f6d21c6c2bfdefc91f9749450cc2e3a	0x000083D8	77	3f3cc19ac353fb89a66ea8913948af588b90291982db03670604aae9dc82faa2	Is this a {sea} trade route or a {land} trade route?\n\nSea route\nLand route	這是一條{海上}貿易路線，還是{陸上}貿易路線？\n\n海上路線\n陸上路線	draft	目標159
GAME.TXT:@TRADENAMES:0x00008439	GAME.TXT	67a6b5e22d1addc1ae13658d0d7824622f6d21c6c2bfdefc91f9749450cc2e3a	0x00008439	38	10bad07af8bb0370560a3593636911075a474decf14725d075b98441601fcd5a	Run\nFerry\nCargo\nTransport\nTriangle	航線\n接駁\n貨運\n運輸\n三角	draft	目標159；五個字詞為自動命名貿易路線的樣板詞（Run/Ferry/Cargo/Transport/Triangle），遊戲內實際組合方式未核對，先各自譯為簡短名詞。
GAME.TXT:@TRADENAME:0x0000847B	GAME.TXT	67a6b5e22d1addc1ae13658d0d7824622f6d21c6c2bfdefc91f9749450cc2e3a	0x0000847B	45	c45dd38957dae7f2e4fde05c92bc6ca77f0117849e266fb5fd78418bcd0edcf0	Enter the name for this trade route.\n\nName:	請輸入這條貿易路線的名稱。\n\n名稱：	draft	目標159
GAME.TXT:@TRADENONE:0x000084C4	GAME.TXT	67a6b5e22d1addc1ae13658d0d7824622f6d21c6c2bfdefc91f9749450cc2e3a	0x000084C4	42	c9e5ca09c1d9eadcee1848780916ae6607357fd74bf4a09a0a3730cd79b23cec	You have not yet defined any trade routes.	你還沒有設定任何貿易路線。	draft	目標159
GAME.TXT:@TRADENONE2:0x0000850B	GAME.TXT	67a6b5e22d1addc1ae13658d0d7824622f6d21c6c2bfdefc91f9749450cc2e3a	0x0000850B	53	5b6821e85c40e9817734eb0f90956870740b9ebd914ef6c42efd97ef1862f276	You have not yet defined any {%STRING0} trade routes.	你還沒有設定任何{%STRING0}貿易路線。	draft	目標159
GAME.TXT:@TRADESELECT:0x0000855E	GAME.TXT	67a6b5e22d1addc1ae13658d0d7824622f6d21c6c2bfdefc91f9749450cc2e3a	0x0000855E	21	679dda0f357589a72c2d5f6b895c3df6891a7d70450f0bd9b4f6844c371a6346	Select a trade route:	請選擇一條貿易路線：	draft	目標159
GAME.TXT:@TRADEDELETE:0x00008593	GAME.TXT	67a6b5e22d1addc1ae13658d0d7824622f6d21c6c2bfdefc91f9749450cc2e3a	0x00008593	37	a95283f3dd2185fc34979c0009c17a475f93f0451a861e474138bcdeff9fe249	Which trade route should we {delete}:	要{刪除}哪一條貿易路線：	draft	目標159
GAME.TXT:@SUREDELETE:0x000085D5	GAME.TXT	67a6b5e22d1addc1ae13658d0d7824622f6d21c6c2bfdefc91f9749450cc2e3a	0x000085D5	58	b70ae78477c0f3c07711b55dbedc2dd551ce309b692ef6a63717c49fb1baa00c	Are you sure you want to delete the {%STRING0}?\n\nYes\nNo	你確定要刪除{%STRING0}嗎？\n\n是\n否	draft	目標159
GAME.TXT:@CARGOLOAD:0x0000862B	GAME.TXT	67a6b5e22d1addc1ae13658d0d7824622f6d21c6c2bfdefc91f9749450cc2e3a	0x0000862B	37	767a246403a4581314f71e73a5e7c6e9ff0b5709e0d819d7c187d23bbed56bf1	Select a cargo to load at {%STRING0}.	請選擇要在{%STRING0}裝載的貨物。	draft	目標159
GAME.TXT:@CARGOUNLOAD:0x0000866E	GAME.TXT	67a6b5e22d1addc1ae13658d0d7824622f6d21c6c2bfdefc91f9749450cc2e3a	0x0000866E	39	e9ed32dac552f2b882b045103e50a7cf6aead9c9e86d2ccac4693cf4087fb0f3	Select a cargo to unload at {%STRING0}.	請選擇要在{%STRING0}卸下的貨物。	draft	目標159
GAME.TXT:@ROUTELOOP:0x000086B1	GAME.TXT	67a6b5e22d1addc1ae13658d0d7824622f6d21c6c2bfdefc91f9749450cc2e3a	0x000086B1	82	0a2d5cdea7c1945fb70a2e7177cbd966a688d818d55d932d0f7d7fd294df0210	Your Excellency, our "{%STRING0}" trade route\nhas only one port on its itinerary!	閣下，我們的「{%STRING0}」貿易路線只有一個停靠港！	draft	目標159
GAME.TXT:@PISS0:0x0000871B	GAME.TXT	67a6b5e22d1addc1ae13658d0d7824622f6d21c6c2bfdefc91f9749450cc2e3a	0x0000871B	48	c92a5aea69a4a33b34ee8324ebb4e813894c92f73e0bfee2cff76f9d646089d9	The {%STRING1} tribe is now %STRING2 {%STRING3}.	{%STRING1}部落現在%STRING2{%STRING3}。	draft	目標159；%STRING2（程度副詞，如 more/less）與 {%STRING3}（原住民警戒或好感狀態用語）在術語表與既有譯稿中皆未找到對應定稿，先按原文結構直譯，語意與實際遊戲用詞待覆核。
GAME.TXT:@PISS1:0x00008763	GAME.TXT	67a6b5e22d1addc1ae13658d0d7824622f6d21c6c2bfdefc91f9749450cc2e3a	0x00008763	89	fff8300e8ad8c34abfd1af652cff1b6b1686068a7c349af7ab9a6827d391687c	Because of your incessant roadbuilding,\nthe {%STRING1} tribe is now %STRING2 {%STRING3}.	因為你不斷大興土木闢路，\n{%STRING1}部落現在%STRING2{%STRING3}。	draft	目標159
GAME.TXT:@PISS2:0x000087D4	GAME.TXT	67a6b5e22d1addc1ae13658d0d7824622f6d21c6c2bfdefc91f9749450cc2e3a	0x000087D4	95	287778161bb84547394468a1aa91daeef83bca57dc20cbeac3683add080a3faf	Because you persist in destroying the forest,\nthe {%STRING1} tribe is now %STRING2 {%STRING3}.	因為你不斷破壞森林，\n{%STRING1}部落現在%STRING2{%STRING3}。	draft	目標159
GAME.TXT:@PISS3:0x0000884B	GAME.TXT	67a6b5e22d1addc1ae13658d0d7824622f6d21c6c2bfdefc91f9749450cc2e3a	0x0000884B	105	0f00681fa4a912757597697dd56529071d1765a032175593278da051dac9bda3	Because of the continued work of %STRING0 missionaries,\nthe {%STRING1} tribe is now %STRING2 {%STRING3}.	因為%STRING0傳教士的持續努力，\n{%STRING1}部落現在%STRING2{%STRING3}。	draft	目標159；%STRING0 語意未核（可能是數量或國籍修飾詞），暫譯為可通用的修飾語
GAME.TXT:@PISS4:0x000088CC	GAME.TXT	67a6b5e22d1addc1ae13658d0d7824622f6d21c6c2bfdefc91f9749450cc2e3a	0x000088CC	84	1d9cc7cfc7701251a04541bdfe3d1c57cb573b31a9c5949ec84ed997ba6b691a	Because of this umprovoked attack,\nthe {%STRING1} tribe is now %STRING2 {%STRING3}.	因為這次無端的攻擊，\n{%STRING1}部落現在%STRING2{%STRING3}。	draft	目標159；原文 umprovoked 為 unprovoked 的手誤，依「無端」翻譯
GAME.TXT:@PISS5:0x00008938	GAME.TXT	67a6b5e22d1addc1ae13658d0d7824622f6d21c6c2bfdefc91f9749450cc2e3a	0x00008938	116	c3f78a8c61426e6b12a1ead102a2bc6214650a0e37320cf26e8f3f948dd10049	Because of increasing population pressure\nfrom %STRING0 colonies, the {%STRING1} tribe\nis now %STRING2 {%STRING3}.	由於%STRING0座殖民領地帶來的人口壓力\n日益增加，{%STRING1}部落\n現在%STRING2{%STRING3}。	draft	目標159
GAME.TXT:@KINGNO:0x000089CB	GAME.TXT	67a6b5e22d1addc1ae13658d0d7824622f6d21c6c2bfdefc91f9749450cc2e3a	0x000089CB	129	3a493c78d235b21831dfc5ae962e1bc193b29750d1526a5122c04c8a91b1707d	"We are most dissatisfied with your efforts in the\nNew World.  Therefore we do not deign to fulfill\nyour request at this time."	「我們對你在新世界的表現極為不滿，\n因此現在不屑\n滿足你的請求。」	draft	目標159
GAME.TXT:@KINGFUND:0x00008A69	GAME.TXT	67a6b5e22d1addc1ae13658d0d7824622f6d21c6c2bfdefc91f9749450cc2e3a	0x00008A69	160	b375d854cf73cf97c17c7a4d36d5e2c2253830beba45b6d16436461c911c5959	"Our royal treasury is stretched to the limit.  At this\ntime we can offer you a grant of only {%NUMBER0$}."\n\n"We gratefully accept this gift."\n"Never mind."	「我們的皇家國庫已經吃緊，這次\n只能撥給你{%NUMBER0$}的補助金。」\n\n「我們感激地接受這份贈禮。」\n「算了。」	draft	目標159
GAME.TXT:@KINGLOWER:0x00008B25	GAME.TXT	67a6b5e22d1addc1ae13658d0d7824622f6d21c6c2bfdefc91f9749450cc2e3a	0x00008B25	134	59d917ac8089526634dc9ff5fc10345ba3f790eb77f78f860cb161448347636b	"After careful consideration, we have graciously decided\nto lower your tax rate by {%NUMBER0%%}.  The tax rate is\nnow {%NUMBER1%%}."	「經過審慎考量，我們已恩准調降\n你的稅率{%NUMBER0%%}，稅率現在\n是{%NUMBER1%%}。」	draft	目標159
GAME.TXT:@KINGNOTHING:0x00008BC9	GAME.TXT	67a6b5e22d1addc1ae13658d0d7824622f6d21c6c2bfdefc91f9749450cc2e3a	0x00008BC9	125	30160516f928000fdc7f497c08628a2b8a9d2c2e769164b1bdab801422683537	"In spite of your impudence, we shall not change your\ntax rate at this time.  You may, however, kiss our\nroyal pinky ring."	「儘管你如此放肆，這次我們\n不會調整你的稅率，不過你可以\n親吻我們皇家的小指戒指。」	draft	目標159
GAME.TXT:@KINGRAISE:0x00008C62	GAME.TXT	67a6b5e22d1addc1ae13658d0d7824622f6d21c6c2bfdefc91f9749450cc2e3a	0x00008C62	170	3b1a08b3dc24241dbb12f892c0465ddf4fbd78980f24eef532267cbc31b21895	"Your DARE to demand lower taxes!  After the kindness\nthe crown has shown?  For your impudence we shall raise\ntaxes by {%NUMBER0%%}.  The tax rate is now {%NUMBER1%%}."	「你竟敢要求降稅！皇城待你如此仁厚，\n你就這樣回報？為了你的放肆，我們要將\n稅率調升{%NUMBER0%%}，稅率現在是{%NUMBER1%%}。」	draft	目標159
GAME.TXT:@KINGTAX:0x00008D26	GAME.TXT	67a6b5e22d1addc1ae13658d0d7824622f6d21c6c2bfdefc91f9749450cc2e3a	0x00008D26	255	d509c6b35e78a169550c9073511ca9adeeabbdf1ffa2c3fe0b744e54642ee15d	"It is essential that the Crown receive proper\nrecompense for its efforts on your behalf.\nTherefore we have graciously decided to raise your tax rate\nby {%NUMBER0%%}.  The tax rate is now {%NUMBER1%%}.  If you\nwish, you may kiss our royal pinky ring."	「皇城為你在此付出諸多心力，\n理應獲得應有的回報。因此我們已恩准\n將稅率調升{%NUMBER0%%}，稅率現在是\n{%NUMBER1%%}。如果你願意，\n可以親吻我們皇家的小指戒指。」	draft	目標159
GAME.TXT:@KINGBLESS:0x00008E41	GAME.TXT	67a6b5e22d1addc1ae13658d0d7824622f6d21c6c2bfdefc91f9749450cc2e3a	0x00008E41	80	ad3cf1d0e52949fc22b6c6066fc08bd46067d242580ea93baa188e9dbc49c068	"You have our royal blessing.  If you wish, you may kiss\nour royal pinky ring."	「你已獲得我們皇家的祝福。如果你願意，\n可以親吻我們皇家的小指戒指。」	draft	目標159
GAME.TXT:@KINGLAUGH:0x00008EAD	GAME.TXT	67a6b5e22d1addc1ae13658d0d7824622f6d21c6c2bfdefc91f9749450cc2e3a	0x00008EAD	96	2f5fb904ee2c89cb44760fa95a7130a8268e9b0a180cec7ae0ea327c2fd7e03c	"Ha ha ha ha ha ha ha!  You make a funny joke!\nHo ho ho ho ho!  Independence!  Ha ha ha ha ha!"	「哈哈哈哈哈哈哈！你這笑話真有趣！\n呵呵呵呵呵！獨立！哈哈哈哈哈！」	draft	目標159
GAME.TXT:@KINGWELCOME0:0x00008F2C	GAME.TXT	67a6b5e22d1addc1ae13658d0d7824622f6d21c6c2bfdefc91f9749450cc2e3a	0x00008F2C	81	6f7bca59c79d38b21faf81bed68875afdc1d0eec47245ee125162b694f04dda5	"Welcome, %STRING0 %STRING1.  Your exploits in\nthe New World please us greatly."	「歡迎你，%STRING0 %STRING1。\n你在新世界的功績讓我們深感欣慰。」	draft	目標159
GAME.TXT:@MERCANTILISM:0x00008F9C	GAME.TXT	67a6b5e22d1addc1ae13658d0d7824622f6d21c6c2bfdefc91f9749450cc2e3a	0x00008F9C	279	d3e30811a501a4f9f009a1aaa64332175eb0589812d39a8398ea5006237bff95	"We are concerned that this {%STRING0} you have built\nwill take profits away from hardworking %STRING1 merchants.\nTherefore we have graciously decided to raise your tax rate\nby {%NUMBER0%%}.  The tax rate is now {%NUMBER1%%}.  If you\nwish, you may kiss our royal pinky ring."	「你建造的這座{%STRING0}，讓我們憂心\n會搶走辛勤的%STRING1商人的利潤。\n因此我們已恩准將稅率調升{%NUMBER0%%}，\n稅率現在是{%NUMBER1%%}。如果你願意，\n可以親吻我們皇家的小指戒指。」	draft	目標159
GAME.TXT:@PURCHASETAX:0x000090D1	GAME.TXT	67a6b5e22d1addc1ae13658d0d7824622f6d21c6c2bfdefc91f9749450cc2e3a	0x000090D1	200	48632ae310902c1fa0674e76adbf0538d7046cf16841b909b5f310af79228041	"We have graciously decided to raise your tax rate by {%NUMBER0%%}\nin recognition of your use of Crown resources.  The tax rate is\nnow {%NUMBER1%%}.  If you wish, you may kiss our royal pinky ring."	「有鑑於你使用了皇城的資源，我們已恩准\n將稅率調升{%NUMBER0%%}，稅率現在是{%NUMBER1%%}。\n如果你願意，可以親吻我們皇家的小指戒指。」	draft	目標159
GAME.TXT:@TAXOPTIONS:0x000091AA	GAME.TXT	67a6b5e22d1addc1ae13658d0d7824622f6d21c6c2bfdefc91f9749450cc2e3a	0x000091AA	42	f924dfe857cacc3d23a12df499f05ef7d4e53819b5691d5c101f35182fefef7b	Kiss pinky ring.\nHold '{%STRING3 Party}.'	親吻小指戒指。\n舉辦一場「{%STRING3傾倒事件}」。	draft	目標159；Party 依波士頓茶黨典故譯為「傾倒事件」；%STRING3 為被丟入海中的貨物名稱，與 TEAPARTY 一致
GAME.TXT:@TEAPARTY:0x000091EF	GAME.TXT	67a6b5e22d1addc1ae13658d0d7824622f6d21c6c2bfdefc91f9749450cc2e3a	0x000091EF	238	74307871a5cf813526a17bbd359ef3bbfe0db88ef890b043443af7d194e81d69	{%STRING3 Party}!  Sons of Liberty throw {%NUMBER0} tons of %STRING0\ninto the sea at %STRING1!  Colonists refuse to pay new tax.  Parliament\nannounces boycott of %STRING0.  %STRING0 cannot be traded in %STRING2\nuntil boycott is lifted.	{%STRING3傾倒事件}！自由子民把{%NUMBER0}噸%STRING0\n倒進海裡，地點在%STRING1！殖民地居民拒絕繳納新稅，\n國會隨即宣布杯葛%STRING0。在解除杯葛之前，\n%STRING0無法在%STRING2交易。	draft	目標159；不換：Tax 指新稅，不是稅率
GAME.TXT:@KISSUP:0x000092F6	GAME.TXT	67a6b5e22d1addc1ae13658d0d7824622f6d21c6c2bfdefc91f9749450cc2e3a	0x000092F6	286	e70e6598804fb10e5c3a10bd8dc022f4156f8b92a2a84036e94e2cc635705cee	{%STRING0} is currently under Parliamentary {boycott}, Your Excellency.\nWe cannot trade %STRING0 in %STRING1 until Parliament lifts the boycott,\nwhich it will not do until we agree to pay {%NUMBER0$} in back taxes.\n\nThis is taxation without representation! Unfair!\nPay {%NUMBER0$}.	閣下，{%STRING0}目前遭國會{杯葛}。\n我們無法讓%STRING0在%STRING1完成交易，直到\n國會解除杯葛；而國會要等我們同意補繳{%NUMBER0$}的欠稅，才願意這麼做。\n\n這根本是未經代表同意的課稅！太不公平了！\n支付{%NUMBER0$}。	draft	目標159；不換：back taxes 指欠稅
GAME.TXT:@KISSSORRY:0x00009430	GAME.TXT	67a6b5e22d1addc1ae13658d0d7824622f6d21c6c2bfdefc91f9749450cc2e3a	0x00009430	50	4f18e76c8134b4b2b00786a2fd8980b3b851865d61769f430a4a2da9b56efe25	Unfortunately, we only have {%NUMBER0$} available.	很遺憾，我們只有{%NUMBER0$}可以動用。	draft	目標159
GAME.TXT:@PRICEUP:0x0000947C	GAME.TXT	67a6b5e22d1addc1ae13658d0d7824622f6d21c6c2bfdefc91f9749450cc2e3a	0x0000947C	61	21d64aa650755969cde1824b2ee62af344b30e2eb76ba8d5df2c07c66c3af557	The price of {%STRING0} in %STRING1 has risen to {%NUMBER0$}.	{%STRING0}在%STRING1的價格已上漲至{%NUMBER0$}。	draft	目標159
GAME.TXT:@PRICEDOWN:0x000094D5	GAME.TXT	67a6b5e22d1addc1ae13658d0d7824622f6d21c6c2bfdefc91f9749450cc2e3a	0x000094D5	62	aeb0a6386c0da64f28e391f52b60c678b811b06504b70eae206b0c135034c63d	The price of {%STRING0} in %STRING1 has fallen to {%NUMBER0$}.	{%STRING0}在%STRING1的價格已下跌至{%NUMBER0$}。	draft	目標159
GAME.TXT:@WHICHFREEDOM:0x00009532	GAME.TXT	67a6b5e22d1addc1ae13658d0d7824622f6d21c6c2bfdefc91f9749450cc2e3a	0x00009532	139	f34fcb8c067985d4d01dcac39c62bf5f068f673bc171ac482e92dad0c6e210f8	The Continental Congress will expand during its next session,\nYour Excellency.  Which Founding Father shall we appoint as its next member?	大陸議會將在下次會期擴編，\n閣下，我們該任命哪一位建國之父加入？	draft	目標159
GAME.TXT:@FREEDOM:0x000095D7	GAME.TXT	67a6b5e22d1addc1ae13658d0d7824622f6d21c6c2bfdefc91f9749450cc2e3a	0x000095D7	88	d9786b63c6aac444d82583d0e8d1debe4ecbab91163377cff5b04aa8d132da98	%STRING1 Founding Fathers announce that\n{%STRING0} has joined the Continental Congress!	%STRING1建國之父宣布，\n{%STRING0}已加入大陸議會！	draft	目標159
GAME.TXT:@SHIPSLOW:0x0000973D	GAME.TXT	67a6b5e22d1addc1ae13658d0d7824622f6d21c6c2bfdefc91f9749450cc2e3a	0x0000973D	64	ffec4c1caa0c1c31ead1498a39b4fec2f77f0f77331ee7510b353c51aebff757	{%STRING0}'s progress slowed by presence of {%STRING1 %STRING2}.	{%STRING0}因{%STRING1%STRING2}擋在附近而放慢了行進速度。	draft	目標159；{%STRING1 %STRING2} 推測為國籍＋船種組合，中文合併時省略原文空格
GAME.TXT:@SHIPRUN:0x00009797	GAME.TXT	67a6b5e22d1addc1ae13658d0d7824622f6d21c6c2bfdefc91f9749450cc2e3a	0x00009797	51	1e480e45e61c9bba3c33a803bc92a3a49c2b5626942e2223b63192ed9fd681dc	{%STRING2 %STRING0} slips past {%STRING1 %STRING3}!	{%STRING2%STRING0}悄悄溜過了{%STRING1%STRING3}！	draft	目標159；兩組 {%STRINGx %STRINGy} 推測為國籍＋單位名組合，中文合併時省略原文空格
GAME.TXT:@FORTFIRE:0x000097E5	GAME.TXT	67a6b5e22d1addc1ae13658d0d7824622f6d21c6c2bfdefc91f9749450cc2e3a	0x000097E5	59	046606dc7f2bbf9910837a4daf51731de2f07c6fb2bd697664fa5e6f61cd1a32	{%STRING0} at {%STRING1} opens fire on {%STRING2 %STRING3}!	{%STRING0}在{%STRING1}向{%STRING2%STRING3}開火！	draft	目標159；{%STRING2 %STRING3} 推測為國籍＋單位名組合，中文合併時省略原文空格
GAME.TXT:@EUROPEARM:0x0000983C	GAME.TXT	67a6b5e22d1addc1ae13658d0d7824622f6d21c6c2bfdefc91f9749450cc2e3a	0x0000983C	22	c2ed2e80827e3629243545ec613ddec39cdef11fa0393c342a3280fb877fbcda	European dock options:	歐洲碼頭選項：	draft	目標159
GAME.TXT:@EUROPESHIPCLICK:0x00009874	GAME.TXT	67a6b5e22d1addc1ae13658d0d7824622f6d21c6c2bfdefc91f9749450cc2e3a	0x00009874	39	78c9ba92f6f4ef1e79aa05282d9d0dda64e2271c57475cbab389fc7a6d89291b	European harbor options for {%STRING0}:	{%STRING0}的歐洲港口選項：	draft	目標159
GAME.TXT:@ARMOPTIONS:0x000098AC	GAME.TXT	67a6b5e22d1addc1ae13658d0d7824622f6d21c6c2bfdefc91f9749450cc2e3a	0x000098AC	362	56d19f3e5b4344d1f6c5a4745ed009f6f0f251ed4e45032792da48ad66de45ed	Don't get on next ship.\nBoard next ship.\nMove to front of dock.\nArm with {Muskets} (costs {%NUMBER0$}).\nSell {Muskets} (save {%NUMBER0$}).\nEquip with {Tools} (costs {%NUMBER1$}).\nSell {Tools} (save {%NUMBER1$}).\nEquip with {Horses} (costs {%NUMBER2$}).\nSell {Horses} (save {%NUMBER2$}).\nBless as {Missionaries}.\nCancel {Missionary} Status.\nNo changes.	不要登上下一艘船。\n登上下一艘船。\n移到碼頭最前面。\n配備{槍}（花費{%NUMBER0$}）。\n賣出{槍}（省下{%NUMBER0$}）。\n配備{工具}（花費{%NUMBER1$}）。\n賣出{工具}（省下{%NUMBER1$}）。\n配備{馬}（花費{%NUMBER2$}）。\n賣出{馬}（省下{%NUMBER2$}）。\n祝福成為{傳教士}。\n取消{傳教士}身分。\n不做更動。	draft	目標159
GAME.TXT:@COLONYUNIT:0x00009A33	GAME.TXT	67a6b5e22d1addc1ae13658d0d7824622f6d21c6c2bfdefc91f9749450cc2e3a	0x00009A33	31	98b75b596028b5fb6713ca8044c29433a0af0eaad291bba5cfd3a6780577b90f	Options for {%STRING0%STRING1}:	{%STRING0%STRING1}的選項：	draft	目標159；{%STRING0%STRING1} 推測為單位／地名＋所有格後綴組合，中文合併時省略原文空格
GAME.TXT:@UNITOPTIONS:0x00009A64	GAME.TXT	67a6b5e22d1addc1ae13658d0d7824622f6d21c6c2bfdefc91f9749450cc2e3a	0x00009A64	74	966a3ac7f25ba2a24d86dcccdebdc4e83cb18b596e45474f65d7ef9ab724979f	Move to front.\nClear orders.\nSentry / Board ship.\nFortify.\nNo changes.	移到最前面。\n清除命令。\n警戒／登船。\n駐守。\n不做更動。	draft	目標159
GAME.TXT:@SHIPOPTIONS:0x00009AC0	GAME.TXT	67a6b5e22d1addc1ae13658d0d7824622f6d21c6c2bfdefc91f9749450cc2e3a	0x00009AC0	101	3d2fbd9ac05dc216fdc84d8be7ee24e9d69d14e6ef97a7e3769b7dad40d1c897	Move to front.\nClear orders.\nSentry.\nAnchor in harbor ("Fortify").\nUnload all cargo.\nNo changes.	移到最前面。\n清除命令。\n警戒。\n在港口下錨（「駐守」）。\n卸下所有貨物。\n不做更動。	draft	目標159
GAME.TXT:@EUROPESHIPOPTIONS:0x00009B3D	GAME.TXT	67a6b5e22d1addc1ae13658d0d7824622f6d21c6c2bfdefc91f9749450cc2e3a	0x00009B3D	75	9f32942301758e884038362e26a03eebf1bbd02076aedc5d5b07983875e1d370	Move to front.\nSet sail for the New World.\nUnload all cargo.\nNo changes.	移到最前面。\n啟航前往新世界。\n卸下所有貨物。\n不做更動。	draft	目標159
GAME.TXT:@KINGFRIGATE:0x00009BA8	GAME.TXT	67a6b5e22d1addc1ae13658d0d7824622f6d21c6c2bfdefc91f9749450cc2e3a	0x00009BA8	245	867b48ace58ea4f008a3cec5da9f59cdccfb7d146e8e95fa63e73f79d230c983	"%STRING0 %STRING1.  We note that enemy warships are\npreying on your undefended shipping lanes.  Shall we\ndispatch a {frigate} from the %STRING2 navy to assist\nyou?"\n\n"Yes, I fear it is necessary."\n"No. We shall attend to our own defense."	「%STRING0 %STRING1，我們注意到\n敵國軍艦正在掠奪你毫無防備的航道。\n要不要派一艘{快速艦}，\n由%STRING2海軍調來協助你？」\n\n「是的，恐怕有必要。」\n「不必了，我們會自行防衛。」	draft	目標159
GAME.TXT:@KINGGALLEON2:0x00009CBC	GAME.TXT	67a6b5e22d1addc1ae13658d0d7824622f6d21c6c2bfdefc91f9749450cc2e3a	0x00009CBC	493	2e4957d37fa8860f17a276c071e2ef4fc19cf6b5a964c2168f278840676aba93	"%STRING0 %STRING1.  We are most pleased at the amount\nof plunder and booty your conquistadores are obtaining\nin the New World.  Alas, we notice that you do not have\na {galleon} fleet to transport this marvelous treasure home\nto %STRING2.  If you wish, we shall transport the treasure\nhome in our own royal galleons once our assessors have\ncomputed the Crown's proper share."\n\n"Very well, and let the Crown claim its rightful share."\n"No, I would sooner {kiss} your royal pinky ring."	「%STRING0 %STRING1，我們對你的征服者們\n在新世界獲得的大量戰利品與掠奪品\n甚感欣慰。可惜的是，我們注意到你沒有\n{帆船}船隊，可以把這批可觀的財寶\n運回%STRING2。如果你願意，等我們的估價官\n算出皇城應得的份額之後，我們可以用自己的\n皇家帆船把財寶運回去。」\n\n「好吧，就讓皇城拿走屬於它的那一份吧。」\n「不，我寧可{親吻}你皇家的小指戒指。」	draft	目標159；不換：treasure 指戰利品
GAME.TXT:@KINGGALLEON3:0x00009EC8	GAME.TXT	67a6b5e22d1addc1ae13658d0d7824622f6d21c6c2bfdefc91f9749450cc2e3a	0x00009EC8	541	f82c4ff9439c60ea64418d9a95df42bce29718a79fc554fc460f6c53a12f4c08	"%STRING0 %STRING1.  We are most pleased at the amount\nof plunder and booty your conquistadores are obtaining\nin the New World.  We do not wish you to be distracted\nby the task of transporting this marvelous treasure home\nto %STRING2.  If you wish, we shall transport the treasure\nhome in our own royal galleons {for no extra charge} once our assessors have\ntaken a percentage equal to the current tax rate ({%NUMBER0%%})."\n\n"Very well, and let the Crown claim its rightful share."\n"No, I would sooner {kiss} your royal pinky ring."	「%STRING0 %STRING1，我們對你的征服者在新大陸掠奪到如此豐厚的戰利品，深感欣慰。我們不希望你為了將這批驚人的財寶運回%STRING2而分心。如果你願意，我們可以用自己的皇家帆船{免費}幫你把寶藏運回家，前提是我們的稅務官已先抽取相當於目前稅率（{%NUMBER0%%}）的成數。」\n\n「很好，就讓皇城拿走它應得的那一份吧。」\n「不了，我寧可{親吻}你尊貴的小指戒指。」	draft	目標159；%STRING0 %STRING1 為國王書信開頭的稱謂／招呼語（原文本身不加大括號），實際代換內容未知，僅依原文順序前後相連保留，未另行揣測措辭；王室自稱 we/our 統一譯為「我們」；本注記適用本批所有 KING 開頭書信。；不換：plunder and booty 合譯戰利品
GAME.TXT:@CASHTREASURE:0x0000A106	GAME.TXT	67a6b5e22d1addc1ae13658d0d7824622f6d21c6c2bfdefc91f9749450cc2e3a	0x0000A106	48	82b25fb66c7d646f9572f31c04a88bd430367e2e431a9e09f6961055603a19d4	Treasure sold to foreign agents for {%NUMBER0$}.	寶藏以{%NUMBER0$}的價格賣給外國商人。	draft	目標159
GAME.TXT:@USEDUPTOOLS:0x0000A154	GAME.TXT	67a6b5e22d1addc1ae13658d0d7824622f6d21c6c2bfdefc91f9749450cc2e3a	0x0000A154	77	70cc2caf1b4562a87ce922ffcb6a452c527fbe5e884d107fc95dd0b85a1a13ab	Our {pioneer} has reverted to {colonist} status after using\nall its {tools}.	我們的{前鋒}已恢復為{殖民地居民}身分，因為所有{工具}都已用盡。	draft	目標159
GAME.TXT:@EVASIVE:0x0000A1BB	GAME.TXT	67a6b5e22d1addc1ae13658d0d7824622f6d21c6c2bfdefc91f9749450cc2e3a	0x0000A1BB	47	3fda3b61a339aefc75b47fbf2f5d68fc7eced59605e139fe751b2f00e4090491	{%STRING0 %STRING1} evades {%STRING2 %STRING3}.	{%STRING0 %STRING1}躲過了{%STRING2 %STRING3}的攔截。	draft	目標159
GAME.TXT:@KINGMERCY:0x0000A206	GAME.TXT	67a6b5e22d1addc1ae13658d0d7824622f6d21c6c2bfdefc91f9749450cc2e3a	0x0000A206	235	e99b865fcc11e4adbddb561a0bf292e6071edfbddfac13929c332970d5bbc517	"%STRING0 %STRING1.  In light of the unfortunate loss\nof a Royal {%STRING2} unit, we have graciously decided to\nlower your tax rate by {%NUMBER0%%}.  The tax rate is now {%NUMBER1%%}.\nIf you wish, you may kiss our royal pinky ring."	「%STRING0 %STRING1，鑑於痛失一支皇家{%STRING2}部隊，我們大發慈悲，決定將你的稅率調降{%NUMBER0%%}。目前稅率為{%NUMBER1%%}。如果你願意，可以親吻我們尊貴的小指戒指。」	draft	目標159；同 @KINGGALLEON3 的稱謂與國王自稱處理方式。
GAME.TXT:@KINGNEWWAR:0x0000A310	GAME.TXT	67a6b5e22d1addc1ae13658d0d7824622f6d21c6c2bfdefc91f9749450cc2e3a	0x0000A310	421	c302a1a0250fe5b8a221d82034b17e888fda38879e3b86d1334a7b3da0a64ebf	"%STRING0 %STRING1.  The arrogant attitude of the {%STRING2} has\nforced us to {declare war} on them.  We have therefore cancelled\nyour peace arrangement and we order you to teach\nthem a lesson in manners at once.  We shall provide you with {%NUMBER0$}\nfrom the Royal Treasury and {%NUMBER1} of our {Veteran Soldier} units to\nassist you in carrying out your campaign.\nIf you wish, you may kiss our royal pinky ring."	「%STRING0 %STRING1，{%STRING2}狂妄自大的態度逼得我們不得不對其{宣戰}。我們已經取消你與他們的和平協議，並命令你即刻給他們一個教訓，讓他們懂得禮數。我們將從皇家國庫撥出{%NUMBER0$}，並調派{%NUMBER1}支{老手級士兵}部隊協助你進行這場戰役。如果你願意，可以親吻我們尊貴的小指戒指。」	draft	目標159；同 @KINGGALLEON3 的稱謂與國王自稱處理方式；{Veteran Soldier}依定稿譯名表譯為{老手級士兵}。
GAME.TXT:@KINGVICTORY:0x0000A4D5	GAME.TXT	67a6b5e22d1addc1ae13658d0d7824622f6d21c6c2bfdefc91f9749450cc2e3a	0x0000A4D5	223	c92b89f2d3949c41718cf1bb899877c545ca2b1ed4a8d94346d8e2483f7f8dec	"%STRING0 %STRING1.  To celebrate our recent victory\nover %STRING2, we have magnanimously decided to LOWER\nyour tax rate by {%NUMBER0%%}.  The tax rate is now {%NUMBER1%%}.\nYou may, as always, kiss our royal pinky ring."	「%STRING0 %STRING1，為慶祝我們最近戰勝%STRING2，我們寬宏大量，決定調降你的稅率{%NUMBER0%%}。目前稅率為{%NUMBER1%%}。一如既往，你可以親吻我們尊貴的小指戒指。」	draft	目標159；同 @KINGGALLEON3 的稱謂與國王自稱處理方式。
GAME.TXT:@KINGWIFE:0x0000A5CF	GAME.TXT	67a6b5e22d1addc1ae13658d0d7824622f6d21c6c2bfdefc91f9749450cc2e3a	0x0000A5CF	228	1a18c9a179b20bace658e1844413b8a629291992ad930b4ab3b33bc73f5b7dca	"%STRING0 %STRING1.  In honor of our recent wedding to\nour %STRING2 wife, we have graciously decided to raise\nyour tax rate by {%NUMBER0%%}.  The tax rate is now {%NUMBER1%%}.\nYou may, if you wish, kiss our royal pinky ring."	「%STRING0 %STRING1，為了慶祝我們最近迎娶%STRING2王后的大婚，我們大發慈悲，決定將你的稅率調高{%NUMBER0%%}。目前稅率為{%NUMBER1%%}。如果你願意，可以親吻我們尊貴的小指戒指。」	draft	目標159；同 @KINGGALLEON3 的稱謂與國王自稱處理方式；%STRING2 研判為形容王后的詞語，語境不明，按原文結構直譯。
GAME.TXT:@KINGWAR:0x0000A6CD	GAME.TXT	67a6b5e22d1addc1ae13658d0d7824622f6d21c6c2bfdefc91f9749450cc2e3a	0x0000A6CD	229	7d8819c05eb2e7422e4e6b5c080bb59b1b70c8fabad85ebdd26b7528ef2352e8	"%STRING0 %STRING1.  Because of recent developments in our\nongoing war with %STRING2, we have decided to raise your tax\nrate by {%NUMBER0%%}.  The tax rate is now {%NUMBER1%%}.  If you\nwish, you may kiss our royal pinky ring."	「%STRING0 %STRING1，由於我們與%STRING2之間的戰事最近有了新進展，我們決定將你的稅率調高{%NUMBER0%%}。目前稅率為{%NUMBER1%%}。如果你願意，可以親吻我們尊貴的小指戒指。」	draft	目標159；同 @KINGGALLEON3 的稱謂與國王自稱處理方式。
GAME.TXT:@KINGNAVACT:0x0000A7CF	GAME.TXT	67a6b5e22d1addc1ae13658d0d7824622f6d21c6c2bfdefc91f9749450cc2e3a	0x0000A7CF	294	669fd5f9f397f24a7afc3a9a101fe35dfa35032e5cd7255baf353d9c9ac9ee7d	"%STRING0 %STRING1.  We are concerned that the Crown is not\nreceiving its due share of New World revenue.  We have therefore\ndecided to impose a new {Navigation Act}, raising your tax rate\nby {%NUMBER0%%}.  The tax rate is now {%NUMBER1%%}.  If you wish,\nyou may kiss our royal pinky ring."	「%STRING0 %STRING1，我們擔心皇城未能從新大陸取得應得的收益，因此決定頒布新的{航海法案}，將你的稅率調高{%NUMBER0%%}。目前稅率為{%NUMBER1%%}。如果你願意，可以親吻我們尊貴的小指戒指。」	draft	目標159；同 @KINGGALLEON3 的稱謂與國王自稱處理方式；Navigation Act 譯為{航海法案}（非定稿譯名表既有詞條）。
GAME.TXT:@KINGSTAMPACT:0x0000A914	GAME.TXT	67a6b5e22d1addc1ae13658d0d7824622f6d21c6c2bfdefc91f9749450cc2e3a	0x0000A914	322	9673ebcb815b40acb237b6449f1eefe91c868878414a91e40af715e331515bf6	"%STRING0 %STRING1.  The ungrateful attitude of the colonists\nin {%STRING2} makes us ill.  We have therefore decided to teach\nthem proper respect for their sovereign by imposing a new {Stamp Act},\nraising the tax rate by {%NUMBER0%%}.  The tax rate is now {%NUMBER1%%}.\nIf you wish, you may kiss our royal pinky ring."	「%STRING0 %STRING1，{%STRING2}的殖民地居民如此忘恩負義，令我們深感不快。我們已決定藉由頒布新的{印花稅法}，讓他們學會對君主應有的敬意，並將稅率調高{%NUMBER0%%}。目前稅率為{%NUMBER1%%}。如果你願意，可以親吻我們尊貴的小指戒指。」	draft	目標159；同 @KINGGALLEON3 的稱謂與國王自稱處理方式；Stamp Act 譯為{印花稅法}（非定稿譯名表既有詞條）。
GAME.TXT:@COUNTRIES:0x0000AA66	GAME.TXT	67a6b5e22d1addc1ae13658d0d7824622f6d21c6c2bfdefc91f9749450cc2e3a	0x0000AA66	111	b83251cbbcc5f3ac7c03275c62c0672e1c04298ce419f319bf45196d258ecd80	the Holy Roman Empire\nthe Portuguese\nthe Ottoman Turks\nthe Barbary Pirates\nRussia\nPrussia\nSweden\nDenmark	神聖羅馬帝國\n葡萄牙人\n鄂圖曼土耳其人\n巴巴里海盜\n俄羅斯\n普魯士\n瑞典\n丹麥	draft	目標159
GAME.TXT:@ORDINAL:0x0000AAE3	GAME.TXT	67a6b5e22d1addc1ae13658d0d7824622f6d21c6c2bfdefc91f9749450cc2e3a	0x0000AAE3	328	23e636738615aad7d07529913a3afc2faa186d40256b619cdd8b18c2ffbb9292	first\nsecond\nthird\nfourth\nfifth\nsixth\nseventh\neighth\nninth\ntenth\neleventh\ntwelfth\nthirteenth\nfourteenth\nfifteenth\nsixteenth\nseventeenth\neighteenth\nnineteenth\ntwentieth\ntwenty first\ntwenty second\ntwenty third\ntwenty fourth\ntwenty fifth\ntwenty sixth\ntwenty seventh\ntwenty eighth\ntwenty ninth\nthirtieth	第一\n第二\n第三\n第四\n第五\n第六\n第七\n第八\n第九\n第十\n第十一\n第十二\n第十三\n第十四\n第十五\n第十六\n第十七\n第十八\n第十九\n第二十\n第二十一\n第二十二\n第二十三\n第二十四\n第二十五\n第二十六\n第二十七\n第二十八\n第二十九\n第三十	draft	目標159
GAME.TXT:@NEEDTOOLS:0x0000AC47	GAME.TXT	67a6b5e22d1addc1ae13658d0d7824622f6d21c6c2bfdefc91f9749450cc2e3a	0x0000AC47	147	c4d94807c67993105786fcc0a7077b79f2799b1b863adce41c79f1e9e35933b4	{%STRING1} under construction in {%STRING0} requires\n{%NUMBER0 tools} for completion.  Only {%NUMBER1} tools\nare currently available in %STRING0.	{%STRING1}目前正在{%STRING0}興建，需要{%NUMBER0 個工具}才能完工；目前僅有{%NUMBER1}個工具可供%STRING0使用。	draft	目標159
GAME.TXT:@NEEDTOOLS0:0x0000ACF7	GAME.TXT	67a6b5e22d1addc1ae13658d0d7824622f6d21c6c2bfdefc91f9749450cc2e3a	0x0000ACF7	134	fe2ee567e941d9e6b0ca506198410c3c60b17f9107c7ebaa6b240583ce27fc9a	{%STRING1} under construction in {%STRING0} requires\n{%NUMBER0 tools} for completion.  No tools\nare currently available in %STRING0.	{%STRING1}目前正在{%STRING0}興建，需要{%NUMBER0 個工具}才能完工；%STRING0目前完全沒有工具可用。	draft	目標159
GAME.TXT:@ALREADYHAVE:0x0000AD9D	GAME.TXT	67a6b5e22d1addc1ae13658d0d7824622f6d21c6c2bfdefc91f9749450cc2e3a	0x0000AD9D	73	373eefce6188860881193a54549eb7eba0f89e87a041c81b0b8fb9daee231a40	{%STRING0} is set to produce a {%STRING1}, but\nit has already built one!	{%STRING0}被設定為建造{%STRING1}，但這裡已經蓋過一座了！	draft	目標159
GAME.TXT:@LOBOTOMIZE:0x0000AE03	GAME.TXT	67a6b5e22d1addc1ae13658d0d7824622f6d21c6c2bfdefc91f9749450cc2e3a	0x0000AE03	113	84a444b204f2a68bb65df6588762205f00da330ea2b6e22a103ba2888faeff7f	Do you wish to {clear} this colonist's specialty\n({%STRING0}) and make him an ordinary free colonist?\n\nYes\nNo	你要{清除}這位殖民地居民的專長（{%STRING0}），把他變回普通的自由移民嗎？\n\n是\n否	draft	目標159
GAME.TXT:@PICKACARGO:0x0000C1AA	GAME.TXT	67a6b5e22d1addc1ae13658d0d7824622f6d21c6c2bfdefc91f9749450cc2e3a	0x0000C1AA	29	1f4672dbcd5a59f3779b1f3f5be5f91f451e79b79c47353a98323878bf3aa403	Which cargo shall we capture?	我們該搶奪哪一種貨物？	draft	目標159
GAME.TXT:@CUSTOM:0x0000C1F7	GAME.TXT	67a6b5e22d1addc1ae13658d0d7824622f6d21c6c2bfdefc91f9749450cc2e3a	0x0000C1F7	45	5b89e018c2e6942099030e489509c922ac54dcd06d2bce581d9d5ac967211940	Which cargos shall our {Custom House} export?	我們的{海關}該出口哪些貨物？	draft	目標159
GAME.TXT:@CONTINENTAL:0x0000C242	GAME.TXT	67a6b5e22d1addc1ae13658d0d7824622f6d21c6c2bfdefc91f9749450cc2e3a	0x0000C242	84	12427d77bacd0f1c214c2825f1e6b8e2a777f2bccef54b26470c3cb8cd17089d	Our {Veteran %STRING0} have hardened to {Continental Army}\nstatus, Your Excellency!	我們的{老手級%STRING0}已經升格為{大陸正規軍}，閣下！	draft	目標159
GAME.TXT:@VETERAN:0x0000C2B0	GAME.TXT	67a6b5e22d1addc1ae13658d0d7824622f6d21c6c2bfdefc91f9749450cc2e3a	0x0000C2B0	67	e9d1acdfb3f382465d3f216e7a3ef6828aa4c973d6d8c20e69ae02881bdacc28	Our {%STRING0} have hardened to {Veteran} status,\nYour Excellency!	我們的{%STRING0}已經升格為{老手}，閣下！	draft	目標159
GAME.TXT:@VALOR:0x0000C30B	GAME.TXT	67a6b5e22d1addc1ae13658d0d7824622f6d21c6c2bfdefc91f9749450cc2e3a	0x0000C30B	116	569ebd80f604b2eee6a360e6099c75d702172582776e32a98cea8d29fe2fb9c1	Because of their valor in battle, our {%STRING0}\nsoldiers have been promoted from {%STRING1} to\n{%STRING2} status.	由於在戰場上表現英勇，我們的{%STRING0}士兵已經從{%STRING1}晉升為{%STRING2}。	draft	目標159
GAME.TXT:@SCOUTCOLONY:0x0000C39D	GAME.TXT	67a6b5e22d1addc1ae13658d0d7824622f6d21c6c2bfdefc91f9749450cc2e3a	0x0000C39D	155	d1f9986d54aa43973ea58779d57ded94b0793772b964ad4fd3a5b9b13c4f7c1b	Our {scouts} have reached the outskirts of {%STRING0},\nYour Excellency.  What shall they do?\n\nMeet With Mayor\nInfiltrate Colony\nAttack Colony\nNothing	閣下，我們的{斥候}已經抵達{%STRING0}的郊外。他們該怎麼做？\n\n拜訪市長\n滲透殖民領地\n攻擊殖民領地\n按兵不動	draft	目標159；Mayor（市長）非定稿譯名表詞條，按字面譯出。
GAME.TXT:@LOSTOURSCOUTS:0x0000C458	GAME.TXT	67a6b5e22d1addc1ae13658d0d7824622f6d21c6c2bfdefc91f9749450cc2e3a	0x0000C458	84	5ae5316715b78d834d3b7f1d9792b1d6c278591825165de7845289dc5b61e416	Our {scouts} near {%STRING1} have been captured by the {%STRING0}, Your\nExcellency!	我們的{斥候}在{%STRING1}附近被{%STRING0}俘虜了，閣下！	draft	目標159
GAME.TXT:@LOSTTHEIRSCOUTS:0x0000C4CE	GAME.TXT	67a6b5e22d1addc1ae13658d0d7824622f6d21c6c2bfdefc91f9749450cc2e3a	0x0000C4CE	165	5b93d4d4900351e0653ebaa64d8c3dd39a4e2c329bcb0609e7f2c258ff05e810	We have captured a party of {%STRING0 scouts} attempting\nto infiltrate {%STRING1}, Your Excellency.  Their {%NUMBER0 horses}\nhave been taken to the colony stables.	閣下，我們已經俘虜了一隊{%STRING0 斥候}，他們企圖滲透{%STRING1}。他們的{%NUMBER0 匹馬}已經被帶到殖民領地的馬廄。	draft	目標159
GAME.TXT:@HELLOFIRST:0x0000C592	GAME.TXT	67a6b5e22d1addc1ae13658d0d7824622f6d21c6c2bfdefc91f9749450cc2e3a	0x0000C592	202	5a6f96e6729635001bb801b20f3d2f496fb01a949b76b1e89e07de596c9e0db9	"Greetings, %STRING0, and welcome to {%STRING1}.\nWe have justly claimed all of this land in the name\nof {%STRING2}, and we are here to %STRING3.  Please do\nnot interfere with this God-given mission."	「你好，%STRING0，歡迎來到{%STRING1}。我們已經以{%STRING2}之名，正當地宣示這片土地的主權，並且是為了%STRING3而來。請不要干涉這項上天賦予的使命。」	draft	目標159；%STRING3 為原文的到訪目的動詞（如 trade/settle），語境不明，按原文結構直譯。；不換：mission 指使命，不是傳教所
GAME.TXT:@HELLOUSA:0x0000C677	GAME.TXT	67a6b5e22d1addc1ae13658d0d7824622f6d21c6c2bfdefc91f9749450cc2e3a	0x0000C677	76	2914f65adc93fb1db57b8aa9311bf34c545bb95f2a5e1371577257924317069d	"Greetings, %STRING0, from the newly elected government\nof the {%STRING1}."	「%STRING0，這是{%STRING1}新近選出的政府向您致意。」	draft	目標159
GAME.TXT:@HELLOAHOY:0x0000C6DF	GAME.TXT	67a6b5e22d1addc1ae13658d0d7824622f6d21c6c2bfdefc91f9749450cc2e3a	0x0000C6DF	212	5862b08d46f361605408bf39b575961e1410620ba43bb4c60db9bfd9f51b242e	"Ahoy there, %STRING0, and welcome to {%STRING1}.\nWe have justly claimed all the lands of this sea in the name\nof {%STRING2}, and we are here to %STRING3.  Please do\nnot interfere with this God-given mission."	「嗨，%STRING0，歡迎來到{%STRING1}。我們已奉{%STRING2}之名，正當地宣告擁有這片海域的所有土地，並且是為了%STRING3而來，請勿干涉這項上天賦予的使命。」	draft	目標159；不換：mission 指使命，不是傳教所
GAME.TXT:@HELLOMEEK:0x0000C7CF	GAME.TXT	67a6b5e22d1addc1ae13658d0d7824622f6d21c6c2bfdefc91f9749450cc2e3a	0x0000C7CF	188	caa27a74cce5e3839f95f7b4bf03469d261f6ab7bb68c8543bd472c4b6411a97	"{Mighty} %STRING0, we again welcome you to {%STRING1}.\nPlease remember that we have justly claimed all of this\nland in the name of {%STRING2}.  We continue in our efforts\nto %STRING3."	「{偉大的}%STRING0，我們再次歡迎您蒞臨{%STRING1}。請謹記，我們已奉{%STRING2}之名，正當地宣告擁有這片土地，而我們仍持續致力於%STRING3。」	draft	目標159
GAME.TXT:@HELLOMANLY:0x0000C8A8	GAME.TXT	67a6b5e22d1addc1ae13658d0d7824622f6d21c6c2bfdefc91f9749450cc2e3a	0x0000C8A8	223	c846523ccb659c846deb4fb245eff3d38d23a10e5961e79bfb360aa8c99de636	"%STRING0.  We note with {displeasure} that your presence continues\nto befoul {%STRING1}, which we have justly claimed\nin the name of {%STRING2}.  Our task here is to %STRING3,\nand you interfere with us at your {peril}."	「%STRING0。我們{不悅}地注意到，貴方的存在持續玷污{%STRING1}，而此地是我們已奉{%STRING2}之名正當宣告擁有的。我們在此的任務是%STRING3，你若干涉，後果請自行{承擔}。」	draft	目標159
GAME.TXT:@GREATKINGS:0x0000C998	GAME.TXT	67a6b5e22d1addc1ae13658d0d7824622f6d21c6c2bfdefc91f9749450cc2e3a	0x0000C998	167	aeed7e4d54a4626769caa9c974d20821ceffd74f06fcfb3fe825347c5a1958d5	our Queen and the Church of England\nHis Most Christian Majesty, King Louis\nthe Pope and the Spanish Crown\nthe Stadtholder of the United Provinces of the Netherlands	我們的女王陛下與英國國教會\n篤信基督教的路易國王陛下\n教宗與西班牙皇城\n荷蘭聯合省的執政	draft	目標159；四行為固定清單，依英／法／西／荷順序填入其他訊息的「in the name of」欄位；順序依內容與 GREATDEEDS 對照推得，未經引擎索引核對。；不換：Church of England 是專有名詞
GAME.TXT:@GREATDEEDS:0x0000CA50	GAME.TXT	67a6b5e22d1addc1ae13658d0d7824622f6d21c6c2bfdefc91f9749450cc2e3a	0x0000CA50	188	06f1584ba84be58f5d91c6a37e0ff07a088a91b4507f3e86d24308ebc154776a	seek a life of {religious freedom} and service to the Crown\npromote the greater {glory} of France\n{convert the heathen} and enrich our Sovereign\nbuild a mighty overseas {trading empire}	追求{宗教自由}的生活，並效忠皇城\n宣揚法國更崇高的{榮耀}\n{感化異教徒}，並使我們的君主日益富足\n建立強大的海外{貿易帝國}	draft	目標159；四行為固定清單，依英／法／西／荷順序填入 %STRING3（「we are here to/task is to」等句型）；同一詞需嵌入三種不同句型，中文語序已盡量兼顧。
GAME.TXT:@GREATLEADER:0x0000CB1E	GAME.TXT	67a6b5e22d1addc1ae13658d0d7824622f6d21c6c2bfdefc91f9749450cc2e3a	0x0000CB1E	46	bc66b079fe650c176bc51601a4ce3cc423c728af6b800178eb9d0fa79f8ef8f9	Our Queen\nOur King\nThe Pope\nOur Stadtholder	我們的女王\n我們的國王\n教宗\n我們的執政	draft	目標159；四行為固定清單，依英／法／西／荷順序，供「我方元首」情境使用；順序依 GREATKINGS 對照推得，未經引擎索引核對。
GAME.TXT:@GREATLEADER2:0x0000CB5F	GAME.TXT	67a6b5e22d1addc1ae13658d0d7824622f6d21c6c2bfdefc91f9749450cc2e3a	0x0000CB5F	46	5d95b418182aa85860d7708cc778d5c1e5efd5cc7907226a71c0373c8c4e5443	the Queen\nthe King\nthe Pope\nthe Stadtholder	女王\n國王\n教宗\n執政	draft	目標159；四行為固定清單，依英／法／西／荷順序，供第三人稱指稱他國元首使用；順序依 GREATKINGS 對照推得，未經引擎索引核對。
GAME.TXT:@PIRACY:0x0000CBD4	GAME.TXT	67a6b5e22d1addc1ae13658d0d7824622f6d21c6c2bfdefc91f9749450cc2e3a	0x0000CBD4	273	75ae3de0e8fba945a9e320af673d3ffd580653c80a362fd57e168d0cefe3b40a	"%STRING0 is most displeased with the {%STRING1 pirates} lying\nin wait off the coast of %STRING2.  We {%STRING3} that you withdraw\nall {privateers} immediately."\n\n"What pirates? We have NEVER condoned piracy!"\n"Very well, we shall withdraw our {privateers} to Europe."	「%STRING0對{%STRING1海盜}深感不悅，這些海盜正埋伏在%STRING2外海，伺機而動。我們{%STRING3}貴方立刻撤走所有{私掠船}。」\n\n「什麼海盜？我們從未縱容過海盜行為！」\n「好吧，我們會將{私掠船}撤回歐洲。」	draft	目標159
GAME.TXT:@PIRACYUSA:0x0000CD03	GAME.TXT	67a6b5e22d1addc1ae13658d0d7824622f6d21c6c2bfdefc91f9749450cc2e3a	0x0000CD03	258	abacbd10e017d1303e398db730c3bcad99c34456171d490c00ac02fe626c83ee	"The {%STRING0} will not suffer foreign pirates to prey\nupon its commercial interests.  We {%STRING3} that you withdraw\nall {privateers} at once."\n\n"What pirates? We have NEVER condoned piracy!"\n"Very well, we shall withdraw our {privateers} to Europe."	「{%STRING0}不會容忍外國海盜侵擾其商業利益。我們{%STRING3}貴方立刻撤走所有{私掠船}。」\n\n「什麼海盜？我們從未縱容過海盜行為！」\n「好吧，我們會將{私掠船}撤回歐洲。」	draft	目標159
GAME.TXT:@SIEGES:0x0000CE20	GAME.TXT	67a6b5e22d1addc1ae13658d0d7824622f6d21c6c2bfdefc91f9749450cc2e3a	0x0000CE20	311	f87880f5562f70018dc0db757a7cdbe4f68381943f04c4f6199aae0e17838d68	"%STRING0 is disturbed by the large %STRING1 forces lurking\noutside our %STRING2 colonies.  We {%STRING3} that you {withdraw}\nall military units adjacent to %STRING2 colonies immediately."\n\n"Our forces protect valid %STRING1 interests and shall stay."\n"Very well, we shall {withdraw} our forces to Europe."	「%STRING0對大批%STRING1軍隊深感不安，這些軍隊正盤據在我方%STRING2殖民領地之外。我們{%STRING3}貴方立刻{撤離}所有部署在%STRING2殖民領地周邊的軍事單位。」\n\n「我方的軍隊是在保護正當的%STRING1利益，將繼續留守。」\n「好吧，我們會將軍隊{撤回}歐洲。」	draft	目標159
GAME.TXT:@SIEGESUSA:0x0000CF73	GAME.TXT	67a6b5e22d1addc1ae13658d0d7824622f6d21c6c2bfdefc91f9749450cc2e3a	0x0000CF73	401	b175e7a54ca7510937530cf376b3c114ff7593226c2c67f0306434f8287d5d09	"The %STRING0 has never recognized the right of foreign powers\nto station large military forces in this hemisphere.  Forces lurking\nnear our major cities are of particular concern to us.\nWe {%STRING3} that you {withdraw}\nall military units adjacent to our cities immediately."\n\n"Very well, we shall {withdraw} our forces to Europe."\n"Our forces protect valid %STRING1 interests and shall stay."	「%STRING0從未承認外國勢力有權在西半球部署大批軍隊。盤據在我方主要城市附近的軍隊，尤其令我們憂心。我們{%STRING3}貴方立刻{撤離}所有部署在我方城市周邊的軍事單位。」\n\n「好吧，我們會將軍隊{撤回}歐洲。」\n「我方的軍隊是在保護正當的%STRING1利益，將繼續留守。」	draft	目標159
GAME.TXT:@MEEKNESS:0x0000D115	GAME.TXT	67a6b5e22d1addc1ae13658d0d7824622f6d21c6c2bfdefc91f9749450cc2e3a	0x0000D115	15	8084146a49aad08fa49a66c05530488d428f127a0c61bf96bf069e8da646b600	request\ndemand	請求\n要求	draft	目標159；兩行為固定清單，供其他訊息 %STRINGn（如「We {…} that…」）填入語氣強弱：request=請求、demand=要求。
GAME.TXT:@HEATHEN:0x0000D13E	GAME.TXT	67a6b5e22d1addc1ae13658d0d7824622f6d21c6c2bfdefc91f9749450cc2e3a	0x0000D13E	245	60f8d4dad7c33e87a7adac97d7efa5fce57fc0ed5c4adb9008f87be43314aef2	"We are currently busy subduing the notorious heathen {%STRING1} tribe.\nWill you, as fellow believers, join with us in this holy task?"\n\n"Never! The {%STRING0} are a harmless and peaceful people!"\n"Yes! Let us teach the {%STRING0} a lesson!"	「我方目前正忙於鎮壓惡名昭彰的異教徒{%STRING1}部落。身為同道信徒，貴方願意加入我們這項神聖的任務嗎？」\n\n「絕不！{%STRING0}是無害且愛好和平的民族！」\n「好！讓我們給{%STRING0}一個教訓！」	draft	目標159
GAME.TXT:@HEATHENUSA:0x0000D250	GAME.TXT	67a6b5e22d1addc1ae13658d0d7824622f6d21c6c2bfdefc91f9749450cc2e3a	0x0000D250	248	b2d6f0614ee3cf816f22810b6c548ef1e028f4dc64aec0a4df74947de91e8eda	"The %STRING0 is currently in the process of relocating members\nof the dangerous\n{%STRING1} tribe to a government-run reservation.  Will you assist us\nin this task?"\n\n"Never! That would be a terrible crime!"\n"Yes, it is our manifest destiny."	「%STRING0目前正將危險的{%STRING1}部落成員遷往政府設立的保留區。貴方願意協助我們這項任務嗎？」\n\n「絕不！那將是滔天大罪！」\n「願意，這是我們的天命所歸。」	draft	目標159
GAME.TXT:@APOSTATES:0x0000D364	GAME.TXT	67a6b5e22d1addc1ae13658d0d7824622f6d21c6c2bfdefc91f9749450cc2e3a	0x0000D364	248	8c31fbbd2937062d5d9618d0645f92a95d41cea26b6fb2a7d6131c17dc4d83b0	"We note that you have signed a treaty with those unrepentant\nheretics, the {%STRING0}.  We {%STRING1} that you cancel this treaty\nat once."\n\n"Never! The {%STRING0} are our friends!"\n"Yes! We shall crush the foul-smelling {%STRING0} together!"	「我方注意到貴方已經與那些冥頑不靈的異端{%STRING0}締結條約。我們{%STRING1}貴方立刻廢除這項條約。」\n\n「絕不！{%STRING0}是我們的朋友！」\n「好！讓我們一起消滅那些惡臭難聞的{%STRING0}！」	draft	目標159
GAME.TXT:@APOSTATESUSA:0x0000D47D	GAME.TXT	67a6b5e22d1addc1ae13658d0d7824622f6d21c6c2bfdefc91f9749450cc2e3a	0x0000D47D	244	a6122424f933e9590c307f76ab6e7903dc79f3aaaec3e5a41ffde8cbcfba14f0	"We note that you have signed a treaty with those imperialist\npigs, the {%STRING0}.  We {%STRING1} that you cancel this treaty\nat once."\n\n"Never! The {%STRING0} are our friends!"\n"Yes! We shall crush the foul-smelling {%STRING0} together!"	「我方注意到貴方已經與那些帝國主義的走狗{%STRING0}締結條約。我們{%STRING1}貴方立刻廢除這項條約。」\n\n「絕不！{%STRING0}是我們的朋友！」\n「好！讓我們一起消滅那些惡臭難聞的{%STRING0}！」	draft	目標159
GAME.TXT:@TRIBUTE:0x0000D58D	GAME.TXT	67a6b5e22d1addc1ae13658d0d7824622f6d21c6c2bfdefc91f9749450cc2e3a	0x0000D58D	367	741be30c39fc66e297998d380c3c47d28c3d84c381b4a01b10f401c3e15b8a35	"%STRING0 has told us that we must drive all {%STRING1} from the\nshores of {%STRING2}.  Our efforts are currently given to\nweightier matters, however, and we might temporarily overlook\nthis directive in exchange for a 'donation' of {%NUMBER0$} to the 'Church'."\n\n"Not a penny for those heretic swine!"\n"We will gladly donate {%NUMBER0$} to such a worthy cause."	「%STRING0告訴我方，我們必須將所有{%STRING1}趕出{%STRING2}沿岸。不過我方眼下正忙於更重要的事務，或許能暫緩執行這項命令，以換取貴方向『教會』『奉獻』{%NUMBER0$}作為交換。」\n\n「休想從我方身上榨出一分錢，異端豬玀！」\n「我們樂意將{%NUMBER0$}奉獻給如此崇高的義舉。」	draft	目標159；不換：Church 指教會組織
GAME.TXT:@TRIBUTEUSA:0x0000D71B	GAME.TXT	67a6b5e22d1addc1ae13658d0d7824622f6d21c6c2bfdefc91f9749450cc2e3a	0x0000D71B	313	aa04343d4a3aecb93b613159b4cec103310c970cf7ba8b7ebf6677ec972fa3bc	"The {%STRING0} does not recognize the right of european powers to\nestablish colonies in this hemisphere.  We are willing, however, to\noverlook this doctrine temporarily in exchange for an indemnity payment\nof {%NUMBER0$}."\n\n"That is blackmail and we will have none of it."\n"We will gladly pay {%NUMBER0$}."	「{%STRING0}不承認歐洲列強有權在西半球建立殖民領地。不過我方願意暫時擱置這項原則，以換取{%NUMBER0$}的賠償金。」\n\n「這是勒索，我們絕不接受！」\n「我們樂意支付{%NUMBER0$}。」	draft	目標159
GAME.TXT:@WANTSTUFF:0x0000D872	GAME.TXT	67a6b5e22d1addc1ae13658d0d7824622f6d21c6c2bfdefc91f9749450cc2e3a	0x0000D872	254	2a632a4c926bd42028d3df5685c67dfd70a9258dd644f7615fd58c3c2d9dde72	"We are displeased that you continue to befoul lands that are\nrightfully ours by order of %STRING0.  We demand {%NUMBER0 %STRING1}\nas reparations."\n\n"We laugh at your puny threats."\n"We gladly share {%NUMBER0 %STRING1} with our {%STRING2} brothers."	「我方對貴方持續玷污依%STRING0之命本應歸我方所有的土地深感不悅。我方要求以{%NUMBER0 %STRING1}作為賠償。」\n\n「你們那點微不足道的威脅，只能讓我方發笑。」\n「我方樂意將{%NUMBER0 %STRING1}分享給我們的{%STRING2}兄弟。」	draft	目標159
GAME.TXT:@WANTSTUFFUSA:0x0000D991	GAME.TXT	67a6b5e22d1addc1ae13658d0d7824622f6d21c6c2bfdefc91f9749450cc2e3a	0x0000D991	304	701806bfd860e0b721029053b863ea1ceb0dffac2158af02b9040e34fc272ddc	"The {%STRING0} does not recognize the right of european powers to\nestablish colonies in this hemisphere.  We are willing, however, to\noverlook this doctrine temporarily in exchange for {%NUMBER0 %STRING1}."\n\n"We laugh at your puny threats."\n"We gladly share {%NUMBER0 %STRING1} with our neighbors."	「{%STRING0}不承認歐洲列強有權在西半球建立殖民領地。不過我方願意暫時擱置這項原則，以換取{%NUMBER0 %STRING1}。」\n\n「你們那點微不足道的威脅，只能讓我方發笑。」\n「我方樂意將{%NUMBER0 %STRING1}分享給鄰邦。」	draft	目標159
GAME.TXT:@RID:0x0000DAD9	GAME.TXT	67a6b5e22d1addc1ae13658d0d7824622f6d21c6c2bfdefc91f9749450cc2e3a	0x0000DAD9	123	518299fc47ea067aafef09d5a17eb7afd47686844faee2ee8b95b2dcba86accc	"In the name of {%STRING0}, we order you to leave {%STRING1} immediately.\nIf you do not, we shall drive you into the sea."	「我方奉{%STRING0}之名，命令貴方立刻離開{%STRING1}。若不從命，我方將把貴方逐入海中。」	draft	目標159
GAME.TXT:@RIDUSA:0x0000DB6D	GAME.TXT	67a6b5e22d1addc1ae13658d0d7824622f6d21c6c2bfdefc91f9749450cc2e3a	0x0000DB6D	114	24f0456af4b3943b92a9eedf62a0b9a09ceb5040e1eceb5b033af1208dbdf44c	"The {%STRING1} orders you to leave this hemisphere immediately.\nIf you do not, we shall drive you into the sea."	「{%STRING1}命令貴方立刻離開這個半球。若不從命，我方將把貴方逐入海中。」	draft	目標159
GAME.TXT:@WORTHY:0x0000DBFA	GAME.TXT	67a6b5e22d1addc1ae13658d0d7824622f6d21c6c2bfdefc91f9749450cc2e3a	0x0000DBFA	268	c9e3e5235be65c64b7885d9a5862232f740c2ef15b1b6b0892f9dcee79549e0e	"Although all of this land is rightfully ours by order of %STRING0,\nwe propose a demarcation {treaty}, dividing all\nthe land before God into perpetual and inviolable {%STRING1} and {%STRING2}\nspheres of influence. Will you agree to such a partition?"\n\n"Yes"\n"No"	「雖然依%STRING0之命，這片土地本應全數歸我方所有，但我方提議締結一項劃界{條約}，在上帝面前將這片土地劃分為永久且不可侵犯的{%STRING1}與{%STRING2}勢力範圍。貴方是否同意這樣的劃分？」\n\n「是」\n「否」	draft	目標159
GAME.TXT:@GIVECASH:0x0000DD21	GAME.TXT	67a6b5e22d1addc1ae13658d0d7824622f6d21c6c2bfdefc91f9749450cc2e3a	0x0000DD21	195	7073d6a57cd4469e7414e6d3062b7afec03f58702b1d0f6bcb498d1592e86e11	"Please spare our meek and helpless settlement from destruction.\nWe will give you {%NUMBER0$} if you will agree not to attack us."\n\n"Very well, you shall be spared."\n"Alas, it is God's will."	「請饒過我方這個弱小無助的居住地，別讓它毀於戰火。若貴方同意不對我方動武，我方願意奉上{%NUMBER0$}。」\n\n「好吧，你們可以倖免。」\n「唉，這是上帝的旨意。」	draft	目標159
GAME.TXT:@PEACEMANLY:0x0000DE01	GAME.TXT	67a6b5e22d1addc1ae13658d0d7824622f6d21c6c2bfdefc91f9749450cc2e3a	0x0000DE01	386	adebababa7f137f5f57d33f61a63c4202cb31db0e133b08d77272de5e56458af	"Very well.  However, {only} the land you now occupy\nshall constitute the {%STRING0} sphere; the {remaining} territories shall be\n{%STRING1} in perpetuity.  Trespass in those areas at your\nown {peril}."\n\n"Go in peace, {%STRING1} brothers."\n"First you must withdraw your forces from our colonies!"\n"How much do you value your puny lives, heathen swine?"\n"We suggest an alliance."	「好吧。不過，{只有}貴方目前占領的土地才能算作{%STRING0}的勢力範圍；{其餘}的領土將永遠歸{%STRING1}所有。膽敢擅闖那些地區，後果{自負}。」\n\n「{%STRING1}的兄弟們，一路平安。」\n「你們得先把軍隊撤出我方的殖民領地！」\n「你們的小命值多少錢，異教徒渣滓？」\n「我們建議締結同盟。」	draft	目標159
GAME.TXT:@PEACEMEEK:0x0000DF9F	GAME.TXT	67a6b5e22d1addc1ae13658d0d7824622f6d21c6c2bfdefc91f9749450cc2e3a	0x0000DF9F	387	efe40981e274c051c3456859523459d25eaa3fb50a081365f1368e9524cc2b5b	"Excellent. All of the land which you now occupy\nshall constitute the {%STRING0} sphere; the land which we occupy shall be\n{%STRING1} in perpetuity.  Please remember not to trespass in\nthose areas."\n\n"Go in peace, {%STRING1} brothers."\n"First you must withdraw your forces from our colonies!"\n"How much do you value your worthless lives, heathen swine?"\n"We suggest an alliance."	「很好。你們目前佔領的所有土地，將劃為{%STRING0}的勢力範圍；我們所佔領的土地，則永遠歸{%STRING1}所有。請切記別踏入那些地區。」\n\n「祝{%STRING1}兄弟平安無事。」\n「你們得先從我們的殖民領地撤軍！」\n「你們這些不信神的畜生，賤命值幾個錢？」\n「我們提議締結同盟。」	draft	目標159；此句與OLDPEACEMEEK／OLDPEACEMANLY／PEACEUSA同組：前段為原住民酋長開場白，後段為玩家可選的四句回應；%STRING1在兩處都指部落名稱（酋長口中稱己方領地，玩家回應時稱部落為兄弟），依上下文一致性推得，非說明書或術語表直接對應。
GAME.TXT:@OLDPEACEMEEK:0x0000E141	GAME.TXT	67a6b5e22d1addc1ae13658d0d7824622f6d21c6c2bfdefc91f9749450cc2e3a	0x0000E141	340	e5a72c49af740aea13589e52bf4a8054161321bc6baa95fe7fc27811cfa93770	"We welcome the friendship of our brothers the {%STRING0} and their\nwise leader %STRING2 %STRING3.  Together we shall work God's will\nin the New World."\n\n"Go in peace, {%STRING1} brothers."\n"First you must withdraw your forces from our colonies!"\n"How much do you value your worthless lives, heathen swine?"\n"We suggest an alliance."	「我們歡迎{%STRING0}兄弟的情誼，也歡迎他們英明的領袖%STRING2 %STRING3。讓我們攜手在新世界完成上帝的旨意。」\n\n「祝{%STRING1}兄弟平安無事。」\n「你們得先從我們的殖民領地撤軍！」\n「你們這些不信神的畜生，賤命值幾個錢？」\n「我們提議締結同盟。」	draft	目標159
GAME.TXT:@OLDPEACEMANLY:0x0000E2B5	GAME.TXT	67a6b5e22d1addc1ae13658d0d7824622f6d21c6c2bfdefc91f9749450cc2e3a	0x0000E2B5	322	2a2103770c9c008333f213d49cde7201e7d7724b466b09cdb7ddf98636f8866d	"Although the {%STRING0} do not properly belong in this hemisphere,\nwe elect not to drive you from the New World at this time."\n\n"Go in peace, {%STRING1} brothers."\n"First you must withdraw your forces from outside our colonies!"\n"How much do you value your worthless lives, heathen swine?"\n"We suggest an alliance."	「雖然{%STRING0}並不該屬於這片半球，但我們此刻決定不將你們逐出新世界。」\n\n「祝{%STRING1}兄弟平安無事。」\n「你們得先撤走部署在我方殖民領地外圍的部隊！」\n「你們這些不信神的畜生，賤命值幾個錢？」\n「我們提議締結同盟。」	draft	目標159
GAME.TXT:@PEACEUSA:0x0000E414	GAME.TXT	67a6b5e22d1addc1ae13658d0d7824622f6d21c6c2bfdefc91f9749450cc2e3a	0x0000E414	254	ce0400fb4d2ea8f09bfacc5e9c32e6d6ced837895f5594a72a31acdcc7b3e4ab	"The {%STRING0} welcomes peace with our politically backward neighbors,\nthe {%STRING1}."\n\n"Go in peace."\n"First you must withdraw your forces from outside our colonies!"\n"How much do you value your worthless lives, swine?"\n"We suggest an alliance."	「{%STRING0}樂於與政治落後的鄰邦{%STRING1}言和。」\n\n「祝你們平安無事。」\n「你們得先撤走部署在我方殖民領地外圍的部隊！」\n「你們這些畜生，賤命值幾個錢？」\n「我們提議締結同盟。」	draft	目標159
GAME.TXT:@NOTWITHDRAW:0x0000E532	GAME.TXT	67a6b5e22d1addc1ae13658d0d7824622f6d21c6c2bfdefc91f9749450cc2e3a	0x0000E532	70	9ca140990cee4438400991281866c933d853b52d3d6032435dad9abb6960ac2c	"Our forces protect valid %STRING0 interests and shall\nnot be moved."	「我方部隊在此維護%STRING0的正當利益，絕不會撤離。」	draft	目標159
GAME.TXT:@WITHDRAW:0x0000E593	GAME.TXT	67a6b5e22d1addc1ae13658d0d7824622f6d21c6c2bfdefc91f9749450cc2e3a	0x0000E593	57	9397ad4bd88efee3d34dd8db79edb6d33494e61a3d27e08b06052e8a3969d713	"In the interest of peace, we shall withdraw our forces."	「為了和平，我們願意撤軍。」	draft	目標159
GAME.TXT:@NOTHINGWITHDRAW:0x0000E5EE	GAME.TXT	67a6b5e22d1addc1ae13658d0d7824622f6d21c6c2bfdefc91f9749450cc2e3a	0x0000E5EE	46	a18088758b9492777d01672bf1c08a9e3684b598eda173b83bfac7266e0c3a53	"We have no forces adjacent to your colonies."	「我們沒有部隊部署在貴方殖民領地附近。」	draft	目標159
GAME.TXT:@MAYBEWITHDRAW:0x0000E63C	GAME.TXT	67a6b5e22d1addc1ae13658d0d7824622f6d21c6c2bfdefc91f9749450cc2e3a	0x0000E63C	251	79b2696ee150e7d265a6c53954d476de05c9b8a3be8000aa70484518ec219c14	"Our forces protect valid %STRING0 interests.  We are, however,\nwilling to move them in exchange for {%NUMBER0$} to cover the\ncost of demobilization."\n\n"We shall gladly pay {%NUMBER0$}."\n"Withdraw or perish, heathen pigs!"\n"Oh. Never mind then."	「我方部隊在此維護%STRING0的正當利益。不過，只要貴方支付{%NUMBER0$}以支應復員費用，我們願意撤離。」\n\n「我們樂意支付{%NUMBER0$}。」\n「撤軍，否則死路一條，異教豬玀！」\n「哦，那就算了。」	draft	目標159
GAME.TXT:@PROVOKE:0x0000E753	GAME.TXT	67a6b5e22d1addc1ae13658d0d7824622f6d21c6c2bfdefc91f9749450cc2e3a	0x0000E753	69	fa8dc4504f25e0319e243e81dbec7d66d0c4479927b7ca89eeb5ccb24d6c694e	"We can no longer tolerate your foul provocations.  Prepare for WAR!"	「我們再也無法容忍你們卑劣的挑釁。準備開戰吧！」	draft	目標159
GAME.TXT:@WARMEEK:0x0000E7B2	GAME.TXT	67a6b5e22d1addc1ae13658d0d7824622f6d21c6c2bfdefc91f9749450cc2e3a	0x0000E7B2	110	86b61d3758fe476011c22d6366791c3ec29e76862e15185eec2f0a0c77e6edb5	"Very well, then in the name of %STRING0 we shall drive\nyou from the shores of {%STRING1}.  Prepare for WAR!"	「很好，那我們就以%STRING0之名，將你們逐出{%STRING1}的海岸。準備開戰吧！」	draft	目標159
GAME.TXT:@WARMANLY:0x0000E83B	GAME.TXT	67a6b5e22d1addc1ae13658d0d7824622f6d21c6c2bfdefc91f9749450cc2e3a	0x0000E83B	130	0892a0817e6b883d3542ce8e89bec24f5ef433d60d8f1b4672f4fde2f1199bf3	"You reject our generous offer?  Then in the name of\n%STRING0 we shall wipe you from the face of the New World.\nPrepare for WAR!	「你們拒絕我們寬厚的提議？那我們就以%STRING0之名，把你們從新世界的版圖上抹去。準備開戰吧！	draft	目標159；原文結尾缺右引號（僅開頭有「Prepare for WAR!未閉合），譯文比照原樣不補右引號，維持與原文相同的缺陷。
GAME.TXT:@THREATS:0x0000E8D7	GAME.TXT	67a6b5e22d1addc1ae13658d0d7824622f6d21c6c2bfdefc91f9749450cc2e3a	0x0000E8D7	34	ffaa3200d00714051f5143aba98387ac2588134f6dccfc9d2d60e86e97aa2dd6	"We laugh at your feeble threats."	「我們對你們軟弱的威脅嗤之以鼻。」	draft	目標159
GAME.TXT:@GIFTS:0x0000E911	GAME.TXT	67a6b5e22d1addc1ae13658d0d7824622f6d21c6c2bfdefc91f9749450cc2e3a	0x0000E911	88	28560a4f8e0c48e16e54f1a3af35cf9246448dd66b2e58445f87cf5d71b70442	"We present you with a gift of {%NUMBER0$} in exchange for\nyour continued forbearance."	「我們獻上{%NUMBER0$}作為禮物，換取貴方繼續容忍。」	draft	目標159
GAME.TXT:@MILITARY:0x0000E984	GAME.TXT	67a6b5e22d1addc1ae13658d0d7824622f6d21c6c2bfdefc91f9749450cc2e3a	0x0000E984	35	1d4d14e587bbfb438166f41fbe573460536cdc71cce9a666ea1d5f8f0f7abd27	"You must attack the infidel . . ."	「你必須進攻異教徒⋯⋯」	draft	目標159；原文以空格分隔的句點「 . . .」表示拉長的刪節號，譯文以全形「⋯⋯」呈現，語意不變（同批次LEARNMAD先例）；控制碼檢查不含此標點，本欄僅供人工複核。
GAME.TXT:@NOCONTACT:0x0000E9C3	GAME.TXT	67a6b5e22d1addc1ae13658d0d7824622f6d21c6c2bfdefc91f9749450cc2e3a	0x0000E9C3	41	4b62de4aa32f62427f94a20399bf79a5929bdc0c277096a936ca6b052930475b	"We have no contact with the {%STRING0}."	「我們與{%STRING0}尚無接觸。」	draft	目標159
GAME.TXT:@ALREADYSMITE:0x0000EA0B	GAME.TXT	67a6b5e22d1addc1ae13658d0d7824622f6d21c6c2bfdefc91f9749450cc2e3a	0x0000EA0B	54	eeabec3c7e45d93bf3bd1768069b55c289072913328070e39787a4376fb32476	"We are already at war with the worthless {%STRING0}."	「我們已經在和那些一無是處的{%STRING0}交戰了。」	draft	目標159
GAME.TXT:@SMITEINDIANS:0x0000EA60	GAME.TXT	67a6b5e22d1addc1ae13658d0d7824622f6d21c6c2bfdefc91f9749450cc2e3a	0x0000EA60	135	6d5d23453f0907cd11f25fc00120f63cee649b96625fb089b2678f712eb11b9e	"We shall ruthlessly smite the heathen {%STRING0}\nin exchange for {%NUMBER0$} to cover our expenses."\n\nPay {%NUMBER0$}.\nNever mind.	「我們將無情地打擊異教徒{%STRING0}，以換取{%NUMBER0$}來支付我方開銷。」\n\n支付{%NUMBER0$}。\n算了。	draft	目標159；後兩行為選單按鈕文字，原文未加引號，譯文比照不加引號，與同批次帶引號的對話回應區隔。
GAME.TXT:@SMITEEUROPE:0x0000EB05	GAME.TXT	67a6b5e22d1addc1ae13658d0d7824622f6d21c6c2bfdefc91f9749450cc2e3a	0x0000EB05	155	677562a5e3087081d765fb85d12554c7b7e93016d7c80928f0d7bbc20d37f8df	"We shall ruthlessly drive the heretic {%STRING0}\nfrom the New World in exchange for {%NUMBER0$}\nto cover our expenses."\n\nPay {%NUMBER0$}.\nNever mind.	「我們將無情地把異端{%STRING0}逐出新世界，以換取{%NUMBER0$}來支付我方開銷。」\n\n支付{%NUMBER0$}。\n算了。	draft	目標159；heretic（異端）用於歐洲對手，與SMITEINDIANS的heathen（異教徒）用於印地安人區分譯詞；後兩行為選單按鈕，未加引號同上。
GAME.TXT:@UNFORTUNATE:0x0000EBC0	GAME.TXT	67a6b5e22d1addc1ae13658d0d7824622f6d21c6c2bfdefc91f9749450cc2e3a	0x0000EBC0	83	6c84f49f45e7d21788dec85de2db570eb013a4f6aef1ac8f3ae495519dd83262	"Unfortunately, your treasury is insufficient to\nmatch your extravagant promises."	「可惜，貴方的國庫不足以兌現如此奢侈的承諾。」	draft	目標159
GAME.TXT:@MERCENARY:0x0000EC2F	GAME.TXT	67a6b5e22d1addc1ae13658d0d7824622f6d21c6c2bfdefc91f9749450cc2e3a	0x0000EC2F	45	ca9a042d0ec01399dd79f5ef39dd50adbab813a11232687c5175679d4b49c53c	The {%STRING0} declare war on the {%STRING1}.	{%STRING0}向{%STRING1}宣戰。	draft	目標159
GAME.TXT:@SUCCESSION:0x0000EC79	GAME.TXT	67a6b5e22d1addc1ae13658d0d7824622f6d21c6c2bfdefc91f9749450cc2e3a	0x0000EC79	229	61654edf1a75aa1048341e9ab289a4182b940be0b661177eab99bf74fdebe8ca	War of the Spanish Succession ends in Europe!\n{%STRING0}, ravaged by war, agrees to cede %STRING1\nto the {%STRING2}.  Treaty of Utrecht specifies that all\n{%STRING3} possessions in the New World now fall under {%STRING2} rule.	歐洲的西班牙王位繼承戰爭結束了！飽受戰爭摧殘的{%STRING0}，同意將%STRING1割讓給{%STRING2}。《烏特勒支條約》規定，{%STRING3}在新世界的所有領地，即日起改由{%STRING2}統治。	draft	目標159
GAME.TXT:@REBELMAJORITY:0x0000ED7E	GAME.TXT	67a6b5e22d1addc1ae13658d0d7824622f6d21c6c2bfdefc91f9749450cc2e3a	0x0000ED7E	235	b3d8230a18778604f9234eed015b40fedc9ae350451eddf54da0da7285207382	Sons of Liberty membership in {%STRING0} is up to %NUMBER0%%, Your\nExcellency.  A majority of the colonists there support the idea of\nindependence from %STRING1!  All colonists in %STRING0 gain +1 to their\nbase production abilities.	{%STRING0}的自由子民支持度已上升至%NUMBER0%%，閣下。當地多數殖民地居民都支持脫離%STRING1獨立！%STRING0境內的所有殖民地居民，基礎生產力提升+1。	draft	目標159
GAME.TXT:@REBELUNANIMOUS:0x0000EE8A	GAME.TXT	67a6b5e22d1addc1ae13658d0d7824622f6d21c6c2bfdefc91f9749450cc2e3a	0x0000EE8A	272	d64209bffea238b1425cc82b1660b9a88d3f5d30e396edee3960a80552f2abb1	Sons of Liberty membership in {%STRING0} is up to 100%%, Your Excellency.\nAll of the colonists there support the idea of independence from %STRING1!\nAll colonists in %STRING0 gain +2 to their base production\nabilities.  Colonists can also be educated more quickly here.	{%STRING0}的自由子民支持度已上升至100%%，閣下。當地所有殖民地居民都支持脫離%STRING1獨立！%STRING0境內的所有殖民地居民，基礎生產力提升+2，此地培養新技能的速度也會加快。	draft	目標159
GAME.TXT:@TORYMINORITY:0x0000EFB9	GAME.TXT	67a6b5e22d1addc1ae13658d0d7824622f6d21c6c2bfdefc91f9749450cc2e3a	0x0000EFB9	248	aea08c37b7a7c08f16d97467f8109205188b7d4eccb2cc3e37d9b3f5ed48ea90	Sons of Liberty membership in {%STRING0} is down from 100%% to %NUMBER0%%,\nYour Excellency.  Some of the colonists no longer support the idea of\nindependence from %STRING1.  %STRING0 colonists now gain only +1 to their\nbase production abilities.	{%STRING0}的自由子民支持度已從100%%降至%NUMBER0%%，閣下。部分殖民地居民已不再支持脫離%STRING1獨立。%STRING0的殖民地居民，如今基礎生產力只提升+1。	draft	目標159
GAME.TXT:@TORYMAJORITY:0x0000F0D0	GAME.TXT	67a6b5e22d1addc1ae13658d0d7824622f6d21c6c2bfdefc91f9749450cc2e3a	0x0000F0D0	229	13c453c6df46caaa1eb74524ec495f38e0ea7f450cdb45c0e7508891714a4fc8	Sons of Liberty membership in {%STRING0} is down to %NUMBER0%%, Your\nExcellency.  The majority of colonists there no longer support the idea\nof independence from %STRING1!  %STRING0 colonists no longer gain\nproduction bonuses.	{%STRING0}的自由子民支持度已下降至%NUMBER0%%，閣下。當地多數殖民地居民已不再支持脫離%STRING1獨立！%STRING0的殖民地居民不再享有生產加成。	draft	目標159
GAME.TXT:@SONSUP:0x0000F1CE	GAME.TXT	67a6b5e22d1addc1ae13658d0d7824622f6d21c6c2bfdefc91f9749450cc2e3a	0x0000F1CE	165	fd2a325c086b48bbd12c9b66b4c713b2c638eec1ebfe2869b25781f2faadadc9	Sons of Liberty membership in {%STRING0} is up to %NUMBER0%%, Your\nExcellency.  The more {Liberty Bells} our {Statesmen} generate,\nthe faster membership will rise.	{%STRING0}的自由子民支持度已上升至%NUMBER0%%，閣下。{政治家}生產的{自由鐘}越多，支持度上升得就越快。	draft	目標159
GAME.TXT:@SONSDOWN:0x0000F28E	GAME.TXT	67a6b5e22d1addc1ae13658d0d7824622f6d21c6c2bfdefc91f9749450cc2e3a	0x0000F28E	328	4e1df59f5b50856908a1522cb24c6eb2ee5d70788e9125e531e53980ba31024c	Sons of Liberty membership in {%STRING0} is down to %NUMBER0%%, Your\nExcellency.  Perhaps we should generate more {Liberty Bells} there.\nWe can generate Liberty Bells with {Statesmen}.  {Printing Presses}\nand {Newspapers}, as well as improvements to our government buildings,\ncan increase the rate at which we generate them.	{%STRING0}的自由子民支持度已下降至%NUMBER0%%，閣下。或許我們該在當地生產更多{自由鐘}。我們可以靠{政治家}生產自由鐘；{印刷廠}和{報社}，以及政府建築的升級，都能提高它們的生產速度。	draft	目標159
GAME.TXT:@REBELUP:0x0000F3F0	GAME.TXT	67a6b5e22d1addc1ae13658d0d7824622f6d21c6c2bfdefc91f9749450cc2e3a	0x0000F3F0	327	87b3b4d45da5e2f14705bebeeb46fab486242fddb51bc78f25907d6b5bcbd426	{Rebel} sentiment is rising in the colonies, Your Excellency!\n{%NUMBER0%%} of the population supports the idea of independence\nfrom %STRING0.  As our colonists begin to feel more self-sufficient,\nthey also become more productive.  Any colony with at least {50%%}\nSons of Liberty membership receives a {+1} production bonus.	{叛軍}情緒在殖民地間逐漸高漲，閣下！有{%NUMBER0%%}的人口支持脫離%STRING0獨立。隨著殖民地居民漸漸感到自給自足，生產力也隨之提升。凡自由子民支持度達到{50%%}以上的殖民領地，都能獲得{+1}的生產加成。	draft	目標159
GAME.TXT:@REBELUP50:0x0000F553	GAME.TXT	67a6b5e22d1addc1ae13658d0d7824622f6d21c6c2bfdefc91f9749450cc2e3a	0x0000F553	254	b3549365f2c498e7896fd50df8f887dd9884e146baa3dd5062e6150d1c00b3a9	{Rebel} sentiment is rising in the colonies, Your Excellency!\n{%NUMBER0%%} of the population supports the idea of independence\nfrom %STRING0.  Some of the Founding Fathers think we should\nrequest an audience with the King and declare our independence!	{叛軍}情緒在殖民領地間逐漸高漲，閣下！有{%NUMBER0%%}的人口支持脫離%STRING0獨立。有些建國之父認為，我們應該請求晉見國王，正式宣布獨立！	draft	目標159
GAME.TXT:@REBELDOWN:0x0000F66D	GAME.TXT	67a6b5e22d1addc1ae13658d0d7824622f6d21c6c2bfdefc91f9749450cc2e3a	0x0000F66D	170	4bc170076c29f88832f37b50198c8cb900b3434bd3c4119931c2ba90e8e8ee97	{Tory} sentiment is once again on the rise in the colonies, Your\nExcellency.  Only {%NUMBER0%%} of the population now supports the notion\nof independence from %STRING0.	{保皇黨}情緒在殖民領地間再度高漲，閣下。如今只有{%NUMBER0%%}的人口仍支持脫離%STRING0獨立。	draft	目標159
GAME.TXT:@REFIT:0x0000F72F	GAME.TXT	67a6b5e22d1addc1ae13658d0d7824622f6d21c6c2bfdefc91f9749450cc2e3a	0x0000F72F	51	53a8764667f9d2bd531cbcc4b83452b1456bbe61ce53bb4e952b67d6a815b9e3	{%STRING0} has completed its repairs in {%STRING1}.	{%STRING0}已在{%STRING1}完成整修。	draft	目標159
GAME.TXT:@WELLSEASONED:0x0000F781	GAME.TXT	67a6b5e22d1addc1ae13658d0d7824622f6d21c6c2bfdefc91f9749450cc2e3a	0x0000F781	65	74871a4f58839113c430a24fc9dcf245dbba1b4a83faf07388b8e8ae3fbaeb4c	Our {Scouts} have improved to {Seasoned} status, Your Excellency.	我方的{斥候}已晉升至{資深}等級，閣下。	draft	目標159
GAME.TXT:@KINGBUY:0x0000F7DC	GAME.TXT	67a6b5e22d1addc1ae13658d0d7824622f6d21c6c2bfdefc91f9749450cc2e3a	0x0000F7DC	115	67c3b1a0c1b334b319e5012181dd15b49258ce0320fc14cd6ca38aa5c9285e1f	King increases military spending.  {%STRING0} added to royal\nexpeditionary force.  Colonial leaders express alarm.	國王增加軍事支出，{%STRING0}編入皇家遠征軍。殖民地領袖們深感不安。	draft	目標159
GAME.TXT:@SEIZURE:0x0000F869	GAME.TXT	67a6b5e22d1addc1ae13658d0d7824622f6d21c6c2bfdefc91f9749450cc2e3a	0x0000F869	53	c6553de695b55e2f65d5eca8ec086f2b3f47a05ffdde2653b8867e1ab2bec32b	{%STRING0} seized on the high seas by the Royal Navy!	{%STRING0}在公海遭皇家海軍扣押！	draft	目標159
GAME.TXT:@SEIZURESEA:0x0000F8BB	GAME.TXT	67a6b5e22d1addc1ae13658d0d7824622f6d21c6c2bfdefc91f9749450cc2e3a	0x0000F8BB	45	d763352ca0a1dcab5edfa63cbfd213b3cc16c613c7670dc5318f293896db1ec6	{%STRING0} captured at sea by the Royal Navy!	{%STRING0}在海上遭皇家海軍擄獲！	draft	目標159
GAME.TXT:@SEIZURELAND:0x0000F906	GAME.TXT	67a6b5e22d1addc1ae13658d0d7824622f6d21c6c2bfdefc91f9749450cc2e3a	0x0000F906	38	476b549f939677a8798b429c65b8c6a47380e4d42f24668723c263ff4ffcef4c	{%STRING0} captured by the Royal Army!	{%STRING0}遭皇家陸軍擄獲！	draft	目標159
GAME.TXT:@INDEPENDENCE:0x0000F94B	GAME.TXT	67a6b5e22d1addc1ae13658d0d7824622f6d21c6c2bfdefc91f9749450cc2e3a	0x0000F94B	238	1355ddeb1cd9401f0c6bb799a969533bd3f6dd7f4b2d2cae49afcfd0a82bd4ad	Continental Congress signs {Declaration of Independence}!\nAbuses and usurpations cited!  Ultimatum presented to King!\nExpeditionary force dispatched to suppress rebellion!\nGeneral %STRING0 calls for volunteers for new Continental Army!	大陸議會簽署{獨立宣言}！羅列種種暴政與僭越之舉！向國王遞交最後通牒！遠征軍出動鎮壓反叛！%STRING0將軍號召志願軍，組建新的大陸正規軍！	draft	目標159
GAME.TXT:@INVASION:0x0000FA54	GAME.TXT	67a6b5e22d1addc1ae13658d0d7824622f6d21c6c2bfdefc91f9749450cc2e3a	0x0000FA54	48	6647c7f16e9b599dad239ef7e839d6690536f10599682cadb31c1cf7dfe44bea	Royal Expeditionary Force lands near {%STRING0}!	皇家遠征軍在{%STRING0}附近登陸！	draft	目標159
GAME.TXT:@TOOTORY:0x0000FA9E	GAME.TXT	67a6b5e22d1addc1ae13658d0d7824622f6d21c6c2bfdefc91f9749450cc2e3a	0x0000FA9E	169	4a285183ecc3c52e315f8a0db1c0827cf9bf2d58738d6b0f751ceda7ad3f2df2	Only {%NUMBER0%%} of the colonists support the independence\nmovement, Your Excellency.  We cannot start a rebellion against\nthe King until the {majority} is behind us.	只有{%NUMBER0%%}的殖民地居民支持獨立運動，閣下。在獲得{過半數}支持之前，我們無法對國王發動反叛。	draft	目標159
GAME.TXT:@DECLARE:0x0000FB61	GAME.TXT	67a6b5e22d1addc1ae13658d0d7824622f6d21c6c2bfdefc91f9749450cc2e3a	0x0000FB61	225	026278600a736c4a12129c6d80200c3b3cf7f6a9c97cb4bf90c254e323d235b0	Shall we declare our independence from {%STRING0}, Your Excellency?\nThis will end our turn and place us at war with our King!\n\n"Never! That would be treasonous! God save the King!"\n"Yes! Give me liberty or give me death!"	閣下，我們要宣布脫離{%STRING0}獨立嗎？此舉將結束本回合，並使我們與國王開戰！\n\n「不可！那是叛國之舉！天佑吾王！」\n「好！不自由，毋寧死！」	draft	目標159
GAME.TXT:@DEADCONVERTS:0x0000FC61	GAME.TXT	67a6b5e22d1addc1ae13658d0d7824622f6d21c6c2bfdefc91f9749450cc2e3a	0x0000FC61	161	ad4b625e6eec6b8bff96819cff04e6028de000c2ba0b6eb754b1a3d30a9a7cec	Indian {converts} lose faith and return to tribe.  Converts\nwho do not join colonies within {eight turns} of their conversion\nare eliminated for loss of faith.	印地安{歸順者}若未在皈依後的{八回合}內加入殖民領地，就會喪失信仰，返回部落，形同被淘汰出局。	draft	目標159；converts沿用terms.zh-Hant.tsv定稿詞Indian Convert＝印地安歸順者（與help-bilingual.tsv TUTORIAL20舊譯稿「歸化者」不同，本詞優先採定稿術語表）；原文兩句合併為一句，語意不變。；不換：Indian converts 以「印地安歸順者」定稿為準
GAME.TXT:@TOOMANYUNITS:0x0000FD21	GAME.TXT	67a6b5e22d1addc1ae13658d0d7824622f6d21c6c2bfdefc91f9749450cc2e3a	0x0000FD21	154	204322f46b2f27375517b56b7694d8d8951777478045c9f1f443cc7c617054a4	A {unit} cannot be created because the maximum number of units for\nthe game has been reached.  Units must be eliminated before new\nunits can be created.	由於本局遊戲的單位數量已達上限，無法建立新{單位}。必須先淘汰現有單位，才能建立新單位。	draft	目標159
GAME.TXT:@TOOMANYCOLONIES:0x0000FDDD	GAME.TXT	67a6b5e22d1addc1ae13658d0d7824622f6d21c6c2bfdefc91f9749450cc2e3a	0x0000FDDD	165	bb9617772a350c69170da6667e83fdd0883f8deed0ba9e2e0b73a02138ceccbe	A {colony} cannot be created because the maximum number of colonies for\nthe game has been reached.  Colonies must be eliminated before new\ncolonies can be created.	由於本局遊戲的殖民領地數量已達上限，無法建立新{殖民領地}。必須先淘汰現有殖民領地，才能建立新的殖民領地。	draft	目標159
GAME.TXT:@PICKMUSIC:0x0000FEAA	GAME.TXT	67a6b5e22d1addc1ae13658d0d7824622f6d21c6c2bfdefc91f9749450cc2e3a	0x0000FEAA	260	531bcf994d8b10a886405f0bec221fe7888033fd6cb72de512dec1e32e0c4f15	Select a piece of music:\n\n"Bird Song"\n"Smoky Tune"\n"Cornwall"\n"Shady Grove"\n"Fiddler's Dance"\n"Jine the Cavalry"\n"Joe Clark"\n"Little Fiddle"\n"Hornpipe"\n"Bonny Morn"\n"Hole In The Wall"\n"Nightingale"\nIndependence Tunes\nMilitary Tunes\nIndian Tunes	請選擇一首樂曲：\n\n「鳥之歌」\n「煙山小調」\n「康沃爾」\n「蔭林幽谷」\n「提琴手之舞」\n「從軍騎兵曲」\n「喬克拉克」\n「小提琴謠」\n「號笛舞曲」\n「晴朗清晨」\n「牆洞舞曲」\n「夜鶯之歌」\n獨立樂曲\n軍事樂曲\n印地安樂曲	draft	目標159；曲名為遊戲原版真實收錄的西洋民謠／進行曲曲名（部分為人名或地名），terms/glossary均無對應譯名，依字面或典故意譯供選單顯示；「Cornwall」「Joe Clark」為地名／人名逕音譯，「Hole In The Wall」為十七世紀英式鄉村舞曲曲名直譯，均未經官方或既有譯稿核對，建議日後與音樂清單一併覆核。；不換：曲名
GAME.TXT:@PICKINDEPENDENCE:0x0000FFDD	GAME.TXT	67a6b5e22d1addc1ae13658d0d7824622f6d21c6c2bfdefc91f9749450cc2e3a	0x0000FFDD	132	b69c33d915a3a36d403c7c1e7c5ca07c6671b90e2539998eb1c0a256cc8354e1	Select an independence tune:\n\n"Love Forever"\n"York Fusiliers"\n"Washington Artillery March"\n"Road to Boston"\n"Independence Way"	請選擇一首獨立樂曲：\n\n「永遠的愛」\n「約克火槍團」\n「華盛頓砲兵進行曲」\n「通往波士頓之路」\n「獨立之路」	draft	目標159；曲名同PICKMUSIC，屬原版真實曲目，無既有譯名可循，依字面意譯。；不換：曲名
GAME.TXT:@PICKMILITARY:0x0001008C	GAME.TXT	67a6b5e22d1addc1ae13658d0d7824622f6d21c6c2bfdefc91f9749450cc2e3a	0x0001008C	95	023ea9fdfeb644bbca619c2113b0aa869df8eb0fb2e206423283556e8902b3d4	Select a military tune:\n\n"The Reveille"\n"Successful Campaign"\n"Morelli's Lesson"\n"To Arms"	請選擇一首軍事樂曲：\n\n「起床號」\n「凱旋戰役」\n「莫雷利的教訓」\n「拿起武器」	draft	目標159；曲名同PICKMUSIC，屬原版真實曲目，無既有譯名可循，依字面意譯；Morelli為人名音譯。
GAME.TXT:@PICKINDIAN:0x00010114	GAME.TXT	67a6b5e22d1addc1ae13658d0d7824622f6d21c6c2bfdefc91f9749450cc2e3a	0x00010114	89	9a1387020e7e740e36f91779e1e67440e95e972b04231226a11708d94494a794	Select an Indian tune:\n\n"Indian Victory"\n"Natives"\n"Tenochtitlan"\n"Pizarro at Cuzco"	請選擇一首印地安樂曲：\n\n「印地安人的勝利」\n「原住民」\n「特諾奇提特蘭」\n「皮薩羅在庫斯科」	draft	目標159；Natives比照terms.zh-Hant.tsv定稿詞Native＝原住民；Tenochtitlan、Pizarro、Cuzco為通用中文譯名音譯。
GAME.TXT:@UPKEEP:0x00010188	GAME.TXT	67a6b5e22d1addc1ae13658d0d7824622f6d21c6c2bfdefc91f9749450cc2e3a	0x00010188	189	55f235abae9ae360a87e6b18bf02284a947322d2ef4661e66724a903cb321234	Your Excellency, we cannot afford to pay the upkeep ({%NUMBER0$}) on\nall our buildings this turn.  Until we pay the {upkeep}, colonists in\nthe buildings will produce at {half efficiency}.	閣下，我方本回合無法支付所有建築的維護費（{%NUMBER0$}）。在繳清{維護費}之前，這些建築內的殖民地居民將只以{效率減半}的狀態生產。	draft	目標159；upkeep／efficiency非terms.zh-Hant.tsv定稿詞，glossary.zh-Hant.tsv列「保養，維持」／未收efficiency，依語境譯為「維護費」「效率減半」。
GAME.TXT:@MOBILIZE:0x00010260	GAME.TXT	67a6b5e22d1addc1ae13658d0d7824622f6d21c6c2bfdefc91f9749450cc2e3a	0x00010260	112	abe65979873088d65ab9169aaf37ce4047cc0ff112c8d123a393eb8d20fef836	Continental Army mobilizes at {%STRING0}! Our Veteran %STRING1\nhave been promoted to {Continental Army} status.	大陸正規軍已在{%STRING0}動員！我方老手%STRING1已晉升為{大陸正規軍}狀態。	draft	目標159
GAME.TXT:@MOBILIZE2:0x000102EC	GAME.TXT	67a6b5e22d1addc1ae13658d0d7824622f6d21c6c2bfdefc91f9749450cc2e3a	0x000102EC	116	169f4dcaff263dd7272daa27cbca8f6d012fb39b109fef676de8ca1d3e0f3ef4	Continental Army mobilizes at {%STRING0}! {%NUMBER0} Veteran\nunits have been promoted to {Continental Army} status.	大陸正規軍已在{%STRING0}動員！{%NUMBER0}支老手部隊已晉升為{大陸正規軍}狀態。	draft	目標159
GAME.TXT:@CANTMOBILIZE:0x00010381	GAME.TXT	67a6b5e22d1addc1ae13658d0d7824622f6d21c6c2bfdefc91f9749450cc2e3a	0x00010381	162	2e782d1eaa94976f277dc7166a5491174a9df30270328b0f53aac8c21b58f1e5	Continental Army can mobilize in colonies\nwhich contain at least {%NUMBER0 muskets} only.  None\nof our colonies have enough muskets available\nfor mobilization!	大陸正規軍只能在至少擁有{%NUMBER0支火槍}的殖民領地動員。目前沒有一座殖民領地擁有足夠的火槍可供動員！	draft	目標159；muskets依terms.zh-Hant.tsv變體「火槍」，配合中文量詞「支」。
GAME.TXT:@KINGMOBILIZE:0x00010442	GAME.TXT	67a6b5e22d1addc1ae13658d0d7824622f6d21c6c2bfdefc91f9749450cc2e3a	0x00010442	105	4beda8f7ff49c528c6908786480d2a31b5991f0e0c04c9dcb94688fca6c4589a	Parliament votes additional funds to suppress\nrevolution in %STRING0.  {%STRING1} mobilized in %STRING2.	英國國會撥出額外經費，鎮壓%STRING0的革命。{%STRING1}已在%STRING2動員。	draft	目標159；Parliament非terms.zh-Hant.tsv定稿詞，glossary.zh-Hant.tsv列「議會，議會制度」；為與{大陸議會}（Continental Congress）區隔，譯為「英國國會」。
GAME.TXT:@EUROPENOTAVAIL:0x000104CC	GAME.TXT	67a6b5e22d1addc1ae13658d0d7824622f6d21c6c2bfdefc91f9749450cc2e3a	0x000104CC	247	7d028600d5f770ab186750c9befe4be58ccee54b0d8f667b5f6c5857e05a0e3b	The European Status Screen is no longer available once\nthe {War of Independence} has begun.  Ships cannot sail to\nEurope for the duration of the war.  Colonies which build\n{Custom House} improvements can trade with European smugglers,\nhowever.	一旦{獨立戰爭}開始，歐洲狀態畫面就不再提供，戰爭期間船隻也無法航向歐洲。不過，已興建{海關}的殖民領地仍可與歐洲走私商交易。	draft	目標159
GAME.TXT:@FOREIGNNOTAVAIL:0x000105E5	GAME.TXT	67a6b5e22d1addc1ae13658d0d7824622f6d21c6c2bfdefc91f9749450cc2e3a	0x000105E5	102	4132f36ebd95b3755ce504d36281d0c1115ea78d9b6a0a8693c8dda2f2549eb6	The Foreign Affairs Adviser's report is no longer available\nonce the {War of Independence} has begun.	一旦{獨立戰爭}開始，外國事務顧問的報告就不再提供。	draft	目標159；Foreign Affairs Adviser比照glossary.zh-Hant.tsv「Foreign Affairs Advisor＝外國事務顧問」。
GAME.TXT:@EUROPENOTLEAVE:0x0001066C	GAME.TXT	67a6b5e22d1addc1ae13658d0d7824622f6d21c6c2bfdefc91f9749450cc2e3a	0x0001066C	179	ca9f03c06ea0515b477f413b75ea397535ffaa5f2519a33bb6a4b1068aed363c	Ships cannot sail to and from Europe for the duration\nof the {War of Independence}.  Colonies which build {Custom House}\nimprovements can trade with European smugglers, however.	{獨立戰爭}期間，船隻無法往返歐洲；不過，已興建{海關}的殖民領地仍可與歐洲走私商交易。	draft	目標159
GAME.TXT:@NOWARSDURINGREV:0x00010741	GAME.TXT	67a6b5e22d1addc1ae13658d0d7824622f6d21c6c2bfdefc91f9749450cc2e3a	0x00010741	69	863cdf8727ffdcebb5aedbc577639f7834c18dd565c04be1934d986606bdeaed	Foreign colonies cannot be attacked during the {War of Independence}.	{獨立戰爭}期間，無法攻擊外國殖民領地。	draft	目標159
GAME.TXT:@NOCOLONIESEITHER:0x000107A9	GAME.TXT	67a6b5e22d1addc1ae13658d0d7824622f6d21c6c2bfdefc91f9749450cc2e3a	0x000107A9	64	36a454a503dd981fc444f8a8352842846e0f08fc9e68967ca6b14e6b0e34d8b6	New colonies cannot be founded during the {War of Independence}.	{獨立戰爭}期間，無法建立新的殖民領地。	draft	目標159
GAME.TXT:@NOMAYORSDURINGREV:0x0001080D	GAME.TXT	67a6b5e22d1addc1ae13658d0d7824622f6d21c6c2bfdefc91f9749450cc2e3a	0x0001080D	64	31b375f17e3cdd772d543bfb896496f65330956ab66024cc9ad785d86d6be9d2	Scouts cannot meet with mayors during the {War of Independence}.	{獨立戰爭}期間，斥候無法與市長會面。	draft	目標159；Mayor比照glossary.zh-Hant.tsv與batch-07.done.json先例，非定稿詞，字面譯為「市長」，指敵對歐洲殖民領地首長，非印地安人{酋長}。
GAME.TXT:@HOWMUCH1:0x00010868	GAME.TXT	67a6b5e22d1addc1ae13658d0d7824622f6d21c6c2bfdefc91f9749450cc2e3a	0x00010868	75	791feecc8754ff790145effe8bd746680b56c1543d78684cb75e7414919de38f	How much {%STRING0} should be loaded onto %STRING1 (0-%NUMBER0).\n\nAmount:	要裝載多少{%STRING0}到%STRING1（0-%NUMBER0）？\n\n數量：	draft	目標159
GAME.TXT:@HOWMUCH2:0x000108CE	GAME.TXT	67a6b5e22d1addc1ae13658d0d7824622f6d21c6c2bfdefc91f9749450cc2e3a	0x000108CE	89	322f1f1c3333c3c51b89b2cd3afb94300abf95dcf695bb5ea54984721a063adf	How much {%STRING0} should be unloaded from %STRING1 to %STRING2 (0-%NUMBER0).\n\nAmount:	要卸下多少{%STRING0}，從%STRING1卸到%STRING2（0-%NUMBER0）？\n\n數量：	draft	目標159
GAME.TXT:@HOWMUCH3:0x00010942	GAME.TXT	67a6b5e22d1addc1ae13658d0d7824622f6d21c6c2bfdefc91f9749450cc2e3a	0x00010942	86	74d585f0b70bb618ee82be4741d65b28e5dc76008dfc9f52ec23ef069a9b942e	How much {%STRING0} should be moved from %STRING1 to %STRING2 (0-%NUMBER0).\n\nAmount:	要把多少{%STRING0}，從%STRING1搬到%STRING2（0-%NUMBER0）？\n\n數量：	draft	目標159
GAME.TXT:@HOWMUCH4:0x000109B3	GAME.TXT	67a6b5e22d1addc1ae13658d0d7824622f6d21c6c2bfdefc91f9749450cc2e3a	0x000109B3	107	17c381beae97f335dc34f8842235694d77936bd6501c59b2ef672e9015319b07	How much {%STRING0} (at {%NUMBER1$}) should be purchased\nand loaded onto %STRING1 (0-%NUMBER0).\n\nAmount:	要購買多少{%STRING0}（價格{%NUMBER1$}）並裝載到%STRING1（0-%NUMBER0）？\n\n數量：	draft	目標159
GAME.TXT:@HOWMUCH5:0x00010A39	GAME.TXT	67a6b5e22d1addc1ae13658d0d7824622f6d21c6c2bfdefc91f9749450cc2e3a	0x00010A39	88	b777daf6e244552a1acce9c976ccc155b7fab339b09976ffc037676dfa9eba93	How much {%STRING0} should be sold (at {%NUMBER1$}) to %STRING2 (0-%NUMBER0).\n\nAmount:	要賣多少{%STRING0}（以{%NUMBER1$}的價格）給%STRING2（0-%NUMBER0）？\n\n數量：	draft	目標159
GAME.TXT:@AMBUSHHINT:0x00010AB0	GAME.TXT	67a6b5e22d1addc1ae13658d0d7824622f6d21c6c2bfdefc91f9749450cc2e3a	0x00010AB0	294	2bf3ccda8486a5de3f0043aad03adb03c391b78739b86f90baa561e3365bcc15	Your Excellency, the King's armies have little experience with the\nkind of tactics that\nare necessary when fighting in the New World.\nIf our troops attack the King's troops while {neither} unit is in a\ncolony square, we gain an {ambush bonus} equal to the terrain's normal\ndefensive value!	閣下，國王的軍隊缺乏在新世界作戰所需的戰術經驗。若雙方部隊{都不}在殖民領地方格內，而我方向國王的軍隊發動攻擊，就能獲得等同當地地形一般防禦值的{伏襲加成}！	draft	目標159；ambush bonus非定稿詞，依terms.zh-Hant.tsv定稿詞Ambush＝伏襲組成「伏襲加成」；{neither}（單字強調）意譯為「都不」以符合中文語序。
GAME.TXT:@CONSIDER:0x00010BF1	GAME.TXT	67a6b5e22d1addc1ae13658d0d7824622f6d21c6c2bfdefc91f9749450cc2e3a	0x00010BF1	150	a5e986970738192e33544565335b4dabb7d69ada732db6454e80e90752d70e8e	%STRING0 is considering intervention on our behalf against the King,\nYour Excellency!  If we can generate %NUMBER0 liberty bells, they will\njoin us.	閣下，%STRING0正考慮出面干預、協助我方對抗國王！只要我們能累積%NUMBER0個自由鐘，他們就會加入我們。	draft	目標159
GAME.TXT:@INTERVENTION:0x00010CA6	GAME.TXT	67a6b5e22d1addc1ae13658d0d7824622f6d21c6c2bfdefc91f9749450cc2e3a	0x00010CA6	214	2de1bd2c2bd65dfcdbd94f3632f3a1529e7e0137c0b0adc84707ffdec668931e	{%STRING0} declares war on %STRING1 and joins the War of Independence\non the Rebel side! %STRING2 dispatched to %STRING3 for\nstrategic consultations.  %STRING4 navy plans bombardment of\nTory-held fortifications.	{%STRING0}向%STRING1宣戰，加入獨立戰爭，站在叛軍陣營作戰！%STRING2被派往%STRING3進行戰略磋商。%STRING4海軍計劃砲轟保皇黨佔領的要塞。	draft	目標159
GAME.TXT:@FRIEND:0x00010D89	GAME.TXT	67a6b5e22d1addc1ae13658d0d7824622f6d21c6c2bfdefc91f9749450cc2e3a	0x00010D89	95	07ea154e333f3ca9062a49861166c6b76b46782cb6049c6a41e3e8b6d26159ee	British General Cornwallis\nFrench General Lafayette\nSpanish Generals\nDutch Admiral de Ruyter	英國康沃利斯將軍\n法國拉法葉將軍\n西班牙的將領們\n荷蘭德魯伊特上將	draft	目標159；四位／組軍事將領非terms.zh-Hant.tsv定稿詞，依常見中文譯名音譯（Cornwallis＝康沃利斯、Lafayette＝拉法葉、de Ruyter＝德魯伊特）；本表疑為@INTERVENTION中%STRING2依介入國別（推定順序英／法／西／荷，比照terms.zh-Hant.tsv國家表）取用的對照表，執行期對應關係未經證實。
GAME.TXT:@INTERVENE:0x00010E04	GAME.TXT	67a6b5e22d1addc1ae13658d0d7824622f6d21c6c2bfdefc91f9749450cc2e3a	0x00010E04	105	4be99da673815f3ead64c0277d7cd50bcf2e2f6972c220f7301434656b1db4c6	%STRING1 Intervention Force arrives in {%STRING0}!  Local Rebel Army\ncommander regales %STRING1 admiral.	%STRING1干預軍已抵達{%STRING0}！當地叛軍指揮官設宴款待%STRING1海軍上將。	draft	目標159；Intervention Force非定稿詞，比照terms.zh-Hant.tsv定稿詞Royal Expeditionary Force＝皇家遠征軍的構詞方式譯為「干預軍」，與glossary.zh-Hant.tsv「Foreign Intervention＝外國干預」語意一致。
GAME.TXT:@EXPLOITS:0x00010E7C	GAME.TXT	67a6b5e22d1addc1ae13658d0d7824622f6d21c6c2bfdefc91f9749450cc2e3a	0x00010E7C	107	277a7fc76ab5f1ef59615123019b6d2654deeb0464087d59b0e4bae0dc3d01a6	COLONIZATION RATING: %NUMBER0%%\nIn memory of your deeds, the citizens of\n%STRING0 give your name to . . .	殖民評等：%NUMBER0%%\n為紀念您的功績，%STRING0的公民將以您的名字命名⋯⋯	draft	目標159；COLONIZATION RATING非定稿詞，暫譯「殖民評等」；原文結尾以空格句點「. . .」表示拉長刪節號，比照同批次前例譯為全形「⋯⋯」，控制碼檢查不含此標點，本欄僅供人工複核；原句在此中斷（疑接續另一張頭銜替換表），譯文比照原樣中斷。
GAME.TXT:@SCORE:0x00010EF3	GAME.TXT	67a6b5e22d1addc1ae13658d0d7824622f6d21c6c2bfdefc91f9749450cc2e3a	0x00010EF3	1002	e614705787060f41e3b6af8a89cd5f5acb3b46577da7bd9d450100dbfc2c3770	An Infectious Disease, %STRING0 Fever\nA Stinging Insect,     %STRING0 Fly\nA Poisonous Plant,     %STRING0 Ivy\nA Venomous Snake,      %STRING0 Rattlesnake\nA Prison,              %STRING0catraz\nA Fast Food Chain,     %STRING0's Roast Beef\nA Street,              %STRING0 Boulevard\nA Flower,              %STRING0 Thistle\nA School,              %STRING0 Jr. High\nAn Apple,              %STRING0 Delicious\nA Bridge,              %STRING0 Mem. Bridge\nA Bird,                %STRING0 Eagle\nA College,             %STRING0 A & M\nA Mountain Lion,       %STRING0 Cougar\nA Prestigious Award,   %STRING0 Medal of Honor\nA River,               The %STRING0 River\nA University,          %STRING0 and Lee University\nA Mountain Range,      %STRING0 Mountains\nAn Inland Sea,         %STRING0 Bay\nA Football Team,       %STRING0 Conquistadores\nA State of the Union,  %STRING0 State\nA Capital,             %STRING0 D.C.\nA Nation,              Republic of %STRING0\nA CONTINENT!,          %STRING0ica	傳染病：%STRING0熱\n螫人昆蟲：%STRING0蠅\n有毒植物：%STRING0藤\n毒蛇：%STRING0響尾蛇\n監獄：%STRING0島監獄\n速食連鎖店：%STRING0烤牛肉快餐\n街道：%STRING0大道\n花卉：%STRING0薊\n學校：%STRING0初中\n蘋果：%STRING0蜜蘋果\n橋樑：%STRING0紀念橋\n鳥類：%STRING0鷹\n學院：%STRING0農工學院\n美洲獅：%STRING0山獅\n榮譽獎章：%STRING0榮譽勳章\n河流：%STRING0河\n大學：%STRING0李大學\n山脈：%STRING0山脈\n內海：%STRING0灣\n美式足球隊：%STRING0征服者隊\n聯邦州：%STRING0州\n首都：%STRING0特區\n國家：%STRING0共和國\n大陸！：%STRING0洲	draft	目標159；原文是靠拼字巧合把國名接成專有名詞的英文雙關清單（如Alcatraz、Arby's、America），中文無法複製拼字雙關，改譯為語意對應的類別＋國名組合，保留清單行數與每行一個%STRING0。；不換：文字遊戲清單
GAME.TXT:@LOSING1:0x000112F9	GAME.TXT	67a6b5e22d1addc1ae13658d0d7824622f6d21c6c2bfdefc91f9749450cc2e3a	0x000112F9	234	d818145cc5680c3c3e9defcca9fd99170526d719b8e979cf22d5525a3c31e015	King's Forces control all ports in %STRING0!\nContinental Congress capitulates to King's terms!\nContinental Army demobilized; Royal Expeditionary force occupies colonies.\n%STRING1, stripped of titles, escapes to {exile} in %STRING2.	國王軍隊已控制%STRING0境內所有港口！\n大陸議會向國王的條件屈服！\n大陸正規軍解散；皇家遠征軍占領各殖民領地。\n%STRING1遭剝奪頭銜，{流亡}至%STRING2。	draft	目標159
GAME.TXT:@WARN1:0x000113FB	GAME.TXT	67a6b5e22d1addc1ae13658d0d7824622f6d21c6c2bfdefc91f9749450cc2e3a	0x000113FB	195	2ec316e1250333ade712df7017927d415dcbfd1c38631b6a0c5d24cc28ca85a8	Your Excellency, the King's forces control all but %NUMBER0 of the\nports in %STRING0!  If we don't retain control of at least one port\nour commerce will be choked and we will have to surrender!	閣下，除了%NUMBER0個港口，國王的軍隊已經控制了%STRING0境內所有港口！若我們無法至少守住一個港口，貿易將被扼殺，屆時只能投降！	draft	目標159
GAME.TXT:@LOSING2:0x000114DA	GAME.TXT	67a6b5e22d1addc1ae13658d0d7824622f6d21c6c2bfdefc91f9749450cc2e3a	0x000114DA	237	69fa8c3bfbc3d97d166a32c13d95acc37e35d3ab1e5e584d4ce251151c53df09	King's Forces control all colonies in %STRING0!\nContinental Congress capitulates to King's terms!\nContinental Army demobilized; Royal Expeditionary force occupies colonies.\n%STRING1, stripped of titles, escapes to {exile} in %STRING2.	國王軍隊已控制%STRING0境內所有殖民領地！\n大陸議會向國王的條件屈服！\n大陸正規軍解散；皇家遠征軍占領各殖民領地。\n%STRING1遭剝奪頭銜，{流亡}至%STRING2。	draft	目標159
GAME.TXT:@WARN2:0x000115DF	GAME.TXT	67a6b5e22d1addc1ae13658d0d7824622f6d21c6c2bfdefc91f9749450cc2e3a	0x000115DF	147	0055c07aaebb26de8e4fae030e93bd63864061fd1c7832d3e2c9f382965a2f7e	Your Excellency, the King's forces control all but %NUMBER1 of our\ncolonies!  We need to protect our remaining colonies, or we will lose\nthe war!	閣下，除了%NUMBER1座殖民領地，我們的殖民領地都已落入國王軍隊手中！我們必須保護僅存的殖民領地，否則將輸掉這場戰爭！	draft	目標159
GAME.TXT:@LOSING3:0x0001168E	GAME.TXT	67a6b5e22d1addc1ae13658d0d7824622f6d21c6c2bfdefc91f9749450cc2e3a	0x0001168E	245	f4a6934e4a8aadf0503957021e5a04953cee447d5dbd750da3a6ba7bf746a1f0	King's Forces control over 90%% of %STRING0 population!\nContinental Congress capitulates to King's terms!\nContinental Army demobilized; Royal Expeditionary force occupies colonies.\n%STRING1, stripped of titles, escapes to {exile} in %STRING2.	國王軍隊已控制逾90%%的%STRING0人口！\n大陸議會向國王的條件屈服！\n大陸正規軍解散；皇家遠征軍占領各殖民領地。\n%STRING1遭剝奪頭銜，{流亡}至%STRING2。	draft	目標159
GAME.TXT:@WARN3:0x0001179B	GAME.TXT	67a6b5e22d1addc1ae13658d0d7824622f6d21c6c2bfdefc91f9749450cc2e3a	0x0001179B	201	869f135fbe15874173b1fb14d0ed421260b57fb50f6fce1ebc26a5b1713c8cdc	Your Excellency, the King's forces control %NUMBER2%% of the %STRING0\npopulation.  If he ever controls 90%%, the Continental Congress will be\nunable to continue the war and we will have to surrender!	閣下，國王的軍隊已控制了%NUMBER2%%的%STRING0人口。一旦他掌控90%%的人口，大陸議會將無法繼續這場戰爭，屆時我們只能投降！	draft	目標159
GAME.TXT:@WINNING:0x0001187E	GAME.TXT	67a6b5e22d1addc1ae13658d0d7824622f6d21c6c2bfdefc91f9749450cc2e3a	0x0001187E	286	66bf205ba65a91b91e241084e3442c723697381547d087c2fdf24272e987418a	Royal Expeditionary Force annihilated!\nGeneral %STRING0 accepts {surrender} of all Tory forces in brief ceremony.\nParliament declares King unfit to rule and votes to accept independence\nof %STRING1.\nContinental Congress proclaims %STRING0 the first {President} of the new\nrepublic!	皇家遠征軍全軍覆沒！\n%STRING0將軍在簡短的儀式上接受全體保皇黨軍隊{投降}。\n國會宣布國王不適任統治，並投票同意%STRING1獨立。\n大陸議會宣布%STRING0為這個新共和國的第一任{總統}！	draft	目標159
GAME.TXT:@OTHERGRANTED:0x000119BB	GAME.TXT	67a6b5e22d1addc1ae13658d0d7824622f6d21c6c2bfdefc91f9749450cc2e3a	0x000119BB	163	fcb74833a3bf5ae2df47c6332b98b212e415f39d686e9862bb300f7e80fbed91	The King of {%STRING0} grants {independence} to %STRING1!  %STRING2\nelected first President of the new republic.  %STRING3\nmakes peace with all european nations.	{%STRING0}的國王宣布授予{獨立}於%STRING1！%STRING2當選為新共和國的第一任總統。%STRING3與所有歐洲國家議和。	draft	目標159；為保留控制碼順序（國名→獨立→被授予對象），譯句採「授予⋯於⋯」的較正式句法，語意不變。
GAME.TXT:@OTHERMIGHT:0x00011A7D	GAME.TXT	67a6b5e22d1addc1ae13658d0d7824622f6d21c6c2bfdefc91f9749450cc2e3a	0x00011A7D	315	b86b9dd577f7c4ccbb8994c0a8b22897cfd293942987ee9f9fff81db921b87d5	Your Excellency, the King of {%STRING0} is considering granting independence\nto his colonies.  {%NUMBER0} (out of %NUMBER1) of the %STRING1 colonists\ncurrently support independence.  Once {%NUMBER2} colonists support\nliberty, the %STRING1 colonies will be granted their freedom and become\nan independent nation.	閣下，{%STRING0}國王正考慮讓其殖民領地獨立。目前有{%NUMBER0}人（共%NUMBER1人）的%STRING1殖民地居民支持獨立。一旦支持自由的居民達到{%NUMBER2}人，%STRING1的殖民地就會獲得自由，成為一個獨立的國家。	draft	目標159；為保留控制碼順序，「有⋯人（共⋯人）的⋯居民」語序略為正式，語意不變。
GAME.TXT:@OTHERLESS:0x00011BD4	GAME.TXT	67a6b5e22d1addc1ae13658d0d7824622f6d21c6c2bfdefc91f9749450cc2e3a	0x00011BD4	173	5d65ba7da08cf648f9e1402e8bb353e48cd67cefc33b7407c119b65768725268	Spies Report:  Only {%NUMBER0} {%STRING1} now support independence\nfrom %STRING0.  The King of {%STRING0} will not grant them their liberty\nunless {%NUMBER2} are in favor.	間諜回報：目前只有{%NUMBER0}名{%STRING1}支持脫離%STRING0獨立。{%STRING0}國王不會授予他們自由，除非有{%NUMBER2}人支持。	draft	目標159
GAME.TXT:@SCORED:0x00011C9A	GAME.TXT	67a6b5e22d1addc1ae13658d0d7824622f6d21c6c2bfdefc91f9749450cc2e3a	0x00011C9A	75	be913e9c9596578a3741d9023426ddb7d5936ee6e1b6803408c7d5adbeb666ef	Scoring for this game is now complete.\n\nThat's all.\nKeep playing anyway.	本局計分已經結束。\n\n就此結束。\n繼續遊玩。	draft	目標159
GAME.TXT:@TORYUPRISING:0x00011D04	GAME.TXT	67a6b5e22d1addc1ae13658d0d7824622f6d21c6c2bfdefc91f9749450cc2e3a	0x00011D04	59	834d86f4f8f0dc88f09a27df511dd8a077806d174e17c7b00a248b80f0951e7d	Tory uprising near %STRING0!  Parliament arms Tory Militia!	%STRING0附近爆發保皇黨起義！國會武裝保皇黨民兵！	draft	目標159
GAME.TXT:@CANNOTATTACK:0x00011D5E	GAME.TXT	67a6b5e22d1addc1ae13658d0d7824622f6d21c6c2bfdefc91f9749450cc2e3a	0x00011D5E	29	449b997447168472963fa2880a2b33e63cac599673760f900572c52ebc15fdfc	That unit type cannot attack.	這種類型的單位無法進行攻擊。	draft	目標159
GAME.TXT:@TRADEMERCANTILISM:0x00011D9F	GAME.TXT	67a6b5e22d1addc1ae13658d0d7824622f6d21c6c2bfdefc91f9749450cc2e3a	0x00011D9F	146	424ee6d7fb6530e995a8a5a5c6a7fbcf19665918d9344342189b7a546d47885d	"In the interests of {Mercantilism}, %STRING0 has ordered us not\nto trade with foreign merchants.  We must therefore ask you to\ngo away please."	「基於{重商主義}的考量，%STRING0已下令禁止我們與外國商人交易，因此請您離開吧。」	draft	目標159
GAME.TXT:@TRADEATWAR:0x00011E4E	GAME.TXT	67a6b5e22d1addc1ae13658d0d7824622f6d21c6c2bfdefc91f9749450cc2e3a	0x00011E4E	144	d814b969ed1a5bccc1be670c8a64aa0ae7dcb6ea222aa00d88c4a457fcdc047a	Ships and wagon trains cannot enter the colonies of foreign powers\nwith whom you are at war or with whom you have not yet established\ncontact.	船隻與貨車無法進入正在交戰、或尚未建立聯繫的外國殖民領地。	draft	目標159
GAME.TXT:@TRADENOCARGO:0x00011EFD	GAME.TXT	67a6b5e22d1addc1ae13658d0d7824622f6d21c6c2bfdefc91f9749450cc2e3a	0x00011EFD	113	ad2d2ed6c0b0dff87d6a3acce4547fd95bd3e5804698decf7c41a457c4f564c4	"You have brought nothing with you to trade with us.  Please come\nback when you have something useful to offer."	「你沒有帶任何東西來跟我們交易。等你有實用的東西可以提供時再回來吧。」	draft	目標159
GAME.TXT:@TRADENOWANT:0x00011F8C	GAME.TXT	67a6b5e22d1addc1ae13658d0d7824622f6d21c6c2bfdefc91f9749450cc2e3a	0x00011F8C	105	f2e5e11c7c3ce3241d6dbed706895cab2029177c9e979fe8850fd25fe162d52d	"We are not interested in your {%NUMBER0 %STRING0}.  Come back when\nyou have something better to offer."	「我們對你的{%NUMBER0份%STRING0}沒有興趣。等你有更好的東西可以提供時再回來吧。」	draft	目標159
GAME.TXT:@TRADEWITH:0x00012011	GAME.TXT	67a6b5e22d1addc1ae13658d0d7824622f6d21c6c2bfdefc91f9749450cc2e3a	0x00012011	262	79e7e7b55e881462439692dc161d5ace29073e3e22ebb1de4bde3ac6bb21d8dc	"We will give you {%NUMBER0 %STRING0} in exchange for your %NUMBER1 %STRING1.\nOr, if you like, we are willing to give you {%NUMBER2$}.\nIs this satisfactory?"\n\n"We'll take the {%NUMBER0 %STRING0}."\n"Just give us the {%NUMBER2$}."\n"Do you take us for fools?"	「我們願意用{%NUMBER0份%STRING0}向你交換%NUMBER1份%STRING1。或者，如果你願意，我們也可以給你{%NUMBER2$}。這樣你滿意嗎？」\n\n「我們就收下{%NUMBER0份%STRING0}吧。」\n「直接給我們{%NUMBER2$}就好。」\n「你當我們是傻瓜嗎？」	draft	目標159
GAME.TXT:@EXTINCT:0x00012131	GAME.TXT	67a6b5e22d1addc1ae13658d0d7824622f6d21c6c2bfdefc91f9749450cc2e3a	0x00012131	38	3a56a4fb43307a08d0550794dc158a3b4febf3785f78df0cb3affbbea57a691b	The %STRING0 tribe has been wiped out.	%STRING0部落已經滅絕。	draft	目標159
GAME.TXT:@MERCENARIES:0x00012175	GAME.TXT	67a6b5e22d1addc1ae13658d0d7824622f6d21c6c2bfdefc91f9749450cc2e3a	0x00012175	153	0f003107fccb55cabc0cdbbb2698bc06060d64dff5dd64292fecf8ac963a2f09	The King of %STRING0 has offered to send us a force of trained {mercenaries}\n(%STRING1)\nin exchange for {%NUMBER0$}.\n\nNo thank you.\nPay {%NUMBER0$}.	%STRING0國王提議派遣一支訓練有素的{外籍傭兵}部隊\n（%STRING1）\n前來助陣，交換條件是{%NUMBER0$}。\n\n不用了，謝謝。\n支付{%NUMBER0$}。	draft	目標159
GAME.TXT:@MERCS:0x00012226	GAME.TXT	67a6b5e22d1addc1ae13658d0d7824622f6d21c6c2bfdefc91f9749450cc2e3a	0x00012226	40	52d060a4c7f186ac6195b0038a553e5de66f9bd67d2870cd9964dce084274c1b	%STRING1 mercenaries arrive in %STRING0.	%STRING1名外籍傭兵抵達%STRING0。	draft	目標159
GAME.TXT:@OVERBOARD:0x0001226A	GAME.TXT	67a6b5e22d1addc1ae13658d0d7824622f6d21c6c2bfdefc91f9749450cc2e3a	0x0001226A	53	7617d44c6c06ce5acc1ffd33aa91d137c6742553a5fb80f085ecdeb56bee1730	What cargo shall we throw overboard, Your Excellency?	閣下，我們該把哪些貨物拋下船？	draft	目標159
GAME.TXT:@ALREADYREVOLUTION:0x000122C3	GAME.TXT	67a6b5e22d1addc1ae13658d0d7824622f6d21c6c2bfdefc91f9749450cc2e3a	0x000122C3	58	1771068beda3c24d2117f19e4ade83bdf7f3c2e104e9f611222624e40dc6b9ec	We are already fighting a War of Independence, Excellency.	閣下，我們已經在打獨立戰爭了。	draft	目標159
GAME.TXT:@SUREDISBAND:0x0001231B	GAME.TXT	67a6b5e22d1addc1ae13658d0d7824622f6d21c6c2bfdefc91f9749450cc2e3a	0x0001231B	37	c4032e971ca567427842e55a50cfa4cc1f6cf3696d84e1b1530f5968dac2d035	Really {disband} %STRING0?\n\nYes\nNo	真的要{解散}%STRING0嗎？\n\n是\n否	draft	目標159
GAME.TXT:@NEWCOLONIST:0x0001235E	GAME.TXT	67a6b5e22d1addc1ae13658d0d7824622f6d21c6c2bfdefc91f9749450cc2e3a	0x0001235E	61	9bd582df3b9305f5810b6c434223c9b3fc011c752e95049cdd1dc9821bbaa1d9	Population increase in %STRING0.  New colonist now available.	%STRING0人口增加，新殖民地居民已可運用。	draft	目標159
GAME.TXT:@INEFFICIENT:0x000123B9	GAME.TXT	67a6b5e22d1addc1ae13658d0d7824622f6d21c6c2bfdefc91f9749450cc2e3a	0x000123B9	514	755571decdd1287d0f05cafe2f4889a56aa4ab4496ceb362d6c5d39ce8e61bb5	{%STRING0} has an inefficient government, Your Excellency!\nAny colony which has {%NUMBER0} or more colonists who are\nnot members of the Sons of Liberty is lagging behind in its\ngovernmental development.  Colonists in such colonies receive\na {-1} production penalty for every %NUMBER0 tories.  We can\nincrease Sons of Liberty membership by producing more {Liberty\nBells} in this colony; conversely, we can avoid the production\npenalty by removing enough colonists to get the number of tories\nbelow %NUMBER0.	閣下，{%STRING0}的政府效率低落！殖民領地中，若有{%NUMBER0}名以上的殖民地居民不是自由子民，其政治發展就會落後。這類殖民領地的居民會受到{-1}的生產懲罰；保皇黨每滿%NUMBER0人就懲罰一次。我們可以在這座殖民領地生產更多{自由鐘}，藉此增加自由子民人數；也可以把保皇黨人數降到%NUMBER0以下，來免除生產懲罰。	draft	目標159
GAME.TXT:@EFFICIENT:0x000125D7	GAME.TXT	67a6b5e22d1addc1ae13658d0d7824622f6d21c6c2bfdefc91f9749450cc2e3a	0x000125D7	135	47d9cbd8748c15df6763987156bf1648cca47b1d07ffb43bfa909d0d0bbe53ce	{%STRING0} has improved the efficiency of its government, Your Excellency.\nProduction penalties no longer apply to %STRING0 colonists.	閣下，{%STRING0}已提升其政府效率。%STRING0的殖民地居民不再受到生產懲罰。	draft	目標159
GAME.TXT:@CLEARCUT:0x00012679	GAME.TXT	67a6b5e22d1addc1ae13658d0d7824622f6d21c6c2bfdefc91f9749450cc2e3a	0x00012679	78	0f1d43fcb23884f526f283eb1598c94ed5ddef050ac1749428b4b6396d2839ee	Pioneers clear forest near {%STRING0}.  {%NUMBER0 lumber} added\nto stockpile.	前鋒在{%STRING0}附近清除森林，{%NUMBER0份木材}已納入庫存。	draft	目標159
GAME.TXT:@REALLYBUY:0x000126E3	GAME.TXT	67a6b5e22d1addc1ae13658d0d7824622f6d21c6c2bfdefc91f9749450cc2e3a	0x000126E3	43	4e570fb347e82ac3e9d23cda48b85641ab5c8b91726b4330a1094c12c478cccf	Purchase %STRING0 for %NUMBER0$?\n\nYes\nNo	要購買%STRING0，花費%NUMBER0$嗎？\n\n是\n否	draft	目標159
GAME.TXT:@INDIANWARPATH:0x0001272E	GAME.TXT	67a6b5e22d1addc1ae13658d0d7824622f6d21c6c2bfdefc91f9749450cc2e3a	0x0001272E	88	00ec345ab21a7ba6c0516bf42adffc33a01b76689b251c004f19879d4a13fa82	"The {%STRING0} tribe is ready to go on the warpath.\nWhom would you like us to attack?"	「{%STRING0}部落已準備好走上戰爭之路，您想要我們攻擊誰？」	draft	目標159
GAME.TXT:@INDIANWARPATH2:0x000127A7	GAME.TXT	67a6b5e22d1addc1ae13658d0d7824622f6d21c6c2bfdefc91f9749450cc2e3a	0x000127A7	125	0290ee6bf8ebbc5852aa1880410438fd4495da6c230602e9baa899315fa7f6b3	"We will gladly drive the {%STRING0} from our ancestral\nlands in exchange for {%NUMBER0$}."\n\nPay {%NUMBER0$}.\nNever mind.	「我們很樂意把{%STRING0}人趕出我們的祖傳土地，只要你付{%NUMBER0$}。」\n\n支付{%NUMBER0$}。\n算了。	draft	目標159
GAME.TXT:@INDIANWARFARE:0x00012844	GAME.TXT	67a6b5e22d1addc1ae13658d0d7824622f6d21c6c2bfdefc91f9749450cc2e3a	0x00012844	113	2977b73ce69ad20502c52455b76bea4537c6555be74dcd1a407b79fc9cab28eb	{%STRING0} nation holds War Council!\n{%STRING1} missionaries incite %STRING2 to warfare against\nthe {%STRING3}!	{%STRING0}部落召開戰爭會議！{%STRING1}的傳教士煽動%STRING2對{%STRING3}開戰！	draft	目標159；「nation」依War Council機制脈絡譯為部落；假設%STRING0與%STRING2為同一部落，%STRING3為遭挑起戰事的對象。
GAME.TXT:@LOSENOCOLONIES:0x000128DA	GAME.TXT	67a6b5e22d1addc1ae13658d0d7824622f6d21c6c2bfdefc91f9749450cc2e3a	0x000128DA	168	e2230c1c51fa3e95fea1a4aaeb2468d4bc70632021acd13518322cdb9a67b9c1	"%STRING0 %STRING1.  Our efforts in the New World have\nproven fruitless and we have decided to remove you\nas Viceroy.  You may, as always, kiss our royal pinky ring."	「%STRING0 %STRING1。我們在新大陸的努力已經徒勞無功，因此決定撤除你副王的職位。一如既往，你儘管去親吻我們尊貴的戒指吧。」	draft	目標159；Viceroy沿用corpus既有譯法「副王」（見batch-01 @VICEROY）；kiss our royal pinky ring為輕蔑修辭，譯文保留語氣但簡化「小指戒指」為「戒指」。
GAME.TXT:@SOONRETIRING0:0x000129A2	GAME.TXT	67a6b5e22d1addc1ae13658d0d7824622f6d21c6c2bfdefc91f9749450cc2e3a	0x000129A2	139	ae2a070514bd0b5d6d0269af3d4a12070864a4b6cbde1841430143a119584c34	%STRING0 %STRING1 plans to retire in 1800!  A rumor circulates\nthat he would postpone his retirement were a War of Independence\nto begin.	%STRING0 %STRING1計畫在1800年退休！謠傳如果獨立戰爭爆發，他就會延後退休。	draft	目標159；不換：a rumor circulates 譯謠傳
GAME.TXT:@SOONRETIRING1:0x00012A4D	GAME.TXT	67a6b5e22d1addc1ae13658d0d7824622f6d21c6c2bfdefc91f9749450cc2e3a	0x00012A4D	196	dfb00c824f5a642b851ff40fe1277162fd4abc4d046b1b0b942b6d3629c8b4c2	"General %STRING1, the people are weary of this long war.  If we cannot\nforce a conclusion by 1850, the Continental Congress will sue for\npeace and seek to swear renewed allegiance to the King."	「%STRING1將軍，人民已經厭倦了這場漫長的戰爭。如果我們無法在1850年前分出勝負，大陸議會就會求和，設法向國王重新宣誓效忠。」	draft	目標159
GAME.TXT:@RETIRING:0x00012B2E	GAME.TXT	67a6b5e22d1addc1ae13658d0d7824622f6d21c6c2bfdefc91f9749450cc2e3a	0x00012B2E	156	00f8c2eb13bf56fb2e7c82a864d30cfebb5a4709c23351d2063dc274a5716081	%STRING0 %STRING1 steps down after over 300 years of loyal service to the\nCrown.  King knights aging Viceroy, who retires to country estate\nnear %STRING2.	%STRING0 %STRING1在為皇城效忠超過三百年後卸任。國王將這位年邁的副王封為爵士，讓他退休隱居到%STRING2附近的鄉間莊園。	draft	目標159；Viceroy沿用「副王」譯法（同@LOSENOCOLONIES）。
GAME.TXT:@RETIRING2:0x00012BE8	GAME.TXT	67a6b5e22d1addc1ae13658d0d7824622f6d21c6c2bfdefc91f9749450cc2e3a	0x00012BE8	141	5b243abd29272f170267620a07cc50ed06ff9b61db2b2886658bd037b6412e24	War-weary Continental Congress sues for peace!  King accepts\nsurrender from %STRING0 %STRING1, who retires to country\nestate near %STRING2.	厭戰的大陸議會求和！國王接受%STRING0 %STRING1的投降，此後他退休隱居到%STRING2附近的鄉間莊園。	draft	目標159
GAME.TXT:@HOWTOWIN:0x00012C92	GAME.TXT	67a6b5e22d1addc1ae13658d0d7824622f6d21c6c2bfdefc91f9749450cc2e3a	0x00012C92	262	b71ecb002bfd610948e44bf8df187cd7964a6c17a8f024ba636c2e9be2883ecf	We have just won a glorious victory on the road to freedom, Your Excellency.\nIn order to\ndefeat the King's forces and win our independence, we must recapture\n{all} of our colonies from the King, and we must destroy most of his\nground forces in the New World.	閣下，我們剛在通往自由的道路上贏得了一場光榮的勝利。要擊敗國王的軍隊、贏得獨立，我們必須從國王手中奪回{全部}殖民領地，還必須摧毀他在新大陸的大部分地面部隊。	draft	目標159
GAME.TXT:@ARTILLERY:0x00012DB6	GAME.TXT	67a6b5e22d1addc1ae13658d0d7824622f6d21c6c2bfdefc91f9749450cc2e3a	0x00012DB6	61	94a961233add84a8b8aaef8ca714f4c0e6dab087e538925af73fb0ca11ca0a66	%STRING0 %STRING1 {damaged}.  Further damage will destroy it.	%STRING0 %STRING1{受損}。再受到損傷就會被摧毀。	draft	目標159
GAME.TXT:@ARTILLERY2:0x00012E10	GAME.TXT	67a6b5e22d1addc1ae13658d0d7824622f6d21c6c2bfdefc91f9749450cc2e3a	0x00012E10	38	07398e242e854f1839b76bdd4f8882b1b4f2ef4f47ee0e745d741c2edfd9fc5c	Damaged %STRING0 %STRING1 {destroyed}.	受損的%STRING0 %STRING1已{摧毀}。	draft	目標159
GAME.TXT:@TIMECHANGE:0x00012E55	GAME.TXT	67a6b5e22d1addc1ae13658d0d7824622f6d21c6c2bfdefc91f9749450cc2e3a	0x00012E55	188	be5df883dd482fbbe5fcd85524e52bad9d1603b194e1bd336dbf4e1802142fbf	^^Colonization Help: Time Scale\n^\nIn 1600, the {time scale} changes from one turn per year to\n{two turns per year}.  Henceforth there will be a {Spring} and\na {Fall} turn in each year.	^^殖民帝國說明：時間尺度\n^\n1600年時，{時間尺度}會從每年一回合改為{每年兩回合}。此後每年將分為{春季}與{秋季}兩個回合。	draft	目標159；「Colonization Help: <主題>」為說明頁重複出現的標題樣板，本批次尚無先例可循，暫譯「殖民帝國說明：<主題>」，待其他批次一併核對是否統一。
GAME.TXT:@TEACHCONVERT:0x00012F32	GAME.TXT	67a6b5e22d1addc1ae13658d0d7824622f6d21c6c2bfdefc91f9749450cc2e3a	0x00012F32	45	aad126766882b8e1197b97c83da954821fc5bf44c52315a0661f95cbcc11cb23	Indian converts already know the Indian ways.	印地安歸順者早已熟悉印地安人的生活方式。	draft	目標159
GAME.TXT:@SOMEBOYCOTT:0x00012F7F	GAME.TXT	67a6b5e22d1addc1ae13658d0d7824622f6d21c6c2bfdefc91f9749450cc2e3a	0x00012F7F	162	05bb27ab91a48f9036b81a3719b7587bfe593b42a0a8886703ce56a0b8e91c8a	Some of the cargo could not be unloaded because of a parliamentary\nboycott.  If you want to ask that the boycott be lifted, click on\nthe cargo type in question.	部分貨物因國會的杯葛而無法卸下。如果你想要求解除杯葛，請點選相關的貨物種類。	draft	目標159
GAME.TXT:@KEEPSTOCKADE:0x00013040	GAME.TXT	67a6b5e22d1addc1ae13658d0d7824622f6d21c6c2bfdefc91f9749450cc2e3a	0x00013040	110	f958cb0431cf93dc21a52699b3e71a71c37616c0ad0f87394f133c1f5ec548da	We cannot voluntarily reduce below {three} the population of a colony\nthat has a stockade, fort, or fortress.	設有柵欄、堡壘或碉堡的殖民領地，人口不能主動減少到{三}人以下。	draft	目標159
GAME.TXT:@MORETHANTHREE:0x000130CE	GAME.TXT	67a6b5e22d1addc1ae13658d0d7824622f6d21c6c2bfdefc91f9749450cc2e3a	0x000130CE	80	97227694dbdbcb29215239c7455c428a4e2424ffded27e81aa82f8eabb01e901	We cannot put more than {three} colonists in any one building, Your\nExcellency.	閣下，任何一棟建築物最多只能容納{三}位殖民地居民。	draft	目標159
GAME.TXT:@LOOTWAGONS:0x0001313B	GAME.TXT	67a6b5e22d1addc1ae13658d0d7824622f6d21c6c2bfdefc91f9749450cc2e3a	0x0001313B	41	7748fc6db1339ac4f5ddc2cf6ad43c128dbde9ef49bd256b8ec93ee1fca7e15f	%STRING0 loot wagon trains near %STRING3!	%STRING0在%STRING3附近洗劫了貨車！	draft	目標159
GAME.TXT:@TUTNOLUMBER:0x00014E6A	GAME.TXT	67a6b5e22d1addc1ae13658d0d7824622f6d21c6c2bfdefc91f9749450cc2e3a	0x00014E6A	205	c830e10aa4ef67a8c9db2c9da6cbf092d0056c1ddabb0558e0e10067c3e955da	None of the spaces surrounding this square are forested, Your Excellency.\nA colony built here will have a hard time getting enough lumber to supply\nits carpenters.\n\nCancel action.\nBuild colony anyway.	閣下，這個方格周圍沒有森林地形，在這裡建立殖民領地將難以取得足夠的木材供應木匠使用。\n\n取消動作。\n仍然建立殖民領地。	draft	目標159
GAME.TXT:@TUTNOSPACES:0x00014F57	GAME.TXT	67a6b5e22d1addc1ae13658d0d7824622f6d21c6c2bfdefc91f9749450cc2e3a	0x00014F57	242	55294257438010fc60da36ec98e42167537122a2da5602bea5c188ce667eefb5	There are only a few productive squares adjacent to this square,\nYour Excellency.  A colony built here may have a lower potential\nfor growth than we hope.  Perhaps we should move on to a larger\narea?\n\nCancel action.\nBuild colony anyway.	閣下，這個方格周圍能生產資源的方格不多，在此建立殖民領地成長潛力恐怕不如預期。我們是否該另尋一片更廣闊的地區？\n\n取消動作。\n仍然建立殖民領地。	draft	目標159
GAME.TXT:@KINGLOSE:0x00015074	GAME.TXT	67a6b5e22d1addc1ae13658d0d7824622f6d21c6c2bfdefc91f9749450cc2e3a	0x00015074	209	4eb3ee629a2b9fde2d82717916bf933cfdf6d95b14256c75c1e1faf2a9658a2e	"In our wisdom, we have decided to let you go\nyour own way. We have far more importatnt\nmatters to deal with than you wretched\ncolonists. Do not seek our aid in the future,\nfor it will not be forthcoming."	「憑我們的睿智，決定讓你自行其是。我們有比你們這些卑微的殖民地居民更重要的事務要處理。往後不必再向我們求援，因為不會再有任何援助。」	draft	目標159
GAME.TXT:@KINGWIN:0x0001516E	GAME.TXT	67a6b5e22d1addc1ae13658d0d7824622f6d21c6c2bfdefc91f9749450cc2e3a	0x0001516E	144	ff93789fbfd0cd46a27134eff6a08947aa270a9044e9ae863cd51c384f0608f3	"As expected, your attempt to separate from\nmother %STRING0 has proven futile. Your\nRag Tag armies are simply no match for our\nRoyal forces."	「不出所料，你們想脫離母國%STRING0的企圖終究是白費力氣。你們那烏合之眾的軍隊，根本不是我們皇家軍隊的對手。」	draft	目標159
GAME.TXT:@DISBANDSHIP:0x0001521E	GAME.TXT	67a6b5e22d1addc1ae13658d0d7824622f6d21c6c2bfdefc91f9749450cc2e3a	0x0001521E	60	8e7f2e47f906c7831de1451775bf0c2660ef2b8bb8a5d6996c3a2d939c06afd3	We cannot disband a ship at sea while it is carrying\nunits.	船隻在海上載運單位時，不能解散。	draft	目標159
GAME.TXT:@NOMOREWAREHOUSE:0x0001527E	GAME.TXT	67a6b5e22d1addc1ae13658d0d7824622f6d21c6c2bfdefc91f9749450cc2e3a	0x0001527E	120	1e378c8ca77367057568b2fba1d22ebb429d49e9257dd123df36ed61078a267f	{%STRING0} is set to produce a {Warehouse Expansion},\nYour Excellency, but only {one} expansion is allowed\nper colony.	閣下，{%STRING0}已設定要建造{倉庫擴建}，但每座殖民領地只能有{一}次擴建。	draft	目標159
GAME.TXT:@NOMOREWAGONS:0x00015315	GAME.TXT	67a6b5e22d1addc1ae13658d0d7824622f6d21c6c2bfdefc91f9749450cc2e3a	0x00015315	149	19faa0c72b8d73230ebf1a1d865d1dbcd290eda07bafae9e99634c62de0aa39b	{%STRING0} is set to produce a {Wagon Train}, Your\nExcellency, but we are not allowed to have more\nwagon trains than we have colonies ({%NUMBER0}).	閣下，{%STRING0}已設定要建造{貨車}，但貨車數量不能超過我們擁有的殖民領地數（{%NUMBER0}）。	draft	目標159
LABELS.TXT:@INFO:0x000000D0	LABELS.TXT	e4af0da201eb4df5ecdc2033d711d30f975c752f2967dc97b6a8159004582204	0x000000D0	5	1d4d1bba797b5d997f0fff0b08418af4360f0634d000a30cc17a4348274819a3	With:	附帶：	draft	目標159；上下文不明，推測為船隻／貨車報表列出隨行貨物或人員的標籤，暫譯「附帶」，待畫面核對。
LABELS.TXT:@INFO:0x000000D7	LABELS.TXT	e4af0da201eb4df5ecdc2033d711d30f975c752f2967dc97b6a8159004582204	0x000000D7	5	1d4d1bba797b5d997f0fff0b08418af4360f0634d000a30cc17a4348274819a3	With:	附帶：	draft	目標159；同一字串在檔案中重複出現一次，譯文與上一筆一致。
LABELS.TXT:@MISC:0x000000E7	LABELS.TXT	e4af0da201eb4df5ecdc2033d711d30f975c752f2967dc97b6a8159004582204	0x000000E7	1	ca978112ca1bbdcafac231b39a23dc4da786eff8147c4e72b9807785afee48bb	a		omit	目標159；英文不定冠詞a，中文組句不需要對應詞；若遊戲以字串接合方式組出「a Caravel」之類敘述，中文可直接省略，暫留空待工程端確認拼接邏輯能否接受空字串。
LABELS.TXT:@MISC:0x000000EA	LABELS.TXT	e4af0da201eb4df5ecdc2033d711d30f975c752f2967dc97b6a8159004582204	0x000000EA	2	ea325d761f98c6b73320e442b67f2a3574d9924716d788ddc0dbbdcaca853fe7	an		omit	目標159；英文不定冠詞an，同上一筆說明，中文無需對應詞，暫留空。
LABELS.TXT:@MISC:0x000000FB	LABELS.TXT	e4af0da201eb4df5ecdc2033d711d30f975c752f2967dc97b6a8159004582204	0x000000FB	4	dc937b59892604f5a86ac96936cd7ff09e25f18ae6b758e8014a24c7fa039e91	None	無	draft	目標159
LABELS.TXT:@MISC:0x00000101	LABELS.TXT	e4af0da201eb4df5ecdc2033d711d30f975c752f2967dc97b6a8159004582204	0x00000101	6	8b317b0c50ee0926c73cc837c5892d7229648ff9e55d2c5608ce081dde377ee6	Expert	專家	draft	目標159；與定稿職業名「專家OO」字首用法一致（見terms.zh-Hant.tsv job類）。
LABELS.TXT:@MISC:0x00000109	LABELS.TXT	e4af0da201eb4df5ecdc2033d711d30f975c752f2967dc97b6a8159004582204	0x00000109	11	2c5cb34a1c9aeb851f897e7db55165479786ed823b02e3320872faa4563c7d74	Sailing For	航向	draft	目標159；推測為船隻狀態欄標籤（Sailing For <目的地>），實際畫面未核對。
LABELS.TXT:@MISC:0x00000124	LABELS.TXT	e4af0da201eb4df5ecdc2033d711d30f975c752f2967dc97b6a8159004582204	0x00000124	15	2d770865561f244099cf2f1a6568759d60d13873f6904c1d642a748bfb90d595	Now Arriving In	即將抵達	draft	目標159；同上，船隻狀態欄標籤，實際畫面未核對。
LABELS.TXT:@MISC:0x00000135	LABELS.TXT	e4af0da201eb4df5ecdc2033d711d30f975c752f2967dc97b6a8159004582204	0x00000135	8	1b093b43a09d511fb8551d338f345eb8aef49bbadb44e29be641d9300dce2157	Docks At	停靠於	draft	目標159；同上，船隻狀態欄標籤，實際畫面未核對。；不換：Docks At 是動詞「停靠」
LABELS.TXT:@MISC:0x0000013F	LABELS.TXT	e4af0da201eb4df5ecdc2033d711d30f975c752f2967dc97b6a8159004582204	0x0000013F	13	e0921eb76402e118b44e71ba3782e720fba5ad106cb57841e0b98e22a8d26bb8	Expected Soon	預計即將到達	draft	目標159；與「即將抵達」語意相近，是否為同一狀態的不同措辭待畫面核對。
LABELS.TXT:@MISC:0x0000014E	LABELS.TXT	e4af0da201eb4df5ecdc2033d711d30f975c752f2967dc97b6a8159004582204	0x0000014E	9	2fe406e7c456a5e10b203c680e41403b700f4f3681fc24a365ee6746a5713279	Bound For	前往	draft	目標159；船隻狀態欄標籤，實際畫面未核對。
LABELS.TXT:@MISC:0x00000159	LABELS.TXT	e4af0da201eb4df5ecdc2033d711d30f975c752f2967dc97b6a8159004582204	0x00000159	16	9257b2c3a4655ae2c496325d84d4e67b7b7071d461658e118ffdbcf2a301c947	No Ships In Port	港口內沒有船隻	draft	目標159
LABELS.TXT:@MISC:0x0000016B	LABELS.TXT	e4af0da201eb4df5ecdc2033d711d30f975c752f2967dc97b6a8159004582204	0x0000016B	16	6e0c75dd8c5130b7d8a453efbf2c212b15ec424f5fdb5eefb7653764decb1f68	Awaiting Passage	等待搭船	draft	目標159；推測為移民／單位在歐洲等待船運的狀態標籤，實際觸發畫面未核對。
LABELS.TXT:@MISC:0x0000017D	LABELS.TXT	e4af0da201eb4df5ecdc2033d711d30f975c752f2967dc97b6a8159004582204	0x0000017D	6	684ba91b7ccb98b22f1d47176f40ab8a01b0b22088459ee624426f6cbef349d6	(Cost:	（費用：	draft	目標159；原文只有左括號，對應右括號應在檔案其他位置（不在本批次內）；括號改用全形以符合標點規則，若畫面顯示需與半形右括號配對，需再改回半形。
LABELS.TXT:@MISC:0x00000188	LABELS.TXT	e4af0da201eb4df5ecdc2033d711d30f975c752f2967dc97b6a8159004582204	0x00000188	15	64fd9d5c0ff4fcb95a564e852e06edee33af15c332e8bb6d62d5f9d0e76dbb1d	Lost City Rumor	失落古城的謠言	draft	目標159；沿用terms.zh-Hant.tsv地形條目「Rumors of Lost Cities」譯名，確保與地形圖示一致。
LABELS.TXT:@MISC:0x0000019D	LABELS.TXT	e4af0da201eb4df5ecdc2033d711d30f975c752f2967dc97b6a8159004582204	0x0000019D	10	1ad2126e8b5fc267f170f8343e9aaafbb03e8fb8dd1af2ca41039f3e6bb24675	Wilderness	荒野	draft	目標159
LABELS.TXT:@MISC:0x000001A9	LABELS.TXT	e4af0da201eb4df5ecdc2033d711d30f975c752f2967dc97b6a8159004582204	0x000001A9	4	b6baff9358ddd8f760a539c3f4b36a3314876e86597f3465a3623b6be3f3cf29	Land	陸地	draft	目標159；與下一筆「of the」可能組成「Land of the <部落>」樣板字串，中文語序相反（應為「<部落>的土地」），逐字翻譯無法重排語序，需工程端評估樣板重組或另議。
LABELS.TXT:@MISC:0x000001AF	LABELS.TXT	e4af0da201eb4df5ecdc2033d711d30f975c752f2967dc97b6a8159004582204	0x000001AF	6	0dcb22b4cbdc1057622836a541f6bb0a09421bc280eabf51dbf2f1ef9f106824	of the	的	draft	目標159；英文樣板連接詞，見上一筆（Land）說明，與其接合恐造成中文語序顛倒，建議工程端確認能否改為可重排樣板。
LABELS.TXT:@MISC:0x00000205	LABELS.TXT	e4af0da201eb4df5ecdc2033d711d30f975c752f2967dc97b6a8159004582204	0x00000205	7	dc380888c4e2c7762212480ff86eb39150ec70b45009c33bc6adcbd0041384b1	Loading	裝載中	draft	目標159
LABELS.TXT:@MISC:0x0000020E	LABELS.TXT	e4af0da201eb4df5ecdc2033d711d30f975c752f2967dc97b6a8159004582204	0x0000020E	9	dfe7d1454d4c320712ce71818b54215d6af39639a36da570061f2ceee7961b3a	Unloading	卸載中	draft	目標159
LABELS.TXT:@MISC:0x00000219	LABELS.TXT	e4af0da201eb4df5ecdc2033d711d30f975c752f2967dc97b6a8159004582204	0x00000219	4	a44853642e540dd7777c7c1df36db4c3736a1375583eacf3d251f9ac9f7874d9	onto	至	draft	目標159；介係詞，推測用於「Loading X onto Y」樣板（裝載X至Y），實際接合順序未核對。
LABELS.TXT:@MISC:0x0000021F	LABELS.TXT	e4af0da201eb4df5ecdc2033d711d30f975c752f2967dc97b6a8159004582204	0x0000021F	2	582967534d0f909d196b97f9e6921342777aea87b46fa52df165389db1fb8ccf	in	於	draft	目標159；介係詞，獨立字串脫離句子語境，實際用途未核對。
LABELS.TXT:@MISC:0x00000223	LABELS.TXT	e4af0da201eb4df5ecdc2033d711d30f975c752f2967dc97b6a8159004582204	0x00000223	7	e6b85bfbf55020aab80a2fc74cc83aa428a2290c9153ffbd23bdb86befd1def7	Mission	傳教所	draft	目標159；依terms.zh-Hant.tsv concept類Mission譯名。
LABELS.TXT:@MISC:0x0000022C	LABELS.TXT	e4af0da201eb4df5ecdc2033d711d30f975c752f2967dc97b6a8159004582204	0x0000022C	8	93ffb8ce98c75447c13e7fb1f2028e7edb262f14d62531fd3315a2cf4adb3e7f	Missions	傳教所	draft	目標159；複數形，中文不需另外標示複數，與單數Mission譯文相同。
LABELS.TXT:@MISC:0x00000267	LABELS.TXT	e4af0da201eb4df5ecdc2033d711d30f975c752f2967dc97b6a8159004582204	0x00000267	4	a22e0b1fc3ccad47072c7299527d17f26f000a721e9ec6ac42b55f035ea7784b	Road	道路	draft	目標159；依terms.zh-Hant.tsv terrain類Road譯名。
LABELS.TXT:@MISC:0x0000026D	LABELS.TXT	e4af0da201eb4df5ecdc2033d711d30f975c752f2967dc97b6a8159004582204	0x0000026D	7	67e1bca0889ba21ce995cb2e05f0a0f19aad003a39ddcd8a336eaadb9c8a1b4f	Nothing	沒有	draft	目標159；與同批次「None」（無）區分用詞，實際觸發語境未核對。
LABELS.TXT:@MISC:0x00000276	LABELS.TXT	e4af0da201eb4df5ecdc2033d711d30f975c752f2967dc97b6a8159004582204	0x00000276	4	f905b19542ed08c9a9c26543cca32e5711d207dcffb81b4cdb44ce0b989431c9	only	僅	draft	目標159；副詞，獨立字串，實際接合語境未核對。
LABELS.TXT:@MISC:0x0000027C	LABELS.TXT	e4af0da201eb4df5ecdc2033d711d30f975c752f2967dc97b6a8159004582204	0x0000027C	14	16d7bcbf0deac4236996b22093d12abc65b9383bc547cac2caaf12225d87c782	Continue turn.	繼續本回合。	draft	目標159
LABELS.TXT:@MISC:0x0000028C	LABELS.TXT	e4af0da201eb4df5ecdc2033d711d30f975c752f2967dc97b6a8159004582204	0x0000028C	15	d560c6402f859603b2eaf8e32dcca3032ba4afb3d423807b748de7f4896070b3	Zoom to colony.	跳至殖民領地。	draft	目標159
LABELS.TXT:@MISC:0x0000029D	LABELS.TXT	e4af0da201eb4df5ecdc2033d711d30f975c752f2967dc97b6a8159004582204	0x0000029D	3	b344d80e24a3679999fa964450b34bc24d1578a35509f934c1418b0a20d21a67	The		omit	目標159；英文定冠詞The，置於句首標示特定名詞，中文語句不需要對應詞，暫留空，待工程端確認拼接後畫面是否留下多餘空白。
LABELS.TXT:@MISC:0x000002A2	LABELS.TXT	e4af0da201eb4df5ecdc2033d711d30f975c752f2967dc97b6a8159004582204	0x000002A2	31	84760f906c333c1651519f83384b7a8a56aba23d4a0f1228e02db544f4dc632e	CONTINENTAL CONGRESS ACTIVITIES	大陸議會活動	draft	目標159；依terms.zh-Hant.tsv concept類Continental Congress譯名。
LABELS.TXT:@MISC:0x000002C3	LABELS.TXT	e4af0da201eb4df5ecdc2033d711d30f975c752f2967dc97b6a8159004582204	0x000002C3	13	334e7aa51a512ee3000f58fa20d7fdfebeca53336a7f8991d38c18f8aae3efbe	Now debating:	現正討論：	draft	目標159
LABELS.TXT:@MISC:0x000002D2	LABELS.TXT	e4af0da201eb4df5ecdc2033d711d30f975c752f2967dc97b6a8159004582204	0x000002D2	10	30b5f339a2c3ae78c3f93e5ef2cd15f6d14eeb6590870b487f6d3579ade1440f	Alarmed by	警戒起因：	draft	目標159；獨立字串脫離句子語境，推測為「因某事而升高警戒」的連接語，實際接合語境未核對，譯文暫用名詞化處理。
LABELS.TXT:@MISC:0x000002DE	LABELS.TXT	e4af0da201eb4df5ecdc2033d711d30f975c752f2967dc97b6a8159004582204	0x000002DE	4	52082793941524bee85d52f510584860a7065e728d2e47b3b5df8f934f4fc410	Lake	湖	draft	目標159；依terms.zh-Hant.tsv terrain類Lake譯名。
LABELS.TXT:@MISC:0x000002E4	LABELS.TXT	e4af0da201eb4df5ecdc2033d711d30f975c752f2967dc97b6a8159004582204	0x000002E4	6	fbb101f215ca1204a64f244d7fed497fd7afb2df7948e31e44d066a2db12aee5	wagons	貨車	draft	目標159；依terms.zh-Hant.tsv unit類Wagon Train譯名。
LABELS.TXT:@MISC:0x000002EC	LABELS.TXT	e4af0da201eb4df5ecdc2033d711d30f975c752f2967dc97b6a8159004582204	0x000002EC	5	3b97260d76d3d7dfa0c66ca08ec5ac15c5ffaa595e654e3deb1b70565ed25b9c	holds	載有	draft	目標159
LABELS.TXT:@MISC:0x000002F3	LABELS.TXT	e4af0da201eb4df5ecdc2033d711d30f975c752f2967dc97b6a8159004582204	0x000002F3	8	143f0330d2de85b96398c5d349eccda032850dbef0de49866284b815c624aede	Requires	需要	draft	目標159
LABELS.TXT:@MISC:0x000002FD	LABELS.TXT	e4af0da201eb4df5ecdc2033d711d30f975c752f2967dc97b6a8159004582204	0x000002FD	17	3962a0159d58088389ecd4d4e1b3c4017d1e72c3db440e477d51781b8c6db43c	(CLEAR SPECIALTY)	（清除專長）	draft	目標159；依terms.zh-Hant.tsv concept類Specialty=專長。
LABELS.TXT:@MISC:0x00000310	LABELS.TXT	e4af0da201eb4df5ecdc2033d711d30f975c752f2967dc97b6a8159004582204	0x00000310	11	39c155d75485607f6fc12729ecd17c0e608214124bd6763f31f779a136d769ab	Horse Herds	馬群	draft	目標159；說明書未見對應詞，依terms.zh-Hant.tsv goods類Horses=馬推得，實際遊戲用途（培育野馬條件）未核對。
LABELS.TXT:@MISC:0x0000031D	LABELS.TXT	e4af0da201eb4df5ecdc2033d711d30f975c752f2967dc97b6a8159004582204	0x0000031D	2	565339bc4d33d72817b583024112eb7f5cdf3e5eef0252d6ec1b9c9a94e12bb3	OK	確定	draft	目標159
LABELS.TXT:@MISC:0x00000321	LABELS.TXT	e4af0da201eb4df5ecdc2033d711d30f975c752f2967dc97b6a8159004582204	0x00000321	5	401045dc4f861002c2494449ee92a7063f34aa49e4708ea6e3231b14d5d7b579	sells	賣出	draft	目標159
LABELS.TXT:@MISC:0x00000328	LABELS.TXT	e4af0da201eb4df5ecdc2033d711d30f975c752f2967dc97b6a8159004582204	0x00000328	3	10c22bcf4c768b515be4e94bcafc71bf3e8fb5f70b2584bcc8c7533217f2e7f9	for	以	draft	目標159；介係詞，推測用於「sells for $X」樣板（賣出⋯以⋯價格），實際接合語境未核對。
LABELS.TXT:@MISC:0x00000389	LABELS.TXT	e4af0da201eb4df5ecdc2033d711d30f975c752f2967dc97b6a8159004582204	0x00000389	21	f9a5789f28f3dfa03a226c4a4f29dda0e1830b6eb4050991a94d26c285139fc2	Off Mapboard (Europe)	地圖外（歐洲）	draft	目標159
LABELS.TXT:@MISC:0x000003A0	LABELS.TXT	e4af0da201eb4df5ecdc2033d711d30f975c752f2967dc97b6a8159004582204	0x000003A0	11	dc065928098196352524e7128b431473b385880c53a7e7b35c6ded4ea8e444ca	On Mapboard	地圖上	draft	目標159
LABELS.TXT:@MISC:0x000003AD	LABELS.TXT	e4af0da201eb4df5ecdc2033d711d30f975c752f2967dc97b6a8159004582204	0x000003AD	11	2f8954d9190f78562123cf3fbe286f8f045b5040e8c053dd34b65ad2f5dbe99d	In Colonies	殖民領地內	draft	目標159
LABELS.TXT:@MISC:0x000003BA	LABELS.TXT	e4af0da201eb4df5ecdc2033d711d30f975c752f2967dc97b6a8159004582204	0x000003BA	23	c7c7d9db5b015deed8cd2d3e7cc4e4cf7133d5949816e53538e4d010d9f58765	(Click on item to zoom)	（點選項目以跳轉檢視）	draft	目標159
LABELS.TXT:@MISC:0x000003D3	LABELS.TXT	e4af0da201eb4df5ecdc2033d711d30f975c752f2967dc97b6a8159004582204	0x000003D3	1	86be9a55762d316a3026c2836d044f5fc76e34da10e1b45feee5f18be7edb177	K	K	draft	目標159；千位金額縮寫，沿用英文慣用縮寫，未另創中文對應字。
LABELS.TXT:@MISC:0x000003D6	LABELS.TXT	e4af0da201eb4df5ecdc2033d711d30f975c752f2967dc97b6a8159004582204	0x000003D6	4	83579008b3b4b0e9a1ebce0adb2e325aab1758aa7fc7f1b1079d0a98c71a3a1a	Tons	噸	draft	目標159
LABELS.TXT:@MISC:0x000003DC	LABELS.TXT	e4af0da201eb4df5ecdc2033d711d30f975c752f2967dc97b6a8159004582204	0x000003DC	4	6249df4367d0a2e088c8eb1117ef59430f0d7dad4bf0fcf8a01d7f0415f4d511	Gold	黃金	draft	目標159
LABELS.TXT:@MISC:0x000003E2	LABELS.TXT	e4af0da201eb4df5ecdc2033d711d30f975c752f2967dc97b6a8159004582204	0x000003E2	9	98db6f140a67f8bc1e80ffb19ff7b799476975e77a5451018bf0204dd1f58ef1	High Seas	公海	draft	目標159；依terms.zh-Hant.tsv terrain類High Seas譯名。
LABELS.TXT:@MISC:0x000003ED	LABELS.TXT	e4af0da201eb4df5ecdc2033d711d30f975c752f2967dc97b6a8159004582204	0x000003ED	4	40970cf7b5e2e4deffe19b3447affc897de1f9ee34b8a391cf6975be024e2ed1	Ship	船隻	draft	目標159
LABELS.TXT:@MISC:0x000003F3	LABELS.TXT	e4af0da201eb4df5ecdc2033d711d30f975c752f2967dc97b6a8159004582204	0x000003F3	5	fc09b38f353554beeef038d73180be678b144384d1a137b3f84b9650b3de04c1	Cargo	貨物	draft	目標159
LABELS.TXT:@MISC:0x000003FA	LABELS.TXT	e4af0da201eb4df5ecdc2033d711d30f975c752f2967dc97b6a8159004582204	0x000003FA	8	15b61974b2707a7b3d4201385e0f01f4ff5eb1f17c5639d98788ee5add2025cd	Location	位置	draft	目標159
LABELS.TXT:@MISC:0x00000404	LABELS.TXT	e4af0da201eb4df5ecdc2033d711d30f975c752f2967dc97b6a8159004582204	0x00000404	11	293d404a500f5f9a149916d810ff4f4231bd5d6ecd25eb0f55a867e2095eca48	Destination	目的地	draft	目標159
LABELS.TXT:@MISC:0x0000041A	LABELS.TXT	e4af0da201eb4df5ecdc2033d711d30f975c752f2967dc97b6a8159004582204	0x0000041A	8	dad61913b18d2c1603c3ddee07c8c99e768d9ab2dc2ed59af0304f3c24838a9f	Seasoned	資深	draft	目標159；單字標籤，語境未見完整句子；沿用術語表 Seasoned Scout=資深斥候 的字根
LABELS.TXT:@MISC:0x00000424	LABELS.TXT	e4af0da201eb4df5ecdc2033d711d30f975c752f2967dc97b6a8159004582204	0x00000424	7	04b2612f6be2d11987d5f8d25a5509cdea5f2149749057c9a254c6f50c2bb809	Learned	博學	draft	目標159；單字標籤，語境不明，術語表無對應詞條，依字面「博學」暫譯
LABELS.TXT:@MISC:0x0000042D	LABELS.TXT	e4af0da201eb4df5ecdc2033d711d30f975c752f2967dc97b6a8159004582204	0x0000042D	4	9cbc440ae316798596671ee94b764c09ab468d8d05ffaf6b8e461554b128cbd7	Ask:	開價：	draft	目標159；推測為交易開價輸入欄位標籤，與同批 Ask Price／Asking 呼應，語境未核對
LABELS.TXT:@MISC:0x00000433	LABELS.TXT	e4af0da201eb4df5ecdc2033d711d30f975c752f2967dc97b6a8159004582204	0x00000433	5	658ad12b3a22ae0ba1433d35db3b948b417ac0efb75303b30e120c0ec8a26d1c	Rebel	叛軍	draft	目標159
LABELS.TXT:@MISC:0x0000043A	LABELS.TXT	e4af0da201eb4df5ecdc2033d711d30f975c752f2967dc97b6a8159004582204	0x0000043A	4	aee5f48a9e582bc1335c907d52cc2bb7508f456775b6f2d2a3342a4422886d21	Tory	保皇黨	draft	目標159
LABELS.TXT:@MISC:0x00000440	LABELS.TXT	e4af0da201eb4df5ecdc2033d711d30f975c752f2967dc97b6a8159004582204	0x00000440	9	7eb8bfc6b69fd04e16dba202b83848d351735165c827ec85bde7d26336b6f54f	Sentiment	情緒	draft	目標159；推測為與 Rebel／Tory 並列的欄位標題；既有譯稿「反叛情緒」「保皇黨情結」用字不一致，此處取通用「情緒」
LABELS.TXT:@MISC:0x0000044B	LABELS.TXT	e4af0da201eb4df5ecdc2033d711d30f975c752f2967dc97b6a8159004582204	0x0000044B	17	494e13e312cc7a7fa6bbc53ba05a2bf8e84b54e73bc85038c554051adb10b44d	King's Popularity	國王聲望	draft	目標159
LABELS.TXT:@MISC:0x0000045E	LABELS.TXT	e4af0da201eb4df5ecdc2033d711d30f975c752f2967dc97b6a8159004582204	0x0000045E	6	5fff5b4eec6c48b6a82dbaadf38a0735e57ba6a1d6ee5672af4accbf100727e8	defeat	敗仗	draft	目標159；推測為戰報中計數用名詞（單數），與 defeats 對應；中文不分單複數
LABELS.TXT:@MISC:0x00000466	LABELS.TXT	e4af0da201eb4df5ecdc2033d711d30f975c752f2967dc97b6a8159004582204	0x00000466	7	0ed2c3dee9b4eae591f0796e9dbddad5d16813e3b340ac318f534cdaad60b48f	defeats	敗仗	draft	目標159；推測為戰報中計數用名詞（複數），中文與單數 defeat 同譯
LABELS.TXT:@MISC:0x00000480	LABELS.TXT	e4af0da201eb4df5ecdc2033d711d30f975c752f2967dc97b6a8159004582204	0x00000480	7	c83bec1f02849a09edc642f2d4226774435f1233abc8b85f7d559ba9d022f570	Fatigue	疲勞	draft	目標159
LABELS.TXT:@MISC:0x00000489	LABELS.TXT	e4af0da201eb4df5ecdc2033d711d30f975c752f2967dc97b6a8159004582204	0x00000489	12	635b62c657d776dfed00c6e20a9619d494ec826873c3f0a3c7410fe4811f0d93	Attack Bonus	攻擊加成	draft	目標159
LABELS.TXT:@MISC:0x00000497	LABELS.TXT	e4af0da201eb4df5ecdc2033d711d30f975c752f2967dc97b6a8159004582204	0x00000497	6	a29c74269a8c224dc302f1e9140f2d3147828dfd130f6b79698cee3ba9fb17e6	Ambush	伏襲	draft	目標159
LABELS.TXT:@MISC:0x0000049F	LABELS.TXT	e4af0da201eb4df5ecdc2033d711d30f975c752f2967dc97b6a8159004582204	0x0000049F	7	5dd6e0396c9df27d3535f32afe0049cfbe0108aefcd2b5bbd745ed5170f7aa6e	Terrain	地形	draft	目標159
LABELS.TXT:@MISC:0x000004A8	LABELS.TXT	e4af0da201eb4df5ecdc2033d711d30f975c752f2967dc97b6a8159004582204	0x000004A8	6	618bc9d1d9538f9cb8b58d0f515e6a57375eed6ec772292cbccd24730804dd42	Colony	殖民領地	draft	目標159
LABELS.TXT:@MISC:0x000004B0	LABELS.TXT	e4af0da201eb4df5ecdc2033d711d30f975c752f2967dc97b6a8159004582204	0x000004B0	9	12331c49043047eeceac86c03c060a96fd407e75016583c949def1b01d415ce4	Fortified	設防	draft	目標159；沿用百科 PEDIA.TXT:@UNIT11「fortified units」譯作「設防單位」的字根
LABELS.TXT:@MISC:0x000004BB	LABELS.TXT	e4af0da201eb4df5ecdc2033d711d30f975c752f2967dc97b6a8159004582204	0x000004BB	11	751167e3826b2c33f4b6554e689dd94b878b8c9accdc44612edf47a9d95768f4	Spain Bonus	西班牙加成	draft	目標159
LABELS.TXT:@MISC:0x000004C8	LABELS.TXT	e4af0da201eb4df5ecdc2033d711d30f975c752f2967dc97b6a8159004582204	0x000004C8	6	25a08b16911013ef8e62995333a36fd96164a52d9b1accfae42fc206ded55542	Plowed	已犁地	draft	目標159；推測為地塊狀態形容詞，與同批動作標籤 Plow（犁地）對應
LABELS.TXT:@MISC:0x000004D0	LABELS.TXT	e4af0da201eb4df5ecdc2033d711d30f975c752f2967dc97b6a8159004582204	0x000004D0	17	f45f366bdaeaac1a6ef7341cd8f1610ea2565ff4858831d5affb4e4e6c00d58d	Artillery In Open	曠野砲台	draft	目標159；推測為戰鬥加成報告中「砲台在無掩護地形」的簡稱欄位
LABELS.TXT:@MISC:0x000004E3	LABELS.TXT	e4af0da201eb4df5ecdc2033d711d30f975c752f2967dc97b6a8159004582204	0x000004E3	19	3141a225196899738fc648d929e52634481b5538f115194eef415f7276840b36	Expeditionary Force	遠征軍	draft	目標159；沿用術語表 Royal Expeditionary Force=皇家遠征軍 的字根
LABELS.TXT:@MISC:0x000004F8	LABELS.TXT	e4af0da201eb4df5ecdc2033d711d30f975c752f2967dc97b6a8159004582204	0x000004F8	6	f0fed7e963cebc7c60c132a53e7c65b749e4e3ee2a038fc83105b992ef2c4ff9	Rebels	叛軍	draft	目標159
LABELS.TXT:@MISC:0x00000500	LABELS.TXT	e4af0da201eb4df5ecdc2033d711d30f975c752f2967dc97b6a8159004582204	0x00000500	6	c7929a00a2c66e63c2cad2e226b94ff247bc6c216a62aa781b22b101ac612eca	Tories	保皇黨	draft	目標159
LABELS.TXT:@MISC:0x00000508	LABELS.TXT	e4af0da201eb4df5ecdc2033d711d30f975c752f2967dc97b6a8159004582204	0x00000508	7	5b7733e5d68d13e68180827b50e0ff7557e22b2c480462037f09df80eda5d22f	Matters	事務	draft	目標159；單字標籤，語境不明，依字面暫譯
LABELS.TXT:@MISC:0x00000511	LABELS.TXT	e4af0da201eb4df5ecdc2033d711d30f975c752f2967dc97b6a8159004582204	0x00000511	16	3b0706b536b385770a77ca928a8c47b77fd0acade8e0b7ca6f6969735f913bf0	Founding Fathers	建國之父	draft	目標159；沿用術語表 Founding Father 定稿，中文不分單複數
LABELS.TXT:@MISC:0x00000523	LABELS.TXT	e4af0da201eb4df5ecdc2033d711d30f975c752f2967dc97b6a8159004582204	0x00000523	5	6aed8812d68d8790c6287f71c0ca63468d126fa14d28b57ae5c13e5545c36224	Drake	德雷克	draft	目標159；沿用術語表 Francis Drake=法蘭西斯德雷克 的姓氏字根
LABELS.TXT:@MISC:0x0000052A	LABELS.TXT	e4af0da201eb4df5ecdc2033d711d30f975c752f2967dc97b6a8159004582204	0x0000052A	17	f25085aca36f147d4cfc9b32f9883de8f0a658338553259cd67f944cbab34627	(Building Upkeep)	（建築維護費）	draft	目標159
LABELS.TXT:@MISC:0x0000053D	LABELS.TXT	e4af0da201eb4df5ecdc2033d711d30f975c752f2967dc97b6a8159004582204	0x0000053D	12	8ff4507b6cd5a1945aa5699c5089a031f919323bcd20ac28c3258b9d9f92e3f2	TOTAL UPKEEP	總維護費	draft	目標159
LABELS.TXT:@MISC:0x0000054B	LABELS.TXT	e4af0da201eb4df5ecdc2033d711d30f975c752f2967dc97b6a8159004582204	0x0000054B	22	1869cf30903b39ac8aef25141c75926c2383293ea54cf72d8f395ac3aeb46100	FOREIGN AFFAIRS REPORT	外交事務報告	draft	目標159；沿用 PEDIA.TXT:@FATHER4 譯稿「外交事務報告」
LABELS.TXT:@MISC:0x00000563	LABELS.TXT	e4af0da201eb4df5ecdc2033d711d30f975c752f2967dc97b6a8159004582204	0x00000563	2	edc00d4db80ddc3e91783b63ae5fbcdfd204de983c650e9587785a40271c8f3c	's	的	draft	目標159；推測為「{國家}'s Colonies」等所有格片段，與前後字串組合時可能需要人工複核語序
LABELS.TXT:@MISC:0x00000567	LABELS.TXT	e4af0da201eb4df5ecdc2033d711d30f975c752f2967dc97b6a8159004582204	0x00000567	8	9bc959b595cd1880c94c62a6afa8c14c8b2e269a3d223b57208686dcd3b4ca5f	Colonies	殖民領地	draft	目標159；沿用術語表 Colony 定稿，中文不分單複數
LABELS.TXT:@MISC:0x00000571	LABELS.TXT	e4af0da201eb4df5ecdc2033d711d30f975c752f2967dc97b6a8159004582204	0x00000571	10	5b828861aec15d606e690189228b9b0f3af3d1a6048ea5f730935b02a746b699	Population	人口	draft	目標159
LABELS.TXT:@MISC:0x0000057D	LABELS.TXT	e4af0da201eb4df5ecdc2033d711d30f975c752f2967dc97b6a8159004582204	0x0000057D	14	43e74ee16b56e790317dddff45e5e407911d004f8cd775b26275050947fb73c6	Average Colony	平均殖民領地	draft	目標159；推測為外交事務報告中「平均殖民領地規模」欄位標題
LABELS.TXT:@MISC:0x0000058D	LABELS.TXT	e4af0da201eb4df5ecdc2033d711d30f975c752f2967dc97b6a8159004582204	0x0000058D	14	290b3dac591a30963019efa67f72882b37de82fef287d5da501cca6b73e11388	Military Power	軍事力量	draft	目標159
LABELS.TXT:@MISC:0x0000059D	LABELS.TXT	e4af0da201eb4df5ecdc2033d711d30f975c752f2967dc97b6a8159004582204	0x0000059D	11	618cb953d5d3b640f675604e4298a10d4743b4ec9d4f6dd9484f0bb4c29a6f38	Naval Power	海軍力量	draft	目標159
LABELS.TXT:@MISC:0x000005AA	LABELS.TXT	e4af0da201eb4df5ecdc2033d711d30f975c752f2967dc97b6a8159004582204	0x000005AA	15	d3c1e346e78c24352a666b0a15c4ad15d0751da65f87f398a7f7b663e3032f2e	Merchant Marine	商船隊	draft	目標159
LABELS.TXT:@MISC:0x000005BB	LABELS.TXT	e4af0da201eb4df5ecdc2033d711d30f975c752f2967dc97b6a8159004582204	0x000005BB	3	be8816dbd8b8aa53557ba5f25f5295b1ce2cf829d42d9256024b0698e7654f0d	War	戰爭	draft	目標159
LABELS.TXT:@MISC:0x000005C0	LABELS.TXT	e4af0da201eb4df5ecdc2033d711d30f975c752f2967dc97b6a8159004582204	0x000005C0	5	9faf7e5a6d8c908b34cd8f48def377b9716a63e8df1bdcdff75a70e0334dd84a	Peace	和平	draft	目標159
LABELS.TXT:@MISC:0x000005C7	LABELS.TXT	e4af0da201eb4df5ecdc2033d711d30f975c752f2967dc97b6a8159004582204	0x000005C7	7	8718bb0af9e784718b3d0dc1d56b2d438ff71db99d15386d7eefc038608ffe4b	Adviser	顧問	draft	目標159
LABELS.TXT:@MISC:0x000005D0	LABELS.TXT	e4af0da201eb4df5ecdc2033d711d30f975c752f2967dc97b6a8159004582204	0x000005D0	7	ef930c7eff9aca45fbf6fc8a229af53b46b1d27240ca97c025cd2d370179716e	Bombard	砲轟	draft	目標159；沿用術語表 Bombardment=砲轟 的字根，作為單位命令標籤
LABELS.TXT:@MISC:0x000005D9	LABELS.TXT	e4af0da201eb4df5ecdc2033d711d30f975c752f2967dc97b6a8159004582204	0x000005D9	8	e8f681672ab04c121d501de3642682939e3b165f0f1d877cdf89f0c35cb08895	+ More +	+更多+	draft	目標159
LABELS.TXT:@MISC:0x000005E3	LABELS.TXT	e4af0da201eb4df5ecdc2033d711d30f975c752f2967dc97b6a8159004582204	0x000005E3	3	6201111b83a0cb5b0922cb37cc442b9a40e24e3b1ce100a4bb204f4c63fd2ac0	and	和	draft	目標159；單字連接詞，語境不明
LABELS.TXT:@MISC:0x000005E8	LABELS.TXT	e4af0da201eb4df5ecdc2033d711d30f975c752f2967dc97b6a8159004582204	0x000005E8	4	84ccdf8a849ffbc98d3a8a4bfb0999eda9254015f75a1c6cc7f68338d61c00b0	past	過去的	draft	目標159；單字標籤，語境不明，可能與同批 prior nations 相關，未核對
LABELS.TXT:@MISC:0x000005EE	LABELS.TXT	e4af0da201eb4df5ecdc2033d711d30f975c752f2967dc97b6a8159004582204	0x000005EE	28	1443d96999facad50995d06ba78dd85415abb9dbdb8b7c9014cff6b69cf1b47c	ENCYCLOPEDIA OF COLONIZATION	殖民帝國百科全書	draft	目標159；沿用選單 ~COLONIZOPEDIA=殖民百科 的「殖民帝國」全名
LABELS.TXT:@MISC:0x0000060C	LABELS.TXT	e4af0da201eb4df5ecdc2033d711d30f975c752f2967dc97b6a8159004582204	0x0000060C	6	cd9064d2e1b473850055341f303dc2d1a661a2d564f76e0e3dcce963392f55c9	(More)	（更多）	draft	目標159
LABELS.TXT:@MISC:0x00000614	LABELS.TXT	e4af0da201eb4df5ecdc2033d711d30f975c752f2967dc97b6a8159004582204	0x00000614	6	03ec19764e6cf8ccbd3bada8bd853cef39dc0b7c180110cb587dd8ba16e4b653	(Exit)	（離開）	draft	目標159
LABELS.TXT:@MISC:0x0000061C	LABELS.TXT	e4af0da201eb4df5ecdc2033d711d30f975c752f2967dc97b6a8159004582204	0x0000061C	18	5246dab78c9b8b64d6e794e45f4fb19e2c4955ea922e0402e015456992174c07	Intervention Force	干預軍	draft	目標159
LABELS.TXT:@MISC:0x00000630	LABELS.TXT	e4af0da201eb4df5ecdc2033d711d30f975c752f2967dc97b6a8159004582204	0x00000630	33	6954d72aac3d4bbbf9c1734edeb7bfc3098b9f395bf999c2194d5bb875ef2a6d	Next Continental Congress Session	下次大陸議會會期	draft	目標159；沿用術語表 Continental Congress=大陸議會 的字根
LABELS.TXT:@MISC:0x00000653	LABELS.TXT	e4af0da201eb4df5ecdc2033d711d30f975c752f2967dc97b6a8159004582204	0x00000653	12	0fae05716cbe1775a3b15994d1b484317a2a5533f49f87f96caf6fd91dcff84e	Intervention	干預	draft	目標159；沿用同批 Intervention Force 的字根
LABELS.TXT:@MISC:0x00000661	LABELS.TXT	e4af0da201eb4df5ecdc2033d711d30f975c752f2967dc97b6a8159004582204	0x00000661	18	c58d5348a71f7066697d5b2b3988bd1705f8e0eeabba31b083bbb4ec99065e70	COLONIZATION SCORE	殖民帝國分數	draft	目標159
LABELS.TXT:@MISC:0x00000675	LABELS.TXT	e4af0da201eb4df5ecdc2033d711d30f975c752f2967dc97b6a8159004582204	0x00000675	8	d811773d380530f45e7fd55862c9d35c1db56b0874770dda53c377eb6db05d8f	Citizens	公民	draft	目標159
LABELS.TXT:@MISC:0x0000067F	LABELS.TXT	e4af0da201eb4df5ecdc2033d711d30f975c752f2967dc97b6a8159004582204	0x0000067F	12	6a1cfdf599246310c6ef8215cee09c5314eab56db0b4c5a2601cf250cba26110	Independence	獨立	draft	目標159
LABELS.TXT:@MISC:0x0000068D	LABELS.TXT	e4af0da201eb4df5ecdc2033d711d30f975c752f2967dc97b6a8159004582204	0x0000068D	15	de67838bdd7e6f0597d96a3fb4c9563b60052050361fab51df700dec48ae2f38	Villages Burned	焚毀的村莊	draft	目標159；沿用術語表 Village=村莊 的字根
LABELS.TXT:@MISC:0x0000069E	LABELS.TXT	e4af0da201eb4df5ecdc2033d711d30f975c752f2967dc97b6a8159004582204	0x0000069E	8	dc56dd2687a38aaf835acc8b068f24b5190fcf730084821beea7688d3a0fab13	Declared	已宣告	draft	目標159；推測與 Independence 並列，表示「已宣告獨立」的狀態欄位
LABELS.TXT:@MISC:0x000006A8	LABELS.TXT	e4af0da201eb4df5ecdc2033d711d30f975c752f2967dc97b6a8159004582204	0x000006A8	8	f6c90c7cd91411e7fcc4425a8161dfe9d4e50f1ec9e3cac8f78bc9079249e36d	Achieved	已達成	draft	目標159；推測與 Independence 並列，表示「已達成獨立」的狀態欄位
LABELS.TXT:@MISC:0x000006B2	LABELS.TXT	e4af0da201eb4df5ecdc2033d711d30f975c752f2967dc97b6a8159004582204	0x000006B2	19	83f4cc127b879451adfbf2b494bc89c8f2b6f065544d9f081e8d121567f854f6	Foreign Recognition	外國承認	draft	目標159
LABELS.TXT:@MISC:0x000006C7	LABELS.TXT	e4af0da201eb4df5ecdc2033d711d30f975c752f2967dc97b6a8159004582204	0x000006C7	11	58ef86b814ef71f27833e2322af794194a07734d4abba6cad85192a3f60cc7db	Total Score	總分	draft	目標159
LABELS.TXT:@MISC:0x000006D4	LABELS.TXT	e4af0da201eb4df5ecdc2033d711d30f975c752f2967dc97b6a8159004582204	0x000006D4	5	109d6f455ed8c31a49197e9d1ca5241f95e8e593dc23412ef206aa9d07563b5a	Trees	樹木	draft	目標159
LABELS.TXT:@MISC:0x000006DB	LABELS.TXT	e4af0da201eb4df5ecdc2033d711d30f975c752f2967dc97b6a8159004582204	0x000006DB	16	c7948ac90b5a3dd6318429f1fc2e5268ca395808d706a4ef00ceed71d529e911	(Outside Colony)	（殖民領地外）	draft	目標159
LABELS.TXT:@MISC:0x000006ED	LABELS.TXT	e4af0da201eb4df5ecdc2033d711d30f975c752f2967dc97b6a8159004582204	0x000006ED	6	744700ab932b556184b32b0bb56f91c3b63fb79a0f4c8b2a9ec7f5bf25a08d16	Asking	開價	draft	目標159；推測為交易議價狀態標籤，與 Ask Price 對應
LABELS.TXT:@MISC:0x000006F5	LABELS.TXT	e4af0da201eb4df5ecdc2033d711d30f975c752f2967dc97b6a8159004582204	0x000006F5	7	b8d1b9111cf31738efe986f7eb18e96170250f0bfe741ff7088cba245a2b2b4d	Bidding	出價	draft	目標159；推測為交易議價狀態標籤，與 Bid Price 對應
LABELS.TXT:@MISC:0x000006FE	LABELS.TXT	e4af0da201eb4df5ecdc2033d711d30f975c752f2967dc97b6a8159004582204	0x000006FE	16	3864d04aa0dd0b1ada073a160c599fb5126ea7028c09786ccb36bf8f322e95ad	SCORING COMPLETE	計分完成	draft	目標159
LABELS.TXT:@MISC:0x00000710	LABELS.TXT	e4af0da201eb4df5ecdc2033d711d30f975c752f2967dc97b6a8159004582204	0x00000710	8	894981ff0205d540b0d3ce075782cc12e0d5fb559f98c625e2ffec22540120e8	COMPLETE	完成	draft	目標159；單字標籤，可能為進度條或百分比後綴，語境不明
LABELS.TXT:@MISC:0x0000071A	LABELS.TXT	e4af0da201eb4df5ecdc2033d711d30f975c752f2967dc97b6a8159004582204	0x0000071A	10	60bcd66d2721e845f659f54dd8c43cbd1056d1ff3c69e4fbaa4907b30330dbb3	arrives in	抵達於	draft	目標159；推測為「船隻於 N 回合後抵達」句型片段，與其他字串組合時語序未核對
LABELS.TXT:@MISC:0x00000726	LABELS.TXT	e4af0da201eb4df5ecdc2033d711d30f975c752f2967dc97b6a8159004582204	0x00000726	18	56467516328186e53a18d0e5036cc3955274201bcbe76bcf5224085b05999cbf	Artillery Vs. Raid	砲台迎戰襲擊	draft	目標159；推測為砲台對抗印地安突襲的戰鬥加成欄位，語境未核對
LABELS.TXT:@MISC:0x0000073A	LABELS.TXT	e4af0da201eb4df5ecdc2033d711d30f975c752f2967dc97b6a8159004582204	0x0000073A	7	5484f1ca5998c59d17f1cb57327ca7500583d8ead1eca4faf079c2bcf6f9d9df	Extinct	已滅絕	draft	目標159；推測為原住民部落滅絕狀態標籤
LABELS.TXT:@MISC:0x00000743	LABELS.TXT	e4af0da201eb4df5ecdc2033d711d30f975c752f2967dc97b6a8159004582204	0x00000743	7	97e5ba543fadb563f88a668e9720538e6c7329b15e17e7dc30e83d9b55cb31c1	Boycott	杯葛	draft	目標159
LABELS.TXT:@MISC:0x0000074C	LABELS.TXT	e4af0da201eb4df5ecdc2033d711d30f975c752f2967dc97b6a8159004582204	0x0000074C	11	21c48d4b87a6285239ab66a90b4bb99633a51cb3479cfa5a3681218ef35778cd	Tory Unrest	保皇黨動亂	draft	目標159；沿用術語表 Tory=保皇黨 的字根
LABELS.TXT:@MISC:0x00000759	LABELS.TXT	e4af0da201eb4df5ecdc2033d711d30f975c752f2967dc97b6a8159004582204	0x00000759	12	27f6725383f1829ca5f96bd653792b874faedc36e7a9020621066f21a1a4ca95	Rebel Unrest	叛軍動亂	draft	目標159；沿用術語表 Rebel=叛軍 的字根
LABELS.TXT:@MISC:0x0000077D	LABELS.TXT	e4af0da201eb4df5ecdc2033d711d30f975c752f2967dc97b6a8159004582204	0x0000077D	4	b870b1b48724de514d08b9c2a633a26d96a5a7397440c783c055a1fd55460120	Sold	已售出	draft	目標159
LABELS.TXT:@MISC:0x00000783	LABELS.TXT	e4af0da201eb4df5ecdc2033d711d30f975c752f2967dc97b6a8159004582204	0x00000783	6	c67941a4f76a59e2e3f9590f2e2d2b1a34f72b7b4877cf64e1e92f9ec25e17ad	Bought	已購入	draft	目標159
LABELS.TXT:@MISC:0x0000078B	LABELS.TXT	e4af0da201eb4df5ecdc2033d711d30f975c752f2967dc97b6a8159004582204	0x0000078B	2	b1d6b91b67c2afa5e322988d9462638d354ddf8a1ef79dba987f815c22b4baee	at	以	draft	目標159；推測為「Bought/Sold X at 價格」句型中的介系詞片段
LABELS.TXT:@MISC:0x0000078F	LABELS.TXT	e4af0da201eb4df5ecdc2033d711d30f975c752f2967dc97b6a8159004582204	0x0000078F	5	520bca8cfc60c56a18eb4bbd8f162a6555acd59271cc09a34a06539f28ef5702	$/ton	$/噸	draft	目標159
LABELS.TXT:@MISC:0x00000796	LABELS.TXT	e4af0da201eb4df5ecdc2033d711d30f975c752f2967dc97b6a8159004582204	0x00000796	5	93c91c851e7acc17d881c9b89ea954be1183070254014be03a93d169cf52dbbd	Price	價格	draft	目標159
LABELS.TXT:@MISC:0x0000079D	LABELS.TXT	e4af0da201eb4df5ecdc2033d711d30f975c752f2967dc97b6a8159004582204	0x0000079D	5	409994bfc552c71d63d17854dad7c71e7bac17910df597c3afcc8c2c2a165ef4	% Tax	稅率%	draft	目標159
LABELS.TXT:@MISC:0x000007A4	LABELS.TXT	e4af0da201eb4df5ecdc2033d711d30f975c752f2967dc97b6a8159004582204	0x000007A4	3	660fb2c41d028988b2093656a80d3ae99bc67cd0d5acca5c6063793819b15881	Net	淨額	draft	目標159
LABELS.TXT:@MISC:0x000007A9	LABELS.TXT	e4af0da201eb4df5ecdc2033d711d30f975c752f2967dc97b6a8159004582204	0x000007A9	16	b02156d32e807233b605b2d10e11862f0e5c45923a012cffee29a208f08bd4bd	Early Revolution	提前革命	draft	目標159；沿用術語表 Revolution=革命 的字根
LABELS.TXT:@MISC:0x000007BB	LABELS.TXT	e4af0da201eb4df5ecdc2033d711d30f975c752f2967dc97b6a8159004582204	0x000007BB	13	6550a1556f92a365d07067ca0b9b9cc49baf074c573dce43dffb2591e15268da	prior nations	先前的國家	draft	目標159；推測為名人堂比較「先前玩家／國家」紀錄的用語，語境未核對
LABELS.TXT:@MISC:0x000008EB	LABELS.TXT	e4af0da201eb4df5ecdc2033d711d30f975c752f2967dc97b6a8159004582204	0x000008EB	5	848e96567d6b48d54c0b53017bd6123cefa97d6e0fab0f14c621ec3fd92178f4	Power	力量	draft	目標159；沿用同批 Military Power／Naval Power 的字根
LABELS.TXT:@MISC:0x0000091D	LABELS.TXT	e4af0da201eb4df5ecdc2033d711d30f975c752f2967dc97b6a8159004582204	0x0000091D	4	3f3f8baad08c9ccc4a3e02a17d042b76a1b75162b22bdf00f7273efd896fd5d0	Fish	魚	draft	目標159
LABELS.TXT:@MISC:0x00000923	LABELS.TXT	e4af0da201eb4df5ecdc2033d711d30f975c752f2967dc97b6a8159004582204	0x00000923	4	b708724a23bf11c2a5095adfe16cd12cda8c74437093bb2a33ea32850521f691	With	搭配	draft	目標159；單字連接詞，語境不明，可能用於組合戰鬥加成描述句
LABELS.TXT:@MISC:0x00000929	LABELS.TXT	e4af0da201eb4df5ecdc2033d711d30f975c752f2967dc97b6a8159004582204	0x00000929	6	49fcf2c78b506b3e32115f752124e4ee1b998f4f578cc2d35425e6ee3eb203a6	Combat	戰鬥	draft	目標159；沿用既有譯稿「戰鬥分析」的字根
LABELS.TXT:@MISC:0x00000931	LABELS.TXT	e4af0da201eb4df5ecdc2033d711d30f975c752f2967dc97b6a8159004582204	0x00000931	6	4cd548f3cc29cf9c99a0134a971b1be03c8f6bf80ba8f03e174e030b0d292396	Attack	攻擊	draft	目標159；沿用同批 Attack Bonus 的字根
LABELS.TXT:@MISC:0x00000939	LABELS.TXT	e4af0da201eb4df5ecdc2033d711d30f975c752f2967dc97b6a8159004582204	0x00000939	11	b687c25c6b547ca63938dfbda9f321b02d65b0cae76e5dac250d8eb3a11fbe9a	Cargo Holds	貨艙	draft	目標159
LABELS.TXT:@MISC:0x00000946	LABELS.TXT	e4af0da201eb4df5ecdc2033d711d30f975c752f2967dc97b6a8159004582204	0x00000946	5	26c84ac387ac996af2c942cad012da5b8bb36ed0108fd117f0e5cd3a00f41fd6	Moves	行動	draft	目標159；沿用既有譯稿 Moves:=行動： 的字根
LABELS.TXT:@MISC:0x0000094D	LABELS.TXT	e4af0da201eb4df5ecdc2033d711d30f975c752f2967dc97b6a8159004582204	0x0000094D	4	32ddbf7bb607940421fc73a5f1ad6ecd658dfe98eff3581fa9e4f279b5a642ca	Plow	犁地	draft	目標159；推測為前鋒單位命令標籤，與同批 Plowed（已犁地）對應
LABELS.TXT:@MISC:0x00000953	LABELS.TXT	e4af0da201eb4df5ecdc2033d711d30f975c752f2967dc97b6a8159004582204	0x00000953	5	07f1896758704287da11fcb8bb70350020a357adcb9c441d3ce9c900f2e8c6e5	River	河流	draft	目標159
LABELS.TXT:@MISC:0x0000095A	LABELS.TXT	e4af0da201eb4df5ecdc2033d711d30f975c752f2967dc97b6a8159004582204	0x0000095A	5	66da867f1a083166190280137dd0434c107603d216b7dba7b43e6ae21b7855dd	Coast	海岸	draft	目標159
LABELS.TXT:@MISC:0x00000961	LABELS.TXT	e4af0da201eb4df5ecdc2033d711d30f975c752f2967dc97b6a8159004582204	0x00000961	9	1a50a9cf9166bc2e2a082a152b79b0a11c81c4b2c982b9ca643fae56d9931dd9	Move Cost	移動成本	draft	目標159
LABELS.TXT:@MISC:0x0000096C	LABELS.TXT	e4af0da201eb4df5ecdc2033d711d30f975c752f2967dc97b6a8159004582204	0x0000096C	23	996372b92aa05acae0957b8e21d636305d69e266fb4fab3adf185dbbfcbd4407	Defense or Ambush Bonus	防禦或伏襲加成	draft	目標159；沿用術語表 Ambush=伏襲 的字根
LABELS.TXT:@MISC:0x00000985	LABELS.TXT	e4af0da201eb4df5ecdc2033d711d30f975c752f2967dc97b6a8159004582204	0x00000985	12	eaf5c28560a60857aaa2a4933bf8f6e70719ea7e0e5758a5a68aaf77ce152703	Prerequisite	前置條件	draft	目標159
LABELS.TXT:@MISC:0x00000993	LABELS.TXT	e4af0da201eb4df5ecdc2033d711d30f975c752f2967dc97b6a8159004582204	0x00000993	13	67b8c897e65632fe907c7fe6ba9eecbaa242bc98c867d12c1b85e56404a9a93c	(F1 for Help)	（按 F1 取得說明）	draft	目標159
LABELS.TXT:@MISC:0x000009A2	LABELS.TXT	e4af0da201eb4df5ecdc2033d711d30f975c752f2967dc97b6a8159004582204	0x000009A2	26	9171f4767710b28dfb755f76d0154c2f7ec498299bf4abd7ade3689982663190	(Withdrawn from New World)	（已撤離新世界）	draft	目標159；沿用既有譯稿「新世界」用字（非新大陸）
LABELS.TXT:@MISC:0x000009BE	LABELS.TXT	e4af0da201eb4df5ecdc2033d711d30f975c752f2967dc97b6a8159004582204	0x000009BE	4	f411a1fb62758b4c54690d0a702b4955b54dd22115416fa7b1ce51b4a084818d	Free	自由	draft	目標159；單字標籤，語境不明，可能指自由移民或免費，暫依「自由」譯出
LABELS.TXT:@MISC:0x000009C4	LABELS.TXT	e4af0da201eb4df5ecdc2033d711d30f975c752f2967dc97b6a8159004582204	0x000009C4	25	765faf74fca8709ef5d9f8844a6f80d94b95d56c878b7f76a548b2eb6244b416	COLONIZATION HALL OF FAME	殖民帝國名人堂	draft	目標159；「名人堂」沿用既有譯稿用字，該詞尚待術語審查（見 draft.zh-Hant.tsv 對應筆記）
LABELS.TXT:@MISC:0x000009DF	LABELS.TXT	e4af0da201eb4df5ecdc2033d711d30f975c752f2967dc97b6a8159004582204	0x000009DF	2	663ea1bfffe5038f3f0cf667f14c4257eff52d77ce7f2a218f72e9286616ea39	to	至	draft	目標159；單字連接詞，推測用於日期／回合範圍片段
LABELS.TXT:@MISC:0x000009E3	LABELS.TXT	e4af0da201eb4df5ecdc2033d711d30f975c752f2967dc97b6a8159004582204	0x000009E3	4	988cfe34484b1a9df97ea0b881af34156a7347decbfb9625d321b6b518ed6db4	A.D.	西元	draft	目標159
LABELS.TXT:@MISC:0x000009E9	LABELS.TXT	e4af0da201eb4df5ecdc2033d711d30f975c752f2967dc97b6a8159004582204	0x000009E9	9	f51c35b516d942c22e3cd9a1e3aeb98464605721e766bbea246545086dd7e6f8	President	總統	draft	目標159
LABELS.TXT:@MISC:0x000009F4	LABELS.TXT	e4af0da201eb4df5ecdc2033d711d30f975c752f2967dc97b6a8159004582204	0x000009F4	25	4f80e9e746f1d4dd19db9d890f476f3c25e0d8658d0a95b8a7534b339547ab43	General, Continental Army	大陸正規軍將軍	draft	目標159；沿用術語表 Continental Army=大陸正規軍 的字根
LABELS.TXT:@MISC:0x00000A0F	LABELS.TXT	e4af0da201eb4df5ecdc2033d711d30f975c752f2967dc97b6a8159004582204	0x00000A0F	6	3f53871b0838bdf343a3a0cdbcfcbc28ef7e30a4fc8e032c3376431de4d2f7db	Leader	領袖	draft	目標159
LABELS.TXT:@MISC:0x00000A17	LABELS.TXT	e4af0da201eb4df5ecdc2033d711d30f975c752f2967dc97b6a8159004582204	0x00000A17	5	38e5a46cbc5ad32842ac60a4f1425ac9b31c06bac685f446a06ab72b87de31ed	Score	分數	draft	目標159
LABELS.TXT:@MISC:0x00000A1E	LABELS.TXT	e4af0da201eb4df5ecdc2033d711d30f975c752f2967dc97b6a8159004582204	0x00000A1E	19	c373e3746d9c0c393ea4754d0e4b5957fec75314eadd42a1a726ec197dea2b9a	Colonization_Rating	殖民評等	draft	目標159；原文以底線代替空白，推測為引擎顯示變數，本欄僅譯語意，底線是否需保留待覆核
LABELS.TXT:@MISC:0x00000A33	LABELS.TXT	e4af0da201eb4df5ecdc2033d711d30f975c752f2967dc97b6a8159004582204	0x00000A33	5	dd8444850764b8740de73e71453b36697dc0c8bfa173ec1f3cece323ffff98e0	Prime	主要	draft	目標159；沿用術語表 Prime Cotton Land 等複合詞的字根「主要」
LABELS.TXT:@MISC:0x00000A3A	LABELS.TXT	e4af0da201eb4df5ecdc2033d711d30f975c752f2967dc97b6a8159004582204	0x00000A3A	7	3604e21d02f0867abc6c51acea7c50a8749a32f3b3742cdb6a0c4be164f69aea	Damaged	受損	draft	目標159；沿用術語表 Damaged Artillery=受損的砲台 的字根
LABELS.TXT:@MISC:0x00000A43	LABELS.TXT	e4af0da201eb4df5ecdc2033d711d30f975c752f2967dc97b6a8159004582204	0x00000A43	5	9ed1273e9b5a55799f5e954a482c04fc2e01af5fa06dbff7706b35067be01299	Press	按	draft	目標159；單字標籤，語境不明；亦可能指「新聞界／輿論」而非按鍵動作，待覆核
LABELS.TXT:@MISC:0x00000A4A	LABELS.TXT	e4af0da201eb4df5ecdc2033d711d30f975c752f2967dc97b6a8159004582204	0x00000A4A	9	5259ca1b12e6e07a15598a5c326a78695b7089dd0f8e7ea7c4087bdb04c3d97d	Bid Price	出價	draft	目標159；推測為市場「收購價」欄位，與 Ask Price 相對
LABELS.TXT:@MISC:0x00000A55	LABELS.TXT	e4af0da201eb4df5ecdc2033d711d30f975c752f2967dc97b6a8159004582204	0x00000A55	9	6145dab09a5092f3576f089393f4b5e99ff46ad02bc477946bfea7908152c1cc	Ask Price	開價	draft	目標159；推測為市場「開價」欄位，與 Bid Price 相對
LABELS.TXT:@MISC:0x00000A60	LABELS.TXT	e4af0da201eb4df5ecdc2033d711d30f975c752f2967dc97b6a8159004582204	0x00000A60	15	02985b355c93b48710c976b06d6da541a28fd0e7821b03f70270df0d463c7380	Zoom to Europe.	跳至歐洲畫面。	draft	目標159
LABELS.TXT:@MISC:0x00000A71	LABELS.TXT	e4af0da201eb4df5ecdc2033d711d30f975c752f2967dc97b6a8159004582204	0x00000A71	14	536c3884fae12ba610ac751fced6a04ca5312f7c06413059c75bedcc309d8093	European Trade	歐洲貿易	draft	目標159
LABELS.TXT:@MISC:0x00000A81	LABELS.TXT	e4af0da201eb4df5ecdc2033d711d30f975c752f2967dc97b6a8159004582204	0x00000A81	13	e9dc6e8476f71c914081583db77f701af889637dce5d60d97d53d618c42f3277	Cargo in Port	港口貨物	draft	目標159
LABELS.TXT:@MISC:0x00000A90	LABELS.TXT	e4af0da201eb4df5ecdc2033d711d30f975c752f2967dc97b6a8159004582204	0x00000A90	18	886e81328dada8e9160c6c5eb38d232df1aafae7305c4e10215f3c397f2ac0a1	Military Garrisons	軍事駐軍	draft	目標159
LABELS.TXT:@MISC:0x00000AA4	LABELS.TXT	e4af0da201eb4df5ecdc2033d711d30f975c752f2967dc97b6a8159004582204	0x00000AA4	15	65161c5dd10e8bd28b66ac955349c9f5e57c7b5c7623b49dce44f94dddd0777e	Sons of Liberty	自由子民	draft	目標159；沿用術語表定稿
LABELS.TXT:@MISC:0x00000AB5	LABELS.TXT	e4af0da201eb4df5ecdc2033d711d30f975c752f2967dc97b6a8159004582204	0x00000AB5	4	d17d84a604994b722db37b35860b1ac7e8d9e43e725d0eb50702a9f7228a2999	Exit	離開	draft	目標159
LABELS.TXT:@ROUTE:0x00000AF9	LABELS.TXT	e4af0da201eb4df5ecdc2033d711d30f975c752f2967dc97b6a8159004582204	0x00000AF9	16	ae9d376c77b51192ae29b9ff0a269d18ee8038176e089f29756fa000cda3a9ef	EDIT TRADE ROUTE	編輯貿易路線	draft	目標159
LABELS.TXT:@ROUTE:0x00000B0B	LABELS.TXT	e4af0da201eb4df5ecdc2033d711d30f975c752f2967dc97b6a8159004582204	0x00000B0B	11	182760ce3b0bc5801fc16252690e6f4af3cf2b2c0c2be54cf3f23b3d34b66d40	Route Name:	路線名稱：	draft	目標159
LABELS.TXT:@ROUTE:0x00000B18	LABELS.TXT	e4af0da201eb4df5ecdc2033d711d30f975c752f2967dc97b6a8159004582204	0x00000B18	11	dceed3f7c109085cabb191a32ffe5ac50f23862ded9adf3ef1ef9d6995ff2e1a	Route Type:	路線類型：	draft	目標159
LABELS.TXT:@ROUTE:0x00000B25	LABELS.TXT	e4af0da201eb4df5ecdc2033d711d30f975c752f2967dc97b6a8159004582204	0x00000B25	3	76b3af333dbac074dc755fbde33b8bc05a3306fa3d169762466437fd97740c87	Sea	海上	draft	目標159；沿用既有譯稿 GAME.TXT:@TRADETYPE「海上路線／陸上路線」的字根
LABELS.TXT:@ROUTE:0x00000B2A	LABELS.TXT	e4af0da201eb4df5ecdc2033d711d30f975c752f2967dc97b6a8159004582204	0x00000B2A	4	b6baff9358ddd8f760a539c3f4b36a3314876e86597f3465a3623b6be3f3cf29	Land	陸上	draft	目標159；沿用既有譯稿 GAME.TXT:@TRADETYPE「海上路線／陸上路線」的字根
LABELS.TXT:@ROUTE:0x00000B30	LABELS.TXT	e4af0da201eb4df5ecdc2033d711d30f975c752f2967dc97b6a8159004582204	0x00000B30	11	293d404a500f5f9a149916d810ff4f4231bd5d6ecd25eb0f55a867e2095eca48	Destination	目的地	draft	目標159
LABELS.TXT:@ROUTE:0x00000B3D	LABELS.TXT	e4af0da201eb4df5ecdc2033d711d30f975c752f2967dc97b6a8159004582204	0x00000B3D	12	322094f4a8d6cda21a752e387c84514bf18a6faa144cd4d8e1c1e7e445407c9d	Unload Cargo	卸下貨物	draft	目標159；沿用既有譯稿 GAME.TXT:@CARGOUNLOAD 的動詞「卸下」
LABELS.TXT:@ROUTE:0x00000B4B	LABELS.TXT	e4af0da201eb4df5ecdc2033d711d30f975c752f2967dc97b6a8159004582204	0x00000B4B	10	0cf5093ecb7c7908cb9d3369a3a0fa87984dbadb9946b8f4b39897651148d81a	Load Cargo	裝載貨物	draft	目標159；沿用既有譯稿 GAME.TXT:@CARGOLOAD 的動詞「裝載」
LABELS.TXT:@ROUTE:0x00000B57	LABELS.TXT	e4af0da201eb4df5ecdc2033d711d30f975c752f2967dc97b6a8159004582204	0x00000B57	20	9c0e99371be9be6f0ed9261c72872d8d210b4585da90dd1e7079628531e16ae2	(Delete Destination)	（刪除目的地）	draft	目標159
LABELS.TXT:@CMISC:0x00000B77	LABELS.TXT	e4af0da201eb4df5ecdc2033d711d30f975c752f2967dc97b6a8159004582204	0x00000B77	19	a22f42d2fb8432d1cf7ddeb214b9068e903c5673e6b562d5902f37f2723bc709	Harvest / Resources	收穫／資源	draft	目標159
LABELS.TXT:@CMISC:0x00000B8C	LABELS.TXT	e4af0da201eb4df5ecdc2033d711d30f975c752f2967dc97b6a8159004582204	0x00000B8C	13	874aa2437e9e03a1f71f1dd325e7f0dcbe8ba14d377d3529fe01b7a681886150	Units Present	現有單位	draft	目標159
LABELS.TXT:@CMISC:0x00000B9B	LABELS.TXT	e4af0da201eb4df5ecdc2033d711d30f975c752f2967dc97b6a8159004582204	0x00000B9B	4	ccdd25d4230fb997a7ee1166f8afabd157248eb812ea55ec7c3d1b7c8af7fa11	Make	製造	draft	目標159
LABELS.TXT:@CTITLE:0x00000BAC	LABELS.TXT	e4af0da201eb4df5ecdc2033d711d30f975c752f2967dc97b6a8159004582204	0x00000BAC	4	c932bb5053ff2707bfb1545b811b7a7d2c751b2fd3687bd6695b02e47ea9e970	Pop:	人口：	draft	目標159
LABELS.TXT:@CTITLE:0x00000BB9	LABELS.TXT	e4af0da201eb4df5ecdc2033d711d30f975c752f2967dc97b6a8159004582204	0x00000BB9	3	d9af1a8284a08c971023e093c768b92b6b4d153812b577fb95153419ba08677e	BUY	購買	draft	目標159
LABELS.TXT:@CTITLE:0x00000BBE	LABELS.TXT	e4af0da201eb4df5ecdc2033d711d30f975c752f2967dc97b6a8159004582204	0x00000BBE	6	7886016c640975f8362f7bb792dd26be3af962887943f1a28658d0c4c52a8fe7	CHANGE	更換	draft	目標159
LABELS.TXT:@CTITLE:0x00000BC6	LABELS.TXT	e4af0da201eb4df5ecdc2033d711d30f975c752f2967dc97b6a8159004582204	0x00000BC6	23	b588ce2ef1bba9ff638c11234af3b95ee38681bbc81f211e0baf8c3f7115c719	Select An Item To Build	請選擇要建造的項目	draft	目標159
LABELS.TXT:@CTITLE:0x00000BDF	LABELS.TXT	e4af0da201eb4df5ecdc2033d711d30f975c752f2967dc97b6a8159004582204	0x00000BDF	15	193e888ee63de293aa1114de14fe8b7525c4ad6e3dc3e9d51544da89b1d80155	(No Production)	（無生產）	draft	目標159
LABELS.TXT:@CTITLE:0x00000BF0	LABELS.TXT	e4af0da201eb4df5ecdc2033d711d30f975c752f2967dc97b6a8159004582204	0x00000BF0	6	cd9064d2e1b473850055341f303dc2d1a661a2d564f76e0e3dcce963392f55c9	(More)	（更多）	draft	目標159
LABELS.TXT:@CTITLE:0x00000BF8	LABELS.TXT	e4af0da201eb4df5ecdc2033d711d30f975c752f2967dc97b6a8159004582204	0x00000BF8	6	34530c2c6bcf89e5cd28fb4c65e52a3de905796d31cb675adeb30029f528a930	Turns)	回合）	draft	目標159；與前段數字＋開括號拼接顯示「(N Turns)」；此欄只是收尾片段，先照原文結構譯。
LABELS.TXT:@CTITLE:0x00000C00	LABELS.TXT	e4af0da201eb4df5ecdc2033d711d30f975c752f2967dc97b6a8159004582204	0x00000C00	23	c22a6c27e9cbd945ce393466594412405df7c9865aa6a31d9c6a22293520003b	Select a Profession for	選擇職業給	draft	目標159；推測執行期會在此片段後直接接上殖民地居民姓名，未核對實際拼接順序。
LABELS.TXT:@CMESSAGE:0x00000C2C	LABELS.TXT	e4af0da201eb4df5ecdc2033d711d30f975c752f2967dc97b6a8159004582204	0x00000C2C	10	b0ed9dbfd120b54b91431b3e0d18a71c44257e9a60cc1107243ac97fceb1bf3e	bought for	購入價格為	draft	目標159；與貨物名稱、金額片段組合顯示，未核對實際拼接順序。
LABELS.TXT:@CMESSAGE:0x00000C38	LABELS.TXT	e4af0da201eb4df5ecdc2033d711d30f975c752f2967dc97b6a8159004582204	0x00000C38	8	9dd04074b3ef137d9314be427dca6192562abdba3b424360cf59f31cada8d75e	sold for	售出價格為	draft	目標159；與貨物名稱、金額片段組合顯示，未核對實際拼接順序。
LABELS.TXT:@CMESSAGE:0x00000C42	LABELS.TXT	e4af0da201eb4df5ecdc2033d711d30f975c752f2967dc97b6a8159004582204	0x00000C42	8	4735cc50bddeb2464cb4d8eef8a38a690ca3d4125bb3c8c2a1a941c6b6c39ce6	moved to	已移動至	draft	目標159；與單位、地點名稱片段組合顯示，未核對實際拼接順序。
LABELS.TXT:@CMESSAGE:0x00000C4C	LABELS.TXT	e4af0da201eb4df5ecdc2033d711d30f975c752f2967dc97b6a8159004582204	0x00000C4C	8	85e0f985ef22fce4b74ee07d6af8306354e00fb62cdbb4ef45caa1660aad1181	. Price:	。價格：	draft	目標159
LABELS.TXT:@CMESSAGE:0x00000C56	LABELS.TXT	e4af0da201eb4df5ecdc2033d711d30f975c752f2967dc97b6a8159004582204	0x00000C56	11	d3492dadd648aea0e41f71c44a2ac96504e2b6a548bb98670a7b7d0b349538f2	No room for	沒有空間容納	draft	目標159；與貨物名稱、「in cargo hold!」片段組合顯示。
LABELS.TXT:@CMESSAGE:0x00000C63	LABELS.TXT	e4af0da201eb4df5ecdc2033d711d30f975c752f2967dc97b6a8159004582204	0x00000C63	20	c33ee03cf81ddadc29ba086b20af0781436fb123b50c4a23c26455b9053dcc6e	Nothing to transport	沒有東西可以運送	draft	目標159
LABELS.TXT:@CMESSAGE:0x00000C79	LABELS.TXT	e4af0da201eb4df5ecdc2033d711d30f975c752f2967dc97b6a8159004582204	0x00000C79	10	6ffc096d0f18f5856ee5ed75d99081b394bd1055cbee337c0a149e4574e20dda	Not enough	不足的	draft	目標159；與貨物名稱、「to fill cargo hold!」片段組合顯示，先譯為可接名詞的形容詞片語。
LABELS.TXT:@CMESSAGE:0x00000C85	LABELS.TXT	e4af0da201eb4df5ecdc2033d711d30f975c752f2967dc97b6a8159004582204	0x00000C85	19	e661ca705efbe7c93db5542e23b96300df148707d10d6a68f055791508a23509	to fill cargo hold!	，無法裝滿貨艙！	draft	目標159；承接「Not enough」＋貨物名稱片段，組合為完整句子，先依此結構譯。
LABELS.TXT:@CMESSAGE:0x00000C9A	LABELS.TXT	e4af0da201eb4df5ecdc2033d711d30f975c752f2967dc97b6a8159004582204	0x00000C9A	14	0ef2ee62816512de11631911f9ea0778f41f3322f9d7d3557163d7854a825356	too expensive!	太貴了！	draft	目標159
LABELS.TXT:@CMESSAGE:0x00000CAA	LABELS.TXT	e4af0da201eb4df5ecdc2033d711d30f975c752f2967dc97b6a8159004582204	0x00000CAA	2	1ea442a134b2a184bd5d40104401f2a37fbc09ccf3f4bc9da161c6099be3691d	No	否	draft	目標159；沿用是／否對話框慣例（見 batch-05 SUREDELETE）。
LABELS.TXT:@CMESSAGE:0x00000CAE	LABELS.TXT	e4af0da201eb4df5ecdc2033d711d30f975c752f2967dc97b6a8159004582204	0x00000CAE	14	7158975de0ccba8c2c7e704159ca8058cddd280eb8958a27ec32d5629b29227b	in cargo hold!	在貨艙中！	draft	目標159；與「No room for」＋貨物名稱片段組合顯示。
LABELS.TXT:@CMESSAGE:0x00000CBE	LABELS.TXT	e4af0da201eb4df5ecdc2033d711d30f975c752f2967dc97b6a8159004582204	0x00000CBE	20	15c6009b4053d0cf98a6b6f2530875be16377c2db4cd4cf14802081799cba797	Nothing to transfer!	沒有東西可以轉移！	draft	目標159
LABELS.TXT:@CMESSAGE:0x00000CD4	LABELS.TXT	e4af0da201eb4df5ecdc2033d711d30f975c752f2967dc97b6a8159004582204	0x00000CD4	2	b1d6b91b67c2afa5e322988d9462638d354ddf8a1ef79dba987f815c22b4baee	at	以	draft	目標159；介係詞片段，推測用於「Buying at 5 gold each」一類組合訊息，未核對實際拼接順序。
LABELS.TXT:@CMESSAGE:0x00000CD8	LABELS.TXT	e4af0da201eb4df5ecdc2033d711d30f975c752f2967dc97b6a8159004582204	0x00000CD8	6	e87c8e7d446e0af2cced6938e5aba78f0da80e5b3c67c97a96783a22afb7ee69	Buying	購買中	draft	目標159
LABELS.TXT:@CMESSAGE:0x00000CE0	LABELS.TXT	e4af0da201eb4df5ecdc2033d711d30f975c752f2967dc97b6a8159004582204	0x00000CE0	7	05e9f7818f0038270ed35a5b8776d44e90cb085142b4b462da80c5cc44e21c05	Selling	出售中	draft	目標159
LABELS.TXT:@CMESSAGE:0x00000CE9	LABELS.TXT	e4af0da201eb4df5ecdc2033d711d30f975c752f2967dc97b6a8159004582204	0x00000CE9	7	dc380888c4e2c7762212480ff86eb39150ec70b45009c33bc6adcbd0041384b1	Loading	裝載中	draft	目標159
LABELS.TXT:@CMESSAGE:0x00000CF2	LABELS.TXT	e4af0da201eb4df5ecdc2033d711d30f975c752f2967dc97b6a8159004582204	0x00000CF2	9	dfe7d1454d4c320712ce71818b54215d6af39639a36da570061f2ceee7961b3a	Unloading	卸載中	draft	目標159
LABELS.TXT:@CMESSAGE:0x00000CFD	LABELS.TXT	e4af0da201eb4df5ecdc2033d711d30f975c752f2967dc97b6a8159004582204	0x00000CFD	6	fa496b2cf95ed362a358f7af8f28aa3695618181f8710bc547a2c633f583ab50	% Tax:	% 稅率：	draft	目標159；「%」緊接前面另外繪出的數字，本片段只補後半文字，保留%在最前以維持原始拼接順序。
LABELS.TXT:@CMESSAGE:0x00000D05	LABELS.TXT	e4af0da201eb4df5ecdc2033d711d30f975c752f2967dc97b6a8159004582204	0x00000D05	6	7dfcf9c8e49b035a028d77b51086c85701efbf88d630eb6aed7024c9a65f382d	. Net:	。淨額：	draft	目標159
LABELS.TXT:@EUROLABEL:0x00000D1B	LABELS.TXT	e4af0da201eb4df5ecdc2033d711d30f975c752f2967dc97b6a8159004582204	0x00000D1B	7	d77bb9126c7ab34f8d99258719ca9c0c1f140908ac2beda5e7d5f2ecf434bebd	RECRUIT	招募	draft	目標159；沿用 help-bilingual.tsv GAME.TXT:@TUTORIAL17 的｛Recruit｝→｛招募｝譯名。
LABELS.TXT:@EUROLABEL:0x00000D24	LABELS.TXT	e4af0da201eb4df5ecdc2033d711d30f975c752f2967dc97b6a8159004582204	0x00000D24	8	dd1edb44f082a40f4bb1b641ffbc77190fd4720d24aa3ac746bbc38133adca5a	PURCHASE	購買	draft	目標159
LABELS.TXT:@EUROLABEL:0x00000D2E	LABELS.TXT	e4af0da201eb4df5ecdc2033d711d30f975c752f2967dc97b6a8159004582204	0x00000D2E	5	131f9d32f29011d4f6e3f04fe83600516f67adb938bac316bfa98a8015d50062	TRAIN	訓練	draft	目標159；沿用 help-bilingual.tsv GAME.TXT:@TUTORIAL17 的｛Train｝→｛訓練｝譯名。
LABELS.TXT:@EUROLABEL:0x00000D35	LABELS.TXT	e4af0da201eb4df5ecdc2033d711d30f975c752f2967dc97b6a8159004582204	0x00000D35	1	2d711642b726b04401627ca9fbac32f5c8530fb1903cc4db02258717921a4881	x	x	draft	目標159；貨物單位的倍數／數量分隔符號，非自然語言文字，保留原樣。
MAPEDIT.TXT:@ABOUT:0x000015F2	MAPEDIT.TXT	764a67a9ff8f45b9ac9d82809ad616e2c350ff0172d9147ad34478828af57516	0x000015F2	141	705eaf2314a343bb93908bf9a9ef15a27c87faa5bbf2958a0adcec34cba204fa	^^Colonization Map Editor\n^\n^^Copyright (c) 1994 by Microprose Software\n^\n^^Programming by Brian Reynolds\n^^Documentation by Jeff Briggs	^^《殖民帝國》地圖編輯器\n^\n^^版權所有 (C) 1994 Microprose Software\n^\n^^程式設計：Brian Reynolds\n^^說明文件：Jeff Briggs	draft	目標159；遊戲名稱沿用 glossary.zh-Hant.tsv／draft.zh-Hant.tsv 既有《殖民帝國》譯名；版權列句式沿用 draft.zh-Hant.tsv MAPEDIT.TXT:0x00000068 既有「版權所有 (C) 1994 Microprose Software」寫法，公司名與人名保留原文。
MENU.TXT:@CUP:0x00000552	MENU.TXT	5a7d2f4bf9f657b68177fb9b38e74ac92a1f191732bbc122c28563a41d7a3702	0x00000552	6	057bf2ca1ad128613d9c3d42c685eece0138abc99ac867356f7ec209bb82bd5f	~CHEAT	~C作弊	draft	目標159
MENU.TXT:@CUP:0x0000055A	MENU.TXT	5a7d2f4bf9f657b68177fb9b38e74ac92a1f191732bbc122c28563a41d7a3702	0x0000055A	20	c000f2153c4bccbaab6db3661803e60c2c4cf491e37097c22ae29b8becdaddb7	  ~F~0~1 Create Unit	  ~F~0~1 建立單位	draft	目標159；沿用 readme-bilingual.tsv CHEAT_MAIN_MAP「Shift-F1：建立單位」譯法。
MENU.TXT:@CUP:0x00000570	MENU.TXT	5a7d2f4bf9f657b68177fb9b38e74ac92a1f191732bbc122c28563a41d7a3702	0x00000570	25	f684117a894e4337a59d27f70c5b62b419badbfc86abc5dc2d54eb0a56121e8b	  ~F~0~2 Debug Info Flags	  ~F~0~2 除錯資訊旗標	draft	目標159
MENU.TXT:@CUP:0x0000058B	MENU.TXT	5a7d2f4bf9f657b68177fb9b38e74ac92a1f191732bbc122c28563a41d7a3702	0x0000058B	19	b54ce53b25225ea9e187c501a9c42b3c82bf9668e998bca5ceee33e19f51a9a7	  ~F~0~4 Reveal Map	  ~F~0~4 揭露地圖	draft	目標159；沿用 readme-bilingual.tsv CHEAT_MAIN_MAP「Shift-F4：揭露地圖」譯法。
MENU.TXT:@CUP:0x000005A0	MENU.TXT	5a7d2f4bf9f657b68177fb9b38e74ac92a1f191732bbc122c28563a41d7a3702	0x000005A0	25	7a568a7123706f07212c5f15200a136dbaa8ea93ffc16d283fce189825eb462b	  ~F~0~5 Set Human Player	  ~F~0~5 設定人類玩家	draft	目標159；沿用 readme-bilingual.tsv CHEAT_MAIN_MAP「Shift-F5：設定人類玩家」譯法。
MENU.TXT:@CUP:0x000005BB	MENU.TXT	5a7d2f4bf9f657b68177fb9b38e74ac92a1f191732bbc122c28563a41d7a3702	0x000005BB	21	b3215e93f59c498156062fbaad2f4f1e5d3a06c7351aef63a9cab91559b1e8b3	  ~F~0~6 Kill Indians	  ~F~0~6 消滅印地安人	draft	目標159；沿用 readme-bilingual.tsv CHEAT_MAIN_MAP「Shift-F6：消滅印地安人」譯法。
MENU.TXT:@CUP:0x000005D2	MENU.TXT	5a7d2f4bf9f657b68177fb9b38e74ac92a1f191732bbc122c28563a41d7a3702	0x000005D2	34	0d558ffb0e4c92f2aeee649aac567c85c05c6e31d689a5390338215f8f1e29f6	  ~F~0~7 Advance Revolution Status	  ~F~0~7 推進革命狀態	draft	目標159；沿用 readme-bilingual.tsv CHEAT_MAIN_MAP「Shift-F7：推進獨立狀態」譯法。
MENU.TXT:@CUP:0x000005F6	MENU.TXT	5a7d2f4bf9f657b68177fb9b38e74ac92a1f191732bbc122c28563a41d7a3702	0x000005F6	12	603a7b0c8ee2d81627316055afaf49cd461940e4b4cd7b63ecd78cadb78e77dc	  Sound Test	  音效測試	draft	目標159
MENU.TXT:@CUP:0x00000604	MENU.TXT	5a7d2f4bf9f657b68177fb9b38e74ac92a1f191732bbc122c28563a41d7a3702	0x00000604	14	62f651fc1399040bfdcd6aa8a804f5367aee471bc87d7af10153509eb6299ea5	  Memory Check	  記憶體檢查	draft	目標159
MENU.TXT:@CUP:0x00000614	MENU.TXT	5a7d2f4bf9f657b68177fb9b38e74ac92a1f191732bbc122c28563a41d7a3702	0x00000614	22	62dd67dc6a97f08d358b0979fd589b4467a89917f090135e2ec3d58c24006967	  ~F~0~8 Show Strategy	  ~F~0~8 顯示策略	draft	目標159；README 未涵蓋 F8，無既有譯名可沿用，依字面直譯。
MENU.TXT:@CUP:0x0000062C	MENU.TXT	5a7d2f4bf9f657b68177fb9b38e74ac92a1f191732bbc122c28563a41d7a3702	0x0000062C	26	7faddad4e2c740baa20f276011f2c6e7e05ce1ff73997fd11a439a2ed4b918c9	  ~F~0~9 Show Colony Sites	  ~F~0~9 顯示殖民領地地點	draft	目標159；README 未涵蓋 F9，無既有譯名可沿用，依字面直譯。
MENU.TXT:@CUP:0x00000648	MENU.TXT	5a7d2f4bf9f657b68177fb9b38e74ac92a1f191732bbc122c28563a41d7a3702	0x00000648	23	7ffc38606cf3a30039957cbc077dd3cfa9d10bfbb0741ac3d97698d79a2676d9	  ~F~0~1~0 Test Routine	  ~F~0~1~0 測試程序	draft	目標159；README 未涵蓋 F10，無既有譯名可沿用，依字面直譯。
NAMES.TXT:@UNFORESTED:0x000001E4	NAMES.TXT	4bf5ba261f71e9215450801d0ac4b00a66e91b046a3b592516524bea03bd6061	0x000001E4	55	fdafb14f4ff83416726a58e9f0214040b3ac313fe37c8e6647943419e3d97cae	Tundra,       1, 0, 4, 2,     2, 0, 0, 0, 0, 0, 2, 0, 0	凍土,       1, 0, 4, 2,     2, 0, 0, 0, 0, 0, 2, 0, 0	draft	目標159
NAMES.TXT:@UNFORESTED:0x0000021D	NAMES.TXT	4bf5ba261f71e9215450801d0ac4b00a66e91b046a3b592516524bea03bd6061	0x0000021D	55	9e5fbdc81daaca53b9d094d5567de6120b54ea6bfc204da77ec5526c94d0be9f	Desert,        1, 0, 3, 2,    1, 0, 0, 1, 0, 0, 2, 0, 0	沙漠,        1, 0, 3, 2,    1, 0, 0, 1, 0, 0, 2, 0, 0	draft	目標159
NAMES.TXT:@UNFORESTED:0x00000256	NAMES.TXT	4bf5ba261f71e9215450801d0ac4b00a66e91b046a3b592516524bea03bd6061	0x00000256	55	53f40776caf4dccae3ad9b74241283d2f3b56d32fc1a4890bd88ced32ec2f715	Plains,         1, 0, 3, 4,   4, 0, 0, 2, 0, 0, 1, 0, 0	平原,         1, 0, 3, 4,   4, 0, 0, 2, 0, 0, 1, 0, 0	draft	目標159
NAMES.TXT:@UNFORESTED:0x0000028F	NAMES.TXT	4bf5ba261f71e9215450801d0ac4b00a66e91b046a3b592516524bea03bd6061	0x0000028F	55	5487601931e59a8bdfa17d298b274bc65e08108bc25e2a133598540085293ae7	Prairie,      1, 0, 3, 4,     2, 0, 0, 3, 0, 0, 0, 0, 0	牧草草原,      1, 0, 3, 4,     2, 0, 0, 3, 0, 0, 0, 0, 0	draft	目標159
NAMES.TXT:@UNFORESTED:0x000002C8	NAMES.TXT	4bf5ba261f71e9215450801d0ac4b00a66e91b046a3b592516524bea03bd6061	0x000002C8	55	5ee2538a1b8f90127977334b288b8e4d8586eeda0178aa9ea55522aca102c80b	Grassland,     1, 0, 3, 4,    2, 0, 3, 0, 0, 0, 0, 0, 0	草原,     1, 0, 3, 4,    2, 0, 3, 0, 0, 0, 0, 0, 0	draft	目標159
NAMES.TXT:@UNFORESTED:0x00000301	NAMES.TXT	4bf5ba261f71e9215450801d0ac4b00a66e91b046a3b592516524bea03bd6061	0x00000301	55	3f3ee8d7d7a3de5d599450e06e1caefd09737b99f50f3696398e35b004ca3d68	Savannah,       1, 0, 3, 4,   3, 3, 0, 0, 0, 0, 0, 0, 0	熱帶草原,       1, 0, 3, 4,   3, 3, 0, 0, 0, 0, 0, 0, 0	draft	目標159
NAMES.TXT:@UNFORESTED:0x0000033A	NAMES.TXT	4bf5ba261f71e9215450801d0ac4b00a66e91b046a3b592516524bea03bd6061	0x0000033A	55	92b4c4bcddd5287db38d9de036807a0307d207a7ad10f683bb5306b131d2e88f	Marsh,        2, 1, 5, 2,     2, 0, 2, 0, 0, 0, 2, 0, 0	沼池,        2, 1, 5, 2,     2, 0, 2, 0, 0, 0, 2, 0, 0	draft	目標159
NAMES.TXT:@UNFORESTED:0x00000373	NAMES.TXT	4bf5ba261f71e9215450801d0ac4b00a66e91b046a3b592516524bea03bd6061	0x00000373	55	d3e8d7a41b2c18f0ec3ff9ed3de04e4c8224d7b68061699e4bf8f096fe7a4f79	Swamp,         2, 1, 7, 2,    2, 2, 0, 0, 0, 0, 2, 0, 0	沼澤,         2, 1, 7, 2,    2, 2, 0, 0, 0, 0, 2, 0, 0	draft	目標159
NAMES.TXT:@FORESTED:0x000003B9	NAMES.TXT	4bf5ba261f71e9215450801d0ac4b00a66e91b046a3b592516524bea03bd6061	0x000003B9	55	b0db02797ab5080a20a4f4da348d597e607e174e51c8bc2d4cb66a3bf764a88e	Boreal,       2, 2, 4, 3,     1, 0, 0, 0, 3, 2, 1, 0, 0	寒帶森林,       2, 2, 4, 3,     1, 0, 0, 0, 3, 2, 1, 0, 0	draft	目標159
NAMES.TXT:@FORESTED:0x000003F2	NAMES.TXT	4bf5ba261f71e9215450801d0ac4b00a66e91b046a3b592516524bea03bd6061	0x000003F2	55	9fd83a9031ed2acc2b50713680d3d2e9d3656c511e883ff11f5b89af84f863bb	Scrub,         1, 2, 4, 1,    1, 0, 0, 1, 2, 1, 1, 0, 0	灌木林,         1, 2, 4, 1,    1, 0, 0, 1, 2, 1, 1, 0, 0	draft	目標159
NAMES.TXT:@FORESTED:0x0000042B	NAMES.TXT	4bf5ba261f71e9215450801d0ac4b00a66e91b046a3b592516524bea03bd6061	0x0000042B	55	a37331e9901c0445c41cfa9b0023791b6424ab2e7b947a8912c4389905347524	Mixed,          2, 2, 4, 3,   2, 0, 0, 1, 3, 3, 0, 0, 0	混合林,          2, 2, 4, 3,   2, 0, 0, 1, 3, 3, 0, 0, 0	draft	目標159
NAMES.TXT:@FORESTED:0x00000464	NAMES.TXT	4bf5ba261f71e9215450801d0ac4b00a66e91b046a3b592516524bea03bd6061	0x00000464	55	83a73fed1275dcf6cc723389cff8b6b112a64e1602b8b8adbb0c35a29a6d8a52	Broadleaf,    2, 2, 4, 3,     1, 0, 0, 1, 2, 2, 0, 0, 0	闊葉林,    2, 2, 4, 3,     1, 0, 0, 1, 2, 2, 0, 0, 0	draft	目標159
NAMES.TXT:@FORESTED:0x0000049D	NAMES.TXT	4bf5ba261f71e9215450801d0ac4b00a66e91b046a3b592516524bea03bd6061	0x0000049D	55	9ae6ac9cd57dc9734a2a8720776be79e38d8cf2ab7c5bad806fa4f5bed68a8fb	Conifer,       2, 2, 4, 3,    1, 0, 1, 0, 2, 3, 0, 0, 0	針葉林,       2, 2, 4, 3,    1, 0, 1, 0, 2, 3, 0, 0, 0	draft	目標159
NAMES.TXT:@FORESTED:0x000004D6	NAMES.TXT	4bf5ba261f71e9215450801d0ac4b00a66e91b046a3b592516524bea03bd6061	0x000004D6	55	593805e35ca8f31d35e42c008f2bac2b0dbf70efed48d560bc529254ff9480a3	Tropical,       2, 2, 6, 3,   2, 1, 0, 0, 2, 2, 0, 0, 0	熱帶森林,       2, 2, 6, 3,   2, 1, 0, 0, 2, 2, 0, 0, 0	draft	目標159
NAMES.TXT:@FORESTED:0x0000050F	NAMES.TXT	4bf5ba261f71e9215450801d0ac4b00a66e91b046a3b592516524bea03bd6061	0x0000050F	55	22a6506cf8f1d79c7c90b625193c88fa9e26287546520f44266491910005aaaf	Wetland,      3, 2, 6, 1,     1, 0, 1, 0, 2, 2, 1, 0, 0	濕地林,      3, 2, 6, 1,     1, 0, 1, 0, 2, 2, 1, 0, 0	draft	目標159
NAMES.TXT:@FORESTED:0x00000548	NAMES.TXT	4bf5ba261f71e9215450801d0ac4b00a66e91b046a3b592516524bea03bd6061	0x00000548	55	5286b3b62431f5c7efebd39b4812d3a93d06ff5d8f8c60fe471f417aa45240ff	Rain,          3, 3, 7, 1,    1, 1, 0, 0, 1, 2, 1, 0, 0	雨林,          3, 3, 7, 1,    1, 1, 0, 0, 1, 2, 1, 0, 0	draft	目標159
NAMES.TXT:@OTHER:0x0000058B	NAMES.TXT	4bf5ba261f71e9215450801d0ac4b00a66e91b046a3b592516524bea03bd6061	0x0000058B	55	fdb9beaa8c48c1464badc04c1b49194a89042d407eccb8c275e144d0677887dd	Arctic,       2, 0, 4, 0,     0, 0, 0, 0, 0, 0, 0, 0, 0	極地,       2, 0, 4, 0,     0, 0, 0, 0, 0, 0, 0, 0, 0	draft	目標159
NAMES.TXT:@OTHER:0x00000636	NAMES.TXT	4bf5ba261f71e9215450801d0ac4b00a66e91b046a3b592516524bea03bd6061	0x00000636	55	38b8a2c021bc79d8222145ed8545c5b0967ebfe8fa864ab8ae104444c5d2e5e5	Mountains,       3, 6, 7, 2,  0, 0, 0, 0, 0, 0, 4, 1, 0	高山,       3, 6, 7, 2,  0, 0, 0, 0, 0, 0, 4, 1, 0	draft	目標159
NAMES.TXT:@OTHER:0x0000066F	NAMES.TXT	4bf5ba261f71e9215450801d0ac4b00a66e91b046a3b592516524bea03bd6061	0x0000066F	55	07bb3fdadab6358167d007b44b01f3bc8287d873613a89657871c770982d57d9	Hills,            2, 4, 4, 2, 1, 0, 0, 0, 0, 0, 4, 0, 0	丘陵,            2, 4, 4, 2, 1, 0, 0, 0, 0, 0, 4, 0, 0	draft	目標159
NAMES.TXT:@RESOURCE:0x0000072C	NAMES.TXT	4bf5ba261f71e9215450801d0ac4b00a66e91b046a3b592516524bea03bd6061	0x0000072C	25	4cbd3b8e4db5e9b115ff938ad76418ddd5047d26bcc574529f2ba919979b0b42	Depleted Mine,          6	枯竭礦坑,          6	draft	目標159
NAMES.TXT:@RESOURCE:0x00000747	NAMES.TXT	4bf5ba261f71e9215450801d0ac4b00a66e91b046a3b592516524bea03bd6061	0x00000747	25	9ae440612695a2919c41b1e43d750b5dbc07786e0f795205f77eda38008d070c	Oasis,                  3	綠洲,                  3	draft	目標159
NAMES.TXT:@RESOURCE:0x00000762	NAMES.TXT	4bf5ba261f71e9215450801d0ac4b00a66e91b046a3b592516524bea03bd6061	0x00000762	25	9f0656939ba3d6230a09be88ddef5bc068350159656278439b98acb51dfe4e81	Wheat,                  4	小麥,                  4	draft	目標159；術語表僅有 Prime Food Land→主要糧食產地；此表內部欄位拼作 Wheat，是否為同一資源待覆核，先直譯。
NAMES.TXT:@RESOURCE:0x0000077D	NAMES.TXT	4bf5ba261f71e9215450801d0ac4b00a66e91b046a3b592516524bea03bd6061	0x0000077D	25	5f95cf386f0ba74890789289c1751ff42be030cee47dc670ea81b15f19fe19b4	Prime Cotton,           6	主要棉花產地,           6	draft	目標159
NAMES.TXT:@RESOURCE:0x00000798	NAMES.TXT	4bf5ba261f71e9215450801d0ac4b00a66e91b046a3b592516524bea03bd6061	0x00000798	25	e84966ad3adc0b83fd5c92f649afb9bb4ae814a40da70c9060eadf6b722c9e55	Prime Tobacco,          6	主要煙草產地,          6	draft	目標159
NAMES.TXT:@RESOURCE:0x000007B3	NAMES.TXT	4bf5ba261f71e9215450801d0ac4b00a66e91b046a3b592516524bea03bd6061	0x000007B3	25	852b12c61d4ef40b2eba90acc3bb85f866901d632714089e2fb4eb704d6ca02a	Prime Sugar,            7	主要蔗糖產地,            7	draft	目標159
NAMES.TXT:@RESOURCE:0x000007CE	NAMES.TXT	4bf5ba261f71e9215450801d0ac4b00a66e91b046a3b592516524bea03bd6061	0x000007CE	25	034ed0a409a8fadb2d865500bd37f2d79f6ab4fd4d6038ef48e20d20cb56147e	Minerals,               4	礦物,               4	draft	目標159；數值（4）與 Ore Deposit（6）不同，未套用術語表 Mineral Deposits／Ore Deposits 既有譯名，先直譯。
NAMES.TXT:@RESOURCE:0x000007E9	NAMES.TXT	4bf5ba261f71e9215450801d0ac4b00a66e91b046a3b592516524bea03bd6061	0x000007E9	25	f26b33f679381d83ce76e910be636c90e0b47d945b1a78b2706e4582ca2625dd	Fishery,                5	漁場,                5	draft	目標159
NAMES.TXT:@RESOURCE:0x00000804	NAMES.TXT	4bf5ba261f71e9215450801d0ac4b00a66e91b046a3b592516524bea03bd6061	0x00000804	25	e8cb304693ba3336bea08618f99c78336062166546c1e1d9faef553fca91e2ad	Beaver,                 6	河狸,                 6	draft	目標159；術語表無對應項，疑似對應 Trapping Area（捕獸區），先直譯動物名。
NAMES.TXT:@RESOURCE:0x0000081F	NAMES.TXT	4bf5ba261f71e9215450801d0ac4b00a66e91b046a3b592516524bea03bd6061	0x0000081F	25	35104414052300845d164eff5dbfeba69266066dd2d39ca0a290d759ef17f884	Game,                   6	獵物,                   6	draft	目標159；術語表 Game Areas→遊獵區為地形範圍名，此為單一資源名，先直譯。
NAMES.TXT:@RESOURCE:0x0000083A	NAMES.TXT	4bf5ba261f71e9215450801d0ac4b00a66e91b046a3b592516524bea03bd6061	0x0000083A	25	06a24f6714c8d728e67113ae48487e151938cc965a67c32697ba46fb264ea3f3	Prime Timber,           6	主要木材產地,           6	draft	目標159
NAMES.TXT:@RESOURCE:0x00000855	NAMES.TXT	4bf5ba261f71e9215450801d0ac4b00a66e91b046a3b592516524bea03bd6061	0x00000855	25	06a24f6714c8d728e67113ae48487e151938cc965a67c32697ba46fb264ea3f3	Prime Timber,           6	主要木材產地,           6	draft	目標159
NAMES.TXT:@RESOURCE:0x00000870	NAMES.TXT	4bf5ba261f71e9215450801d0ac4b00a66e91b046a3b592516524bea03bd6061	0x00000870	26	a6b329136880dc08951a8d47ac82fc376c432b334753a8129da5922e362bae7e	Silver Deposit,         12	銀礦,         12	draft	目標159
NAMES.TXT:@RESOURCE:0x0000088C	NAMES.TXT	4bf5ba261f71e9215450801d0ac4b00a66e91b046a3b592516524bea03bd6061	0x0000088C	25	89c59f0257eff2fbb600e8ccf169b4fa1816e50d0ec819585de6972583107096	Ore Deposit,            6	礦區,            6	draft	目標159；不換：Ore Deposit 譯礦區
NAMES.TXT:@CLASS:0x00000C94	NAMES.TXT	4bf5ba261f71e9215450801d0ac4b00a66e91b046a3b592516524bea03bd6061	0x00000C94	25	4087df6fb52920c932d17e1a3491cb8bc496731be8566f63e4f1c581859205a1	Petty Criminals,      300	輕刑罪犯,      300	draft	目標159
NAMES.TXT:@CLASS:0x00000CAF	NAMES.TXT	4bf5ba261f71e9215450801d0ac4b00a66e91b046a3b592516524bea03bd6061	0x00000CAF	25	48fb8ee3213cba6e251903861145d7b8ab13151cbe880fc7b440a9146404d961	Indentured Servants,  400	僕役,  400	draft	目標159
NAMES.TXT:@CLASS:0x00000CCA	NAMES.TXT	4bf5ba261f71e9215450801d0ac4b00a66e91b046a3b592516524bea03bd6061	0x00000CCA	25	3b69941b941f97fc3e1357b978eea8c3be3b173fa7b93d1e1141bfa3a546e1e0	Peasant Farmers,      600	佃農,      600	draft	目標159；術語表無「Peasant Farmer」對應項，與職業 Farmer（農夫）為不同用詞，先直譯。；不換：Peasant Farmers 是社會階級「佃農」
NAMES.TXT:@CLASS:0x00000CE5	NAMES.TXT	4bf5ba261f71e9215450801d0ac4b00a66e91b046a3b592516524bea03bd6061	0x00000CE5	25	d9f82a8a7308b12985545aa083f53da17d9a9661f4d453aeea635ddfbd8ea3e3	Skilled Craftsmen,    800	熟練工匠,    800	draft	目標159
NAMES.TXT:@CLASS:0x00000D00	NAMES.TXT	4bf5ba261f71e9215450801d0ac4b00a66e91b046a3b592516524bea03bd6061	0x00000D00	25	f2eb35bb7956a2623a08fe6a51b82dc51bb1f7fc9fb2af123b2ed1695f01c92d	Hardy Pioneers,      1450	強健前鋒,      1450	draft	目標159
NAMES.TXT:@CLASS:0x00000D1B	NAMES.TXT	4bf5ba261f71e9215450801d0ac4b00a66e91b046a3b592516524bea03bd6061	0x00000D1B	25	e0c32436d36bcca6a5a80b9b62e1c203168520b7477b88ddbd848e9b2e1c81ce	Town Merchants,      1500	市鎮商人,      1500	draft	目標159
NAMES.TXT:@CLASS:0x00000D36	NAMES.TXT	4bf5ba261f71e9215450801d0ac4b00a66e91b046a3b592516524bea03bd6061	0x00000D36	25	d848f2ad5e9b05bd1082b1e2c56f4329955657655df646a3ba324c54a412dd89	Trained Mercenaries, 1900	訓練有素的外籍傭兵, 1900	draft	目標159
NAMES.TXT:@CLASS:0x00000D51	NAMES.TXT	4bf5ba261f71e9215450801d0ac4b00a66e91b046a3b592516524bea03bd6061	0x00000D51	25	f60a0f149757b1abb77cc99200741791225e98c0acd6fb055a5d8d98f2b070d0	Educated Elite,      2000	博學菁英,      2000	draft	目標159
NAMES.TXT:@BUILDING:0x00000E4B	NAMES.TXT	4bf5ba261f71e9215450801d0ac4b00a66e91b046a3b592516524bea03bd6061	0x00000E4B	39	d56536f2925a2c05ac0c3dbf4b0998332342d4677c358496dae3a956a9b5ac31	Stockade,            64,     0, 3, 3, 0	柵欄,            64,     0, 3, 3, 0	draft	目標159
NAMES.TXT:@BUILDING:0x00000E74	NAMES.TXT	4bf5ba261f71e9215450801d0ac4b00a66e91b046a3b592516524bea03bd6061	0x00000E74	40	9aa405e19d8b009476a633224bd12aa3fdc899bd7cab553fc40ad670bf8d4f3d	Fort,                120,   10, 3, 3, 10	堡壘,                120,   10, 3, 3, 10	draft	目標159
NAMES.TXT:@BUILDING:0x00000E9E	NAMES.TXT	4bf5ba261f71e9215450801d0ac4b00a66e91b046a3b592516524bea03bd6061	0x00000E9E	40	632437cf75b1b808e1b28624ab2359614c8a9d51ec95460e94abb625df12138a	Fortress,            320,   20, 3, 8, 15	碉堡,            320,   20, 3, 8, 15	draft	目標159
NAMES.TXT:@BUILDING:0x00000EC8	NAMES.TXT	4bf5ba261f71e9215450801d0ac4b00a66e91b046a3b592516524bea03bd6061	0x00000EC8	39	1ae34a98ce0f31495e95db84f94dbac0bdb606a63dfb21a88bc86f2c884fe3b5	Armory,              52,     0, 1, 1, 5	軍械室,              52,     0, 1, 1, 5	draft	目標159
NAMES.TXT:@BUILDING:0x00000EF1	NAMES.TXT	4bf5ba261f71e9215450801d0ac4b00a66e91b046a3b592516524bea03bd6061	0x00000EF1	40	38b23990313b6ece07520ddde8ccc8f9cd53934b11ef6cae812e18f834fa28ff	Magazine,            120,    5, 1, 8, 10	彈藥庫,            120,    5, 1, 8, 10	draft	目標159
NAMES.TXT:@BUILDING:0x00000F1B	NAMES.TXT	4bf5ba261f71e9215450801d0ac4b00a66e91b046a3b592516524bea03bd6061	0x00000F1B	40	4a31c2b086e04c94d1a2259efd09d8be148bf1ca139779f36209f1799722b2ca	Arsenal,             240,   10, 1, 8, 15	兵工廠,             240,   10, 1, 8, 15	draft	目標159
NAMES.TXT:@BUILDING:0x00000F45	NAMES.TXT	4bf5ba261f71e9215450801d0ac4b00a66e91b046a3b592516524bea03bd6061	0x00000F45	39	6ddf8c2ebcefa16726b7c40ea310f06527164dda5da0ccad28b91f5271ebff36	Docks,               52,     0, 4, 1, 5	碼頭,               52,     0, 4, 1, 5	draft	目標159
NAMES.TXT:@BUILDING:0x00000F6E	NAMES.TXT	4bf5ba261f71e9215450801d0ac4b00a66e91b046a3b592516524bea03bd6061	0x00000F6E	40	fe6ee452ae838e0734b2310890f1290fe43c4e7bb0b9d3be7c50eba7ca25c89d	Drydock,             80,     5, 4, 4, 10	乾船塢,             80,     5, 4, 4, 10	draft	目標159
NAMES.TXT:@BUILDING:0x00000F98	NAMES.TXT	4bf5ba261f71e9215450801d0ac4b00a66e91b046a3b592516524bea03bd6061	0x00000F98	40	e4cf7249289931d70135838e4abffda077b1f2e2e8d8a8a2a398cd566329343e	Shipyard,            240,   10, 4, 8, 15	造船廠,            240,   10, 4, 8, 15	draft	目標159
NAMES.TXT:@BUILDING:0x00000FC2	NAMES.TXT	4bf5ba261f71e9215450801d0ac4b00a66e91b046a3b592516524bea03bd6061	0x00000FC2	39	0bed1c707bf11607fa0188b64afb2b2c141d7ad30616da05991a539558db652c	Town Hall,           64,     0, 2, 1, 0	市政大廳,           64,     0, 2, 1, 0	draft	目標159
NAMES.TXT:@BUILDING:0x00000FEB	NAMES.TXT	4bf5ba261f71e9215450801d0ac4b00a66e91b046a3b592516524bea03bd6061	0x00000FEB	40	7e7c5c9c44d11fde08283d2b5ec90199ce0c19d11b9da5dc6ef9fcd66b72aa10	Town Hall,           64,     5, 2, 4, 10	市政大廳,           64,     5, 2, 4, 10	draft	目標159
NAMES.TXT:@BUILDING:0x00001015	NAMES.TXT	4bf5ba261f71e9215450801d0ac4b00a66e91b046a3b592516524bea03bd6061	0x00001015	40	99067e574aebeea4981ee8cb262f7d19a3a62d4af262c1187f90a76bc79dccd4	Town Hall,           120,   10, 2, 8, 15	市政大廳,           120,   10, 2, 8, 15	draft	目標159
NAMES.TXT:@BUILDING:0x0000103F	NAMES.TXT	4bf5ba261f71e9215450801d0ac4b00a66e91b046a3b592516524bea03bd6061	0x0000103F	39	f0f719258d7ef14549c9311926b8f768af535bcce676f5a470b5fb902a854147	Schoolhouse,         64,     0, 1, 4, 5	學校,         64,     0, 1, 4, 5	draft	目標159
NAMES.TXT:@BUILDING:0x00001068	NAMES.TXT	4bf5ba261f71e9215450801d0ac4b00a66e91b046a3b592516524bea03bd6061	0x00001068	40	3a6e4d314425eec1fe9b7d6bdbc6fc8391432db9b1a87d1bb9a610c357035762	College,             160,    5, 1, 8, 10	學院,             160,    5, 1, 8, 10	draft	目標159
NAMES.TXT:@BUILDING:0x00001092	NAMES.TXT	4bf5ba261f71e9215450801d0ac4b00a66e91b046a3b592516524bea03bd6061	0x00001092	40	fd2b69b33661f451ebde50b4f83b4dc19455c0110e897c1003fc5c96675490e2	University,          200,   10, 1,10, 15	大學,          200,   10, 1,10, 15	draft	目標159
NAMES.TXT:@BUILDING:0x000010BC	NAMES.TXT	4bf5ba261f71e9215450801d0ac4b00a66e91b046a3b592516524bea03bd6061	0x000010BC	39	fabb6dc56a9aff7ada7787d92ad71976f9c4a710761023c04437c9f9ec5da806	Warehouse,           80,     0, 1, 1, 5	倉庫,           80,     0, 1, 1, 5	draft	目標159
NAMES.TXT:@BUILDING:0x000010E5	NAMES.TXT	4bf5ba261f71e9215450801d0ac4b00a66e91b046a3b592516524bea03bd6061	0x000010E5	39	3d1ba421aa5dc5e26eb1b4ac67797565cfe6f20b5c2ec3b217cfbbdc35370f63	Warehouse Expansion, 80,     2, 1, 1, 5	倉庫擴建, 80,     2, 1, 1, 5	draft	目標159
NAMES.TXT:@BUILDING:0x0000110E	NAMES.TXT	4bf5ba261f71e9215450801d0ac4b00a66e91b046a3b592516524bea03bd6061	0x0000110E	39	509d05653ca104dd30a2c9ca3706e1c32bdfde9ae4238899301c88bb1f943990	Stable,              64,     0, 0, 1, 5	馬廄,              64,     0, 0, 1, 5	draft	目標159
NAMES.TXT:@BUILDING:0x00001137	NAMES.TXT	4bf5ba261f71e9215450801d0ac4b00a66e91b046a3b592516524bea03bd6061	0x00001137	40	21de3c5a5d990e2b10dc9454bfefcd197d8a7e396e598a0f80df7a7cf4694d46	Custom House,        160,    5, 0, 1, 15	海關,        160,    5, 0, 1, 15	draft	目標159
NAMES.TXT:@BUILDING:0x00001161	NAMES.TXT	4bf5ba261f71e9215450801d0ac4b00a66e91b046a3b592516524bea03bd6061	0x00001161	39	8e65f89b67465145502e0c256fe05a43ae850f1aa993232796511ddc4ee08370	Printing Press,      52,     2, 0, 1, 5	印刷廠,      52,     2, 0, 1, 5	draft	目標159
NAMES.TXT:@BUILDING:0x0000118A	NAMES.TXT	4bf5ba261f71e9215450801d0ac4b00a66e91b046a3b592516524bea03bd6061	0x0000118A	40	64b519ecd5281a0a6a4ed9060fdb4542c1ca2837f9cc2e9a2c629ecdd07d3f5e	Newspaper,           120,    5, 0, 4, 10	報社,           120,    5, 0, 4, 10	draft	目標159
NAMES.TXT:@BUILDING:0x000011B4	NAMES.TXT	4bf5ba261f71e9215450801d0ac4b00a66e91b046a3b592516524bea03bd6061	0x000011B4	39	7687b99c5fe5f7a06280221ca46433b0e9dac1dbc021fe0327b18093968c347c	Weaver's House,      64,     0, 0, 1, 0	紡織舖,      64,     0, 0, 1, 0	draft	目標159
NAMES.TXT:@BUILDING:0x000011DD	NAMES.TXT	4bf5ba261f71e9215450801d0ac4b00a66e91b046a3b592516524bea03bd6061	0x000011DD	39	12ded8d6bc6eeb6a9e5bc9b7c19d91abe6c4960f646197e5f4bf1d2c44a11630	Weaver's Shop,       64,     2, 0, 1, 5	織布工工坊,       64,     2, 0, 1, 5	draft	目標159
NAMES.TXT:@BUILDING:0x00001206	NAMES.TXT	4bf5ba261f71e9215450801d0ac4b00a66e91b046a3b592516524bea03bd6061	0x00001206	40	17c3a5f216091216382a591498c39bd7c6890e8973fc1b9acce565b9bcc0d446	Textile Mill,        160,   10, 0, 8, 15	紡織廠,        160,   10, 0, 8, 15	draft	目標159
NAMES.TXT:@BUILDING:0x00001230	NAMES.TXT	4bf5ba261f71e9215450801d0ac4b00a66e91b046a3b592516524bea03bd6061	0x00001230	39	57ebc0897b600987c0eea6dd05435d59d858d5b950464065a04fd2892c24d6cf	Tobacconist's House, 64,     0, 0, 1, 0	煙草舖, 64,     0, 0, 1, 0	draft	目標159
NAMES.TXT:@BUILDING:0x00001259	NAMES.TXT	4bf5ba261f71e9215450801d0ac4b00a66e91b046a3b592516524bea03bd6061	0x00001259	39	4449f54cc75d62a6a7b36102d05b5c7452d60ce5caaf33ed7a3dfb5d6b8c1b26	Tobacconist's Shop,  64,     2, 0, 1, 5	煙草商工坊,  64,     2, 0, 1, 5	draft	目標159
NAMES.TXT:@BUILDING:0x00001282	NAMES.TXT	4bf5ba261f71e9215450801d0ac4b00a66e91b046a3b592516524bea03bd6061	0x00001282	40	f52f773f7160523bf665561c2c5fed7e40af7257f0cd8fc5f118dd3bb68b16f8	Cigar Factory,       160,   10, 0, 8, 15	雪茄廠,       160,   10, 0, 8, 15	draft	目標159
NAMES.TXT:@BUILDING:0x000012AC	NAMES.TXT	4bf5ba261f71e9215450801d0ac4b00a66e91b046a3b592516524bea03bd6061	0x000012AC	39	859c9b7d19818a1221c1948f49ab91522b6b6234763bb724e28e5a939baed9ff	Rum Distiller's House, 64,   0, 0, 1, 0	蒸餾廠, 64,   0, 0, 1, 0	draft	目標159
NAMES.TXT:@BUILDING:0x000012D5	NAMES.TXT	4bf5ba261f71e9215450801d0ac4b00a66e91b046a3b592516524bea03bd6061	0x000012D5	39	6a33493250e2557108d529434552fb9877ee3426fd9f5129d7898f09e18f72fb	Rum Distillery,      64,     2, 0, 1, 5	蒸餾所,      64,     2, 0, 1, 5	draft	目標159
NAMES.TXT:@BUILDING:0x000012FE	NAMES.TXT	4bf5ba261f71e9215450801d0ac4b00a66e91b046a3b592516524bea03bd6061	0x000012FE	40	83a84e827cadba33f21e558a14f888de6136d11a63841c071ff42a36709f88a9	Rum Factory,         160,   10, 0, 8, 15	甜酒廠,         160,   10, 0, 8, 15	draft	目標159
NAMES.TXT:@BUILDING:0x00001328	NAMES.TXT	4bf5ba261f71e9215450801d0ac4b00a66e91b046a3b592516524bea03bd6061	0x00001328	40	285c5c0a4cc1118ddd8dde6b348745515e9a82094ce8400a807d2c186c1be161	Capitol,             400,   10, 2,16, 20	議會大廈,             400,   10, 2,16, 20	draft	目標159
NAMES.TXT:@BUILDING:0x00001352	NAMES.TXT	4bf5ba261f71e9215450801d0ac4b00a66e91b046a3b592516524bea03bd6061	0x00001352	40	1f9c4dc4c2d51de101c979a12e9ba4bac9f360b9ba9cc02c3c9aea7c25a6fcd1	Capitol Expansion,   400,   10, 2,16, 10	議會大廈擴建,   400,   10, 2,16, 10	draft	目標159
NAMES.TXT:@BUILDING:0x0000137C	NAMES.TXT	4bf5ba261f71e9215450801d0ac4b00a66e91b046a3b592516524bea03bd6061	0x0000137C	39	74520dccb908ab9f0f2a5159266919ad69296132c72f38b2378a80dc7572766f	Fur Trader's House,  56,     0, 0, 1, 0	毛皮店舖,  56,     0, 0, 1, 0	draft	目標159
NAMES.TXT:@BUILDING:0x000013A5	NAMES.TXT	4bf5ba261f71e9215450801d0ac4b00a66e91b046a3b592516524bea03bd6061	0x000013A5	39	4b24a721cffb5b931f4dcde1bbe7be5902c7326427cbdb035e0f92870caaa8e7	Fur Trading Post,    56,     2, 0, 1, 5	毛皮商人工坊,    56,     2, 0, 1, 5	draft	目標159；定稿表以 Fur Trader's Shop 為鍵（reason 欄註記遊戲印作 Fur Trading Post），沿用其譯名毛皮商人工坊。
NAMES.TXT:@BUILDING:0x000013CE	NAMES.TXT	4bf5ba261f71e9215450801d0ac4b00a66e91b046a3b592516524bea03bd6061	0x000013CE	40	cba0e0a79d841eae818cd9041ca2e6ca114c551051e99d7a945b77a95566bdaf	Fur Factory,         160,   10, 0, 6, 15	毛皮廠,         160,   10, 0, 6, 15	draft	目標159；定稿表無此鍵；毛皮加工鏈頂層建築定稿表作 Coat Factory＝皮衣廠，但本行原文實為 Fur Factory，與 Rum Factory（定稿表已依遊戲資料而非說明書 Sugar Refinery修正）情況相似。譯文暫依原文字面（毛皮）譯為毛皮廠，是否等同 Coat Factory／皮衣廠待覆核。
NAMES.TXT:@BUILDING:0x000013F8	NAMES.TXT	4bf5ba261f71e9215450801d0ac4b00a66e91b046a3b592516524bea03bd6061	0x000013F8	39	2b2d0ba9ec0784905c90557dbd949406de36b874e1989173d323fbd91bda049c	Carpenter's Shop,    39,     0, 1, 1, 0	木匠店,    39,     0, 1, 1, 0	draft	目標159
NAMES.TXT:@BUILDING:0x00001421	NAMES.TXT	4bf5ba261f71e9215450801d0ac4b00a66e91b046a3b592516524bea03bd6061	0x00001421	40	03a80d851becebf528d6981210c8bfe54f787c81259dee4f6114d7f94fe81f7d	Lumber Mill,         52,     0, 1, 3, 10	木材廠,         52,     0, 1, 3, 10	draft	目標159
NAMES.TXT:@BUILDING:0x0000144B	NAMES.TXT	4bf5ba261f71e9215450801d0ac4b00a66e91b046a3b592516524bea03bd6061	0x0000144B	39	14413e9f29a9ac849d1c3bfe60cfed652acf65c1b31ea6a7bd4d919e092ce85e	Church,              64,     0, 2, 3, 5	教堂,              64,     0, 2, 3, 5	draft	目標159
NAMES.TXT:@BUILDING:0x00001474	NAMES.TXT	4bf5ba261f71e9215450801d0ac4b00a66e91b046a3b592516524bea03bd6061	0x00001474	40	23993381d3c04b4e01cdd0ad260c9fe869efd125a512ec8e7f795618569a64ac	Cathedral,           176,   10, 2, 8, 15	大教堂,           176,   10, 2, 8, 15	draft	目標159
NAMES.TXT:@BUILDING:0x0000149E	NAMES.TXT	4bf5ba261f71e9215450801d0ac4b00a66e91b046a3b592516524bea03bd6061	0x0000149E	39	edd7efb8c7d333bc2c200111c4a586fb1b62d7a3b7a4259fad1eaaef17a90b57	Blacksmith's House,  64,     0, 0, 1, 0	鐵匠舖,  64,     0, 0, 1, 0	draft	目標159
NAMES.TXT:@BUILDING:0x000014C7	NAMES.TXT	4bf5ba261f71e9215450801d0ac4b00a66e91b046a3b592516524bea03bd6061	0x000014C7	39	db76edd419bb38f2dfb04c11d673c2738735dc576da7a144ba57f2324f57a8ed	Blacksmith's Shop,   64,     2, 0, 1, 5	鐵匠店,   64,     2, 0, 1, 5	draft	目標159
NAMES.TXT:@BUILDING:0x000014F0	NAMES.TXT	4bf5ba261f71e9215450801d0ac4b00a66e91b046a3b592516524bea03bd6061	0x000014F0	40	9e4f6194f0c1d1f9e1e58f6d5dbcd6234667d78f3893ede77cc651f03350891b	Iron Works,          240,   10, 0, 8, 15	鍊鐵廠,          240,   10, 0, 8, 15	draft	目標159
NAMES.TXT:@SCENARIO:0x0000158B	NAMES.TXT	4bf5ba261f71e9215450801d0ac4b00a66e91b046a3b592516524bea03bd6061	0x0000158B	42	c8b18c6ea52988177c6eb312d25953699e1f83f7aac89a480a2c39ab8227aa92	AMER2,     34, 20, 39, 10, 47, 61,  50, 33	美洲2,     34, 20, 39, 10, 47, 61,  50, 33	draft	目標159；AMER2為5字元代碼，是否為玩家可見的情境名稱未經驗證，暫依 AMERICA 命名模式譯為美洲2，供覆核；不排除為內部代號不應翻譯。
NAMES.TXT:@SCENARIO:0x000015B7	NAMES.TXT	4bf5ba261f71e9215450801d0ac4b00a66e91b046a3b592516524bea03bd6061	0x000015B7	42	315523ebc6547c1ea5e8aa406116e936b8efc1b2adcd99053f174e542aa447df	AMERICA,   56, 27, 67, 12, 66, 42, 84,  65	美洲,   56, 27, 67, 12, 66, 42, 84,  65	draft	目標159
NAMES.TXT:@JOB:0x0000164B	NAMES.TXT	4bf5ba261f71e9215450801d0ac4b00a66e91b046a3b592516524bea03bd6061	0x0000164B	52	01aacc566f2fc828f86bf381f392b6ff979d1a88821aa8aba3a9ee0de9327807	Farmer,             Expert Farmers,          1, 1100	農夫, 專家農夫,          1, 1100	draft	目標159
NAMES.TXT:@JOB:0x00001681	NAMES.TXT	4bf5ba261f71e9215450801d0ac4b00a66e91b046a3b592516524bea03bd6061	0x00001681	51	7286d527eb197f4031b9acc1f004fd6f9dfb6b72abe2ed2df3a9fd38167894f0	Sugar Planter,      Master Sugar Planters,   2,  -1	甘蔗種植者, 專業甘蔗種植者,   2,  -1	draft	目標159；不換：Sugar Planter 種植作物甘蔗
NAMES.TXT:@JOB:0x000016B6	NAMES.TXT	4bf5ba261f71e9215450801d0ac4b00a66e91b046a3b592516524bea03bd6061	0x000016B6	51	77d13704b9bc45d771ef8ea1609b002d712d235aa963b4154167044297f8d68d	Tobacco Planter,    Master Tobacco Planters, 2,  -1	煙草種植者, 專業煙草種植者, 2,  -1	draft	目標159
NAMES.TXT:@JOB:0x000016EB	NAMES.TXT	4bf5ba261f71e9215450801d0ac4b00a66e91b046a3b592516524bea03bd6061	0x000016EB	51	0642044fe9efda6635700d436a3fa72feabf3930d51ac8ce55927317595ac746	Cotton Planter,     Master Cotton Planters,  2,  -1	棉花種植者, 專業棉花種植者,  2,  -1	draft	目標159
NAMES.TXT:@JOB:0x00001720	NAMES.TXT	4bf5ba261f71e9215450801d0ac4b00a66e91b046a3b592516524bea03bd6061	0x00001720	51	c13d5213b013fce640089394783c3f7e190c026fa4739232f46df41f87ddc44b	Fur Trapper,        Expert Fur Trappers,     1,  -1	毛皮獵人, 專業毛皮獵人,     1,  -1	draft	目標159
NAMES.TXT:@JOB:0x00001755	NAMES.TXT	4bf5ba261f71e9215450801d0ac4b00a66e91b046a3b592516524bea03bd6061	0x00001755	51	0761f4de7b1e60ee2ca4519be08ab3c2100676d4dfe3bfe3ff8439f8954ab1da	Lumberjack,         Expert Lumberjacks,      1, 700	伐木工人, 專家伐木工,      1, 700	draft	目標159
NAMES.TXT:@JOB:0x0000178A	NAMES.TXT	4bf5ba261f71e9215450801d0ac4b00a66e91b046a3b592516524bea03bd6061	0x0000178A	51	2e82e2161590ad4021524b89dbfe640b94563366957895fe638efc56bd1faf2a	Ore Miner,          Expert Ore Miners,       1, 600	礦工, 專家礦工,       1, 600	draft	目標159
NAMES.TXT:@JOB:0x000017BF	NAMES.TXT	4bf5ba261f71e9215450801d0ac4b00a66e91b046a3b592516524bea03bd6061	0x000017BF	51	b5b87c567e035125c9e4170aa8d608f6e556ab9458913c90236708dc4baeb9b2	Silver Miner,       Expert Silver Miners,    1, 900	銀礦工, 專家銀礦工,    1, 900	draft	目標159
NAMES.TXT:@JOB:0x000017F4	NAMES.TXT	4bf5ba261f71e9215450801d0ac4b00a66e91b046a3b592516524bea03bd6061	0x000017F4	52	0877df1dcaada8cd239b09687bed498b1ee7aeca81ba59ccf447486d44be5f34	Fisherman,          Expert Fishermen,        1, 1000	漁夫, 專家漁夫,        1, 1000	draft	目標159
NAMES.TXT:@JOB:0x0000182A	NAMES.TXT	4bf5ba261f71e9215450801d0ac4b00a66e91b046a3b592516524bea03bd6061	0x0000182A	52	4df2c3dd3cf58e7fd7278a8e65196369ca01515d6ff6d7376ce90c62b33222ae	Distiller,          Master Distiller,        2, 1100	釀酒人, 釀酒專家,        2, 1100	draft	目標159
NAMES.TXT:@JOB:0x00001860	NAMES.TXT	4bf5ba261f71e9215450801d0ac4b00a66e91b046a3b592516524bea03bd6061	0x00001860	52	84c60a4aeb1e6f2c6b1c0f6ec8cbb4f9675cd82bd29a8f999fc4887b453a28f6	Tobacconist,        Master Tobacconists,     2, 1200	煙草商, 專業煙草商,     2, 1200	draft	目標159
NAMES.TXT:@JOB:0x00001896	NAMES.TXT	4bf5ba261f71e9215450801d0ac4b00a66e91b046a3b592516524bea03bd6061	0x00001896	52	555b5dbb6e9e7ef4a9511670634d615889704433a8ce56eb45cb71cfa9741504	Weaver,             Master Weavers,          2, 1300	織布工, 專業織布工,          2, 1300	draft	目標159
NAMES.TXT:@JOB:0x000018CC	NAMES.TXT	4bf5ba261f71e9215450801d0ac4b00a66e91b046a3b592516524bea03bd6061	0x000018CC	51	a7fc53d75413c555a71faafa4611b6f7a4387886baf54b3b934e58e26c37d715	Fur Trader,         Master Fur Traders,      2, 950	毛皮商人, 專業毛皮商人,      2, 950	draft	目標159
NAMES.TXT:@JOB:0x00001901	NAMES.TXT	4bf5ba261f71e9215450801d0ac4b00a66e91b046a3b592516524bea03bd6061	0x00001901	52	326dcefcbf8a005e920ad2068461ad459a88cfde040bfcd615098c3686d31777	Carpenter,          Master Carpenters,       1, 1000	木匠, 專家木匠,       1, 1000	draft	目標159
NAMES.TXT:@JOB:0x00001937	NAMES.TXT	4bf5ba261f71e9215450801d0ac4b00a66e91b046a3b592516524bea03bd6061	0x00001937	52	242e90e77bb41c15b213f31edd7b3dffaf94ca8371d6b511d0df06b8317552d8	Blacksmith,         Master Blacksmiths,      2, 1050	鐵匠, 專家鐵匠,      2, 1050	draft	目標159
NAMES.TXT:@JOB:0x0000196D	NAMES.TXT	4bf5ba261f71e9215450801d0ac4b00a66e91b046a3b592516524bea03bd6061	0x0000196D	51	4eb2e0a3d62bb451b88703a3f43623717b9d1e786414af81023531074ee012ca	Gunsmith,           Master Gunsmiths,        2, 850	槍匠, 專業槍匠,        2, 850	draft	目標159
NAMES.TXT:@JOB:0x000019A2	NAMES.TXT	4bf5ba261f71e9215450801d0ac4b00a66e91b046a3b592516524bea03bd6061	0x000019A2	52	d942fa6a48dc7e6ffe6b93ab549d99d1e65e948f69446a673c6d0c84115c4544	Preacher,           Firebrand Preachers,     3, 1500	牧師, 激進牧師,     3, 1500	draft	目標159
NAMES.TXT:@JOB:0x000019D8	NAMES.TXT	4bf5ba261f71e9215450801d0ac4b00a66e91b046a3b592516524bea03bd6061	0x000019D8	52	6fd48887059e5742b37b1aec540757b79b25f48928b5c3fd7e3b77d3c8ce62de	Statesman,          Elder Statesmen,         3, 1900	政治家, 資深政治家,         3, 1900	draft	目標159
NAMES.TXT:@JOB:0x00001A0E	NAMES.TXT	4bf5ba261f71e9215450801d0ac4b00a66e91b046a3b592516524bea03bd6061	0x00001A0E	50	052bf40921bcfba00b27ba6145b4e48992a8caa916e12d4b575ddc010d3c5d99	Teacher,            Expert Teachers,         4, -1	教師, 專家教師,         4, -1	draft	目標159；定稿表無 Teacher／Expert Teacher 詞條，依同表其他職業「Expert+基礎詞」構詞法暫譯教師／專家教師，供覆核。
NAMES.TXT:@JOB:0x00001A42	NAMES.TXT	4bf5ba261f71e9215450801d0ac4b00a66e91b046a3b592516524bea03bd6061	0x00001A42	50	0f40c80e33912a9f7c2b9ed3e9ca8051587eba077856e1bd84b1d85ab3e4d84e	Colonist,           Free Colonists,          4, -1	殖民地居民, 自由移民,          4, -1	draft	目標159
NAMES.TXT:@JOB:0x00001A76	NAMES.TXT	4bf5ba261f71e9215450801d0ac4b00a66e91b046a3b592516524bea03bd6061	0x00001A76	52	46340fd556bc567b08d5abf953d9f9f56e671f90dd6de1f7044745c6ebbab0e2	Pioneer,            Hardy Pioneers,          1, 1200	前鋒, 強健前鋒,          1, 1200	draft	目標159
NAMES.TXT:@JOB:0x00001AAC	NAMES.TXT	4bf5ba261f71e9215450801d0ac4b00a66e91b046a3b592516524bea03bd6061	0x00001AAC	52	3022349dcfda38552605164774a37ce56241cef7b6e6e36a70f39e351f5a9a48	Soldier,            Veteran Soldiers,        2, 2000	士兵, 老手級士兵,        2, 2000	draft	目標159
NAMES.TXT:@JOB:0x00001AE2	NAMES.TXT	4bf5ba261f71e9215450801d0ac4b00a66e91b046a3b592516524bea03bd6061	0x00001AE2	50	1289f64c2d9c4e74a670f235ba911ccc3e48a8966bf938d5797336fcdf7f410c	Scout,              Seasoned Scouts,         1, -1	斥候, 資深斥候,         1, -1	draft	目標159
NAMES.TXT:@JOB:0x00001B16	NAMES.TXT	4bf5ba261f71e9215450801d0ac4b00a66e91b046a3b592516524bea03bd6061	0x00001B16	50	742f1a64b7c4dc168e931abe171ed0a6d091e2287f93602118caf5f19401abee	Dragoon,            Veteran Dragoons,        2, -1	龍騎兵, 老手級龍騎兵,        2, -1	draft	目標159
NAMES.TXT:@JOB:0x00001B4A	NAMES.TXT	4bf5ba261f71e9215450801d0ac4b00a66e91b046a3b592516524bea03bd6061	0x00001B4A	52	bb98c18485a3e1361ba0bac1ed465c3ae50b985e2d262b1036e69bf88b3394d2	Missionary,         Jesuit Missionaries,     3, 1400	傳教士, 專業傳教士,     3, 1400	draft	目標159
NAMES.TXT:@JOB:0x00001B80	NAMES.TXT	4bf5ba261f71e9215450801d0ac4b00a66e91b046a3b592516524bea03bd6061	0x00001B80	50	f8db7d79b938cee5d6fec4f1e2d733879c7519714ca471d12aff928e58dd0293	Ind. Servant,       Indentured Servants,     4, -1	僕役, 僕役,     4, -1	draft	目標159；原文為 Indentured Servant 的縮寫；定稿表 Indentured Servant＝僕役，兩欄皆用同一譯名。
NAMES.TXT:@JOB:0x00001BB4	NAMES.TXT	4bf5ba261f71e9215450801d0ac4b00a66e91b046a3b592516524bea03bd6061	0x00001BB4	50	dbe989b669e766909f73f1531b68b70bc9a3f95668a5f26f3d8dac94dd1171c0	Criminal,           Petty Criminals,         4, -1	罪犯, 輕刑罪犯,         4, -1	draft	目標159；原文為 Petty Criminal 的縮寫，對應定稿表輕刑罪犯；縮寫欄比照原文簡短改用罪犯（定稿表列為變體之一）。
NAMES.TXT:@JOB:0x00001BE8	NAMES.TXT	4bf5ba261f71e9215450801d0ac4b00a66e91b046a3b592516524bea03bd6061	0x00001BE8	50	374849d02d9b5fa087725b688dfef56d5a0a8c1d520f084d0c47fec52ddc878c	Convert,            Indian Converts,         4, -1	歸順者, 印地安歸順者,         4, -1	draft	目標159；原文為 Indian Convert 的縮寫，對應定稿表印地安歸順者；縮寫欄比照原文簡短改用歸順者。
NAMES.TXT:@CARGO:0x00001F17	NAMES.TXT	4bf5ba261f71e9215450801d0ac4b00a66e91b046a3b592516524bea03bd6061	0x00001F17	47	85045b4eecce95e1822a1a3174c68e3f0ad1d5b82d74212266aeee69a9ccdb7b	Food,         1,  3,  1,  6,  7,  3,  2, -1,  0	食物,         1,  3,  1,  6,  7,  3,  2, -1,  0	draft	目標159
NAMES.TXT:@CARGO:0x00001F48	NAMES.TXT	4bf5ba261f71e9215450801d0ac4b00a66e91b046a3b592516524bea03bd6061	0x00001F48	47	1bdbe80618424799a6d88e038e42622884838e6c3f33081410d92acbc319a61f	Sugar,        4,  7,  3,  7,  1,  4,  6, -8,  1	蔗糖,        4,  7,  3,  7,  1,  4,  6, -8,  1	draft	目標159
NAMES.TXT:@CARGO:0x00001F79	NAMES.TXT	4bf5ba261f71e9215450801d0ac4b00a66e91b046a3b592516524bea03bd6061	0x00001F79	47	fe4c57029a0aa6dd70828cd79051f34a5ec6f3b46d54bdd98e400298e791089f	Tobacco,      3,  5,  2,  5,  1,  4,  8,-10,  1	煙草,      3,  5,  2,  5,  1,  4,  8,-10,  1	draft	目標159
NAMES.TXT:@CARGO:0x00001FAA	NAMES.TXT	4bf5ba261f71e9215450801d0ac4b00a66e91b046a3b592516524bea03bd6061	0x00001FAA	47	3164db1c5fe6f56333f41fefd517e7d4d0c2c20ae64854fdb97be1b5f034ed3b	Cotton,       2,  5,  2,  5,  1,  4,  6,-11,  1	棉花,       2,  5,  2,  5,  1,  4,  6,-11,  1	draft	目標159
NAMES.TXT:@CARGO:0x00001FDB	NAMES.TXT	4bf5ba261f71e9215450801d0ac4b00a66e91b046a3b592516524bea03bd6061	0x00001FDB	47	74c3441c7d1bd8ec57e40a54ac28e9234debbffd3f84d580e011adfd1d37759d	Furs,         4,  6,  2,  6,  1,  4, 20,-13,  1	毛皮,         4,  6,  2,  6,  1,  4, 20,-13,  1	draft	目標159
NAMES.TXT:@CARGO:0x0000200C	NAMES.TXT	4bf5ba261f71e9215450801d0ac4b00a66e91b046a3b592516524bea03bd6061	0x0000200C	47	379f0bc1eddb31e76cee07279e613eb0e14bb136a51adf31611e290884c05d7e	Lumber,       2,  2,  2,  2,  4,  3,  2,  0,  0	木材,       2,  2,  2,  2,  4,  3,  2,  0,  0	draft	目標159
NAMES.TXT:@CARGO:0x0000203D	NAMES.TXT	4bf5ba261f71e9215450801d0ac4b00a66e91b046a3b592516524bea03bd6061	0x0000203D	47	589a971fcce7a5a6edc3a88abcba3a547595413dbd53cd47c9eb496c22fecc16	Ore,          3,  6,  2,  6,  2,  2,  4, -7,  0	礦石,          3,  6,  2,  6,  2,  2,  4, -7,  0	draft	目標159
NAMES.TXT:@CARGO:0x0000206E	NAMES.TXT	4bf5ba261f71e9215450801d0ac4b00a66e91b046a3b592516524bea03bd6061	0x0000206E	47	368b8fe94873f34e54ef2458059016c352ee4831579ce1d5bc5be608fe922c95	Silver,      20, 20,  2, 20,  0,  8,  1, -8,  2	銀,      20, 20,  2, 20,  0,  8,  1, -8,  2	draft	目標159
NAMES.TXT:@CARGO:0x0000209F	NAMES.TXT	4bf5ba261f71e9215450801d0ac4b00a66e91b046a3b592516524bea03bd6061	0x0000209F	47	30ea357bf82c8caddbf1bbea8b72c931d51a6272f979dbb59bcd921baf5c1185	Horses,       2,  3,  2, 11,  0,  3,  2, -3,  0	馬,       2,  3,  2, 11,  0,  3,  2, -3,  0	draft	目標159
NAMES.TXT:@CARGO:0x000020D0	NAMES.TXT	4bf5ba261f71e9215450801d0ac4b00a66e91b046a3b592516524bea03bd6061	0x000020D0	47	3a848da6056bf40b5f022f6a3714c5e3a902c489f2a7caf5afa49f24c1ac015f	Rum,         11, 13,  1, 20,  0,  4,  4,-12,  1	甜酒,         11, 13,  1, 20,  0,  4,  4,-12,  1	draft	目標159
NAMES.TXT:@CARGO:0x00002101	NAMES.TXT	4bf5ba261f71e9215450801d0ac4b00a66e91b046a3b592516524bea03bd6061	0x00002101	47	16af1157d8343214fdf543fcbb4ebcea3ba7f01dfbbdb308e12d73aed302f015	Cigars,      11, 13,  1, 20,  0,  4,  4,-11,  1	雪茄,      11, 13,  1, 20,  0,  4,  4,-11,  1	draft	目標159
NAMES.TXT:@CARGO:0x00002132	NAMES.TXT	4bf5ba261f71e9215450801d0ac4b00a66e91b046a3b592516524bea03bd6061	0x00002132	47	680811167944ec2a4194bbcaca6c5e3579e64d86c83657fa4ad2a142dc26f089	Cloth,       11, 13,  1, 20,  0,  4,  4,-13,  1	衣服,       11, 13,  1, 20,  0,  4,  4,-13,  1	draft	目標159
NAMES.TXT:@CARGO:0x00002163	NAMES.TXT	4bf5ba261f71e9215450801d0ac4b00a66e91b046a3b592516524bea03bd6061	0x00002163	47	ddf11f87fbd86aeeaa7852eba1b9db3e1ef4e0679874cf1ba3724141df0503b0	Coats,       11, 13,  1, 20,  0,  4,  4,-11,  1	皮衣,       11, 13,  1, 20,  0,  4,  4,-11,  1	draft	目標159
NAMES.TXT:@CARGO:0x00002194	NAMES.TXT	4bf5ba261f71e9215450801d0ac4b00a66e91b046a3b592516524bea03bd6061	0x00002194	47	5dce453564f80fe44420828955bea57cdd36f96de0319e2db8ac13102266718b	Trade Goods,  2,  3,  2, 12,  0,  2,  3,  4,  0	交易商品,  2,  3,  2, 12,  0,  2,  3,  4,  0	draft	目標159
NAMES.TXT:@CARGO:0x000021F6	NAMES.TXT	4bf5ba261f71e9215450801d0ac4b00a66e91b046a3b592516524bea03bd6061	0x000021F6	47	2bb2efe3c7b06434467425129a9dfedfe33d2d63008e4607a920e60d2ef4e491	Muskets,      3,  3,  2, 20,  0,  2,  2,  6,  0	槍,      3,  3,  2, 20,  0,  2,  2,  6,  0	draft	目標159
NAMES.TXT:@UNIT:0x00002318	NAMES.TXT	4bf5ba261f71e9215450801d0ac4b00a66e91b046a3b592516524bea03bd6061	0x00002318	55	89eab42224a943c05138de5c3660bf5dd73b4df70e2ec0a9e8bd7cc3d13092ef	Colonists,    101, 1, 0, 1, 0, 1, 1,  0, 0, 0, 01000000	殖民地居民,    101, 1, 0, 1, 0, 1, 1,  0, 0, 0, 01000000	draft	目標159
NAMES.TXT:@UNIT:0x00002351	NAMES.TXT	4bf5ba261f71e9215450801d0ac4b00a66e91b046a3b592516524bea03bd6061	0x00002351	55	16b28c1d614dcfab05b1b33f5c70178c25fd24e3c9ff4a5d1f96c76e1011c48e	Soldiers,     103, 1, 2, 2, 0, 1, 2,  0, 0, 0, 00011100	士兵,     103, 1, 2, 2, 0, 1, 2,  0, 0, 0, 00011100	draft	目標159
NAMES.TXT:@UNIT:0x0000238A	NAMES.TXT	4bf5ba261f71e9215450801d0ac4b00a66e91b046a3b592516524bea03bd6061	0x0000238A	55	ffde16e9fdefe5e51dfaf76aff613650cbc449dbc57a0f71c61d599434cf7c06	Pioneers,     102, 1, 0, 1, 0, 1, 2,  0, 0, 0, 01000000	前鋒,     102, 1, 0, 1, 0, 1, 2,  0, 0, 0, 01000000	draft	目標159
NAMES.TXT:@UNIT:0x000023C3	NAMES.TXT	4bf5ba261f71e9215450801d0ac4b00a66e91b046a3b592516524bea03bd6061	0x000023C3	55	9fdc3ef595f5a20884af5b41a905a633dd8d61ab530674b86276512804f1f96d	Missionaries, 106, 2, 0, 1, 0, 1, 1,  0, 0, 0, 00100000	傳教士, 106, 2, 0, 1, 0, 1, 1,  0, 0, 0, 00100000	draft	目標159
NAMES.TXT:@UNIT:0x000023FC	NAMES.TXT	4bf5ba261f71e9215450801d0ac4b00a66e91b046a3b592516524bea03bd6061	0x000023FC	55	18df05d3ae495859c0aea2113e5c3e73c5cdf650957ec0afefdfd6fc7ab144ec	Dragoons,     105, 4, 3, 3, 0, 1, 3,  0, 0, 0, 00111100	龍騎兵,     105, 4, 3, 3, 0, 1, 3,  0, 0, 0, 00111100	draft	目標159
NAMES.TXT:@UNIT:0x00002435	NAMES.TXT	4bf5ba261f71e9215450801d0ac4b00a66e91b046a3b592516524bea03bd6061	0x00002435	55	330ff3caed9313a039f3491117077da5e378aa9f91fdc52dc83ed0ff672fbc98	Scouts,       104, 4, 1, 1, 0, 1, 2,  0, 0, 0, 01100100	斥候,       104, 4, 1, 1, 0, 1, 2,  0, 0, 0, 01100100	draft	目標159
NAMES.TXT:@UNIT:0x0000246E	NAMES.TXT	4bf5ba261f71e9215450801d0ac4b00a66e91b046a3b592516524bea03bd6061	0x0000246E	55	b38e064309cdec93e27f718797482431e6bafa14a3e3263692e2482a836473f8	Regulars,     126, 1, 5, 5, 0, 1, 3,  0, 0, 0, 00011100	正規軍,     126, 1, 5, 5, 0, 1, 3,  0, 0, 0, 00011100	draft	目標159
NAMES.TXT:@UNIT:0x000024A7	NAMES.TXT	4bf5ba261f71e9215450801d0ac4b00a66e91b046a3b592516524bea03bd6061	0x000024A7	55	0b057ccca92be130fa4364774491ac4a7f0ac8d767a8d68ab7185d13548633fc	Cont. Cav.,   130, 4, 5, 5, 0, 1, 3,  0, 0, 0, 00011100	大陸騎兵,   130, 4, 5, 5, 0, 1, 3,  0, 0, 0, 00011100	draft	目標159
NAMES.TXT:@UNIT:0x000024E0	NAMES.TXT	4bf5ba261f71e9215450801d0ac4b00a66e91b046a3b592516524bea03bd6061	0x000024E0	55	25fa5a7b255cdf4749eb14ced0af2a87a47b98391271e2db0cee8a7efe5a73bf	Cavalry,      127, 4, 6, 6, 0, 1, 4,  0, 0, 0, 00011100	騎兵,      127, 4, 6, 6, 0, 1, 4,  0, 0, 0, 00011100	draft	目標159
NAMES.TXT:@UNIT:0x00002519	NAMES.TXT	4bf5ba261f71e9215450801d0ac4b00a66e91b046a3b592516524bea03bd6061	0x00002519	55	17bc4c15f0324a6b3902a5f199c379646dbad68de049bbf52576db59ac98151e	Cont. Army,   129, 1, 4, 4, 0, 1, 3,  0, 0, 0, 00011100	大陸正規軍,   129, 1, 4, 4, 0, 1, 3,  0, 0, 0, 00011100	draft	目標159
NAMES.TXT:@UNIT:0x00002552	NAMES.TXT	4bf5ba261f71e9215450801d0ac4b00a66e91b046a3b592516524bea03bd6061	0x00002552	55	8cb3dd2d0c166ac2bbd43eb1d6dfff948433335c1fcf7315e79e11e65b1188a7	Treasure,      17, 1, 0, 0, 0, 6, 4,  0, 0, 0, 00000000	運財列車,      17, 1, 0, 0, 0, 6, 4,  0, 0, 0, 00000000	draft	目標159；原文縮寫 Treasure；對應單位定稿表 Treasure Train＝運財列車（PEDIA.TXT:@UNIT10 同名譯文），非概念詞 Treasure＝寶藏，依單位語境選運財列車。；不換：單位 Treasure 即運財列車
NAMES.TXT:@UNIT:0x0000258B	NAMES.TXT	4bf5ba261f71e9215450801d0ac4b00a66e91b046a3b592516524bea03bd6061	0x0000258B	55	92da10bf62383985501e315efa30490cd0775587fcd1557e3bc012d7bdcba568	Artillery,     10, 1, 7, 5, 0, 1, 6,  4, 0, 0, 00011000	砲台,     10, 1, 7, 5, 0, 1, 6,  4, 0, 0, 00011000	draft	目標159
NAMES.TXT:@UNIT:0x000025C4	NAMES.TXT	4bf5ba261f71e9215450801d0ac4b00a66e91b046a3b592516524bea03bd6061	0x000025C4	55	2c7d5316c8037a29e9027d2e79fd4e398428feae75b3dc7296f4ba13339b0b17	Wagon Train,    9, 2, 0, 1, 2,99, 1,  0, 0, 0, 00000000	貨車,    9, 2, 0, 1, 2,99, 1,  0, 0, 0, 00000000	draft	目標159
NAMES.TXT:@UNIT:0x00002636	NAMES.TXT	4bf5ba261f71e9215450801d0ac4b00a66e91b046a3b592516524bea03bd6061	0x00002636	55	37d3d1cf9e514a3d2106d953e56ee9bb483abfe534a6377d04371b37ae22a9ee	Merchantman,    7, 5, 0, 6, 4,99, 6,  8, 1, 8, 10000010	商船,    7, 5, 0, 6, 4,99, 6,  8, 1, 8, 10000010	draft	目標159
NAMES.TXT:@UNIT:0x0000266F	NAMES.TXT	4bf5ba261f71e9215450801d0ac4b00a66e91b046a3b592516524bea03bd6061	0x0000266F	55	41d3bd8bcd55df7f1ecf836d008b80cc05d0265cf16166e22c5389df437da1fe	Galleon,        8, 6, 0,10, 6,99, 10,10, 4,20, 10000010	帆船,        8, 6, 0,10, 6,99, 10,10, 4,20, 10000010	draft	目標159
NAMES.TXT:@UNIT:0x000026A8	NAMES.TXT	4bf5ba261f71e9215450801d0ac4b00a66e91b046a3b592516524bea03bd6061	0x000026A8	55	81dac96b6a8c742f6a8e1e25364bd011c63711f44603622bd9e18323c0e277d8	Privateer,     15, 8, 8, 8, 2,99, 8, 12, 4,12, 00000001	私掠船,     15, 8, 8, 8, 2,99, 8, 12, 4,12, 00000001	draft	目標159
NAMES.TXT:@UNIT:0x000026E1	NAMES.TXT	4bf5ba261f71e9215450801d0ac4b00a66e91b046a3b592516524bea03bd6061	0x000026E1	55	b4dfbddd34e4918e62aac8ee0a91e4b46ee7a09dc1c014eb5319e43b3c7a09b3	Frigate,       16, 6,16,16, 4,99, 16,20,12,32, 10000001	快速艦,       16, 6,16,16, 4,99, 16,20,12,32, 10000001	draft	目標159
NAMES.TXT:@UNIT:0x0000271A	NAMES.TXT	4bf5ba261f71e9215450801d0ac4b00a66e91b046a3b592516524bea03bd6061	0x0000271A	55	d64f79463b9da6f71e5355c76aee47e40a955be2de2a78261301027ae4d366dc	Man-O-War,    128, 5,24,24, 6,99, 32,90,32,64, 10000001	戰船,    128, 5,24,24, 6,99, 32,90,32,64, 10000001	draft	目標159
NAMES.TXT:@UNIT:0x00002753	NAMES.TXT	4bf5ba261f71e9215450801d0ac4b00a66e91b046a3b592516524bea03bd6061	0x00002753	74	7c667367a9caf6cd0ed33ace3810d4e16dc624fea0c94b958902550f450cf081	Braves,       110, 1, 1, 1, 0, 0, 1,  0, 0, 0, 00111000     ; Indian types	勇士,       110, 1, 1, 1, 0, 0, 1,  0, 0, 0, 00111000 ; 原住民類型	draft	目標159；行尾附原始英文註解 ; Indian types，已一併譯出。；不換：行尾分號註解非畫面文字
NAMES.TXT:@UNIT:0x0000279F	NAMES.TXT	4bf5ba261f71e9215450801d0ac4b00a66e91b046a3b592516524bea03bd6061	0x0000279F	55	ff4f82314c40cce4bf4f1afef462ca8b73cafdfc6b6be424f530418a832a0877	Armed Braves, 111, 1, 2, 2, 0, 0, 2,  0, 0, 0, 00111000	武裝勇士, 111, 1, 2, 2, 0, 0, 2,  0, 0, 0, 00111000	draft	目標159
NAMES.TXT:@UNIT:0x000027D8	NAMES.TXT	4bf5ba261f71e9215450801d0ac4b00a66e91b046a3b592516524bea03bd6061	0x000027D8	55	0993d37e732b67f4775c1fb97c126935901692f76ad073195f778c27278dd867	Mtd. Braves,  112, 4, 2, 2, 0, 0, 2,  0, 0, 0, 00111000	騎馬的勇士,  112, 4, 2, 2, 0, 0, 2,  0, 0, 0, 00111000	draft	目標159
NAMES.TXT:@UNIT:0x00002811	NAMES.TXT	4bf5ba261f71e9215450801d0ac4b00a66e91b046a3b592516524bea03bd6061	0x00002811	55	abf5286593c827f1bbbe6234114af3f2216b2150a12ada2a7e8b5be875b038a1	Mtd. Warriors,113, 4, 3, 3, 0, 0, 3,  0, 0, 0, 00111000	騎馬的戰士,113, 4, 3, 3, 0, 0, 3,  0, 0, 0, 00111000	draft	目標159
NAMES.TXT:@ORDERS:0x0000287F	NAMES.TXT	4bf5ba261f71e9215450801d0ac4b00a66e91b046a3b592516524bea03bd6061	0x0000287F	19	e49498a03053540bce5e10e3936f81c5c88ec98df9cb70b8d7878eba1f4d54eb	Trade Route,      T	貿易路線,      T	draft	目標159
NAMES.TXT:@ORDERS:0x00002894	NAMES.TXT	4bf5ba261f71e9215450801d0ac4b00a66e91b046a3b592516524bea03bd6061	0x00002894	19	d536bbc6a151d1f0af559b3788d01daf23c7bbf886524b79de748500f7d48940	Go To,            G	前往,            G	draft	目標159
NAMES.TXT:@ORDERS:0x000028A9	NAMES.TXT	4bf5ba261f71e9215450801d0ac4b00a66e91b046a3b592516524bea03bd6061	0x000028A9	19	ed33974e3a7fd39793c79c4eccb990597d2470aa59a6e6ab455cd948cf8ccc45	Live In Village,  L	住進村莊,  L	draft	目標159
NAMES.TXT:@ORDERS:0x000028BE	NAMES.TXT	4bf5ba261f71e9215450801d0ac4b00a66e91b046a3b592516524bea03bd6061	0x000028BE	19	64f7e3d8079d798d17714041a289d55846b5a50d88d8bf8d164cdbc45d7e398a	Fortify,          F	築防,          F	draft	目標159；沿用 draft.zh-Hant.tsv PEDIA.TXT:0x16D 候選譯名築防（該表註記待術語統一）；Fortified 為對應完成狀態，譯已築防。
NAMES.TXT:@ORDERS:0x000028D3	NAMES.TXT	4bf5ba261f71e9215450801d0ac4b00a66e91b046a3b592516524bea03bd6061	0x000028D3	19	8294593eb2f3911073bf3d4dff13e3865fb54840258f17c975453426900c7552	Fortified,        F	已築防,        F	draft	目標159；沿用 draft.zh-Hant.tsv PEDIA.TXT:0x16D 候選譯名築防（該表註記待術語統一）；本欄為完成狀態，譯已築防。
NAMES.TXT:@ORDERS:0x000028E8	NAMES.TXT	4bf5ba261f71e9215450801d0ac4b00a66e91b046a3b592516524bea03bd6061	0x000028E8	19	c1dc058ec006490ff4ffb668979dd3006fbd2a5cd07531278f2569f2157aa5ce	Build Colony,     B	建立殖民領地,     B	draft	目標159
NAMES.TXT:@ORDERS:0x000028FD	NAMES.TXT	4bf5ba261f71e9215450801d0ac4b00a66e91b046a3b592516524bea03bd6061	0x000028FD	19	fa52374f21506b5ba498240ab9c55d0a5d80b3d8202cefba4bb2d220f36f75a5	Clear/Plow,       P	砍伐／耕地,       P	draft	目標159；Plow 沿用 draft.zh-Hant.tsv PEDIA.TXT:0x176 候選譯名耕地；Clear（砍伐森林）為本欄新譯，兩者以「／」合併對應原文同鍵雙動作。
NAMES.TXT:@ORDERS:0x00002912	NAMES.TXT	4bf5ba261f71e9215450801d0ac4b00a66e91b046a3b592516524bea03bd6061	0x00002912	19	3f5cdca98558ffec9dbb0c22e953dcafc885e257e19e54a16f4f701db4678f8f	Build Road,       R	築路,       R	draft	目標159；不換：Build Road 譯築路
NAMES.TXT:@ORDERS:0x00002927	NAMES.TXT	4bf5ba261f71e9215450801d0ac4b00a66e91b046a3b592516524bea03bd6061	0x00002927	49	77089f036c5912bd3d2d350ffc18f1c3ae907e30eeed102cc459d10eb9992297	No Orders,        -             ; Reserved for AI	無命令,        - ; 保留給AI使用	draft	目標159；沿用 sea-status.zh-Hant.tsv NAMES.TXT:0x2855（同段 @ORDERS 另一格式）既有譯名無命令。
NAMES.TXT:@ORDERS:0x0000295A	NAMES.TXT	4bf5ba261f71e9215450801d0ac4b00a66e91b046a3b592516524bea03bd6061	0x0000295A	19	a60a3a386496301869b8aa9660377dfc314a623852a1edfece44b478f68c23f0	No Orders,        -	無命令,        -	draft	目標159；沿用 sea-status.zh-Hant.tsv NAMES.TXT:0x2855（同段 @ORDERS 另一格式）既有譯名無命令。
NAMES.TXT:@ORDERS:0x0000296F	NAMES.TXT	4bf5ba261f71e9215450801d0ac4b00a66e91b046a3b592516524bea03bd6061	0x0000296F	19	a60a3a386496301869b8aa9660377dfc314a623852a1edfece44b478f68c23f0	No Orders,        -	無命令,        -	draft	目標159；沿用 sea-status.zh-Hant.tsv NAMES.TXT:0x2855（同段 @ORDERS 另一格式）既有譯名無命令。
NAMES.TXT:@LEVELS:0x00002B09	NAMES.TXT	4bf5ba261f71e9215450801d0ac4b00a66e91b046a3b592516524bea03bd6061	0x00002B09	28	cd8af6a6372c65983be6f5c4eb3d389464322e376e857dcd277eb688dd05adfc	Semi-Nomadic, Camp,    Camps	半遊牧,     營地,    營地	draft	目標159
NAMES.TXT:@LEVELS:0x00002B27	NAMES.TXT	4bf5ba261f71e9215450801d0ac4b00a66e91b046a3b592516524bea03bd6061	0x00002B27	31	4ee1399875257d499e3275712e0a3e15b8fa70704a50068d05f19bb1d6762261	Agrarian,     Village, Villages	農耕,     村莊,    村莊	draft	目標159
NAMES.TXT:@LEVELS:0x00002B48	NAMES.TXT	4bf5ba261f71e9215450801d0ac4b00a66e91b046a3b592516524bea03bd6061	0x00002B48	29	0b2321ce5a99a623a42a6f2ca692580e3d2e6586300a7a59d06a4dfa2e24c3e6	Advanced,     City,    Cities	先進,     城市,    城市	draft	目標159
NAMES.TXT:@LEVELS:0x00002B67	NAMES.TXT	4bf5ba261f71e9215450801d0ac4b00a66e91b046a3b592516524bea03bd6061	0x00002B67	29	fa72324002797e027fa64dbd98f712335d15ba4f4f033830cb43d24808eded59	Civilized,    City,    Cities	文明,     城市,    城市	draft	目標159
NAMES.TXT:@LEVELS:0x00002B86	NAMES.TXT	4bf5ba261f71e9215450801d0ac4b00a66e91b046a3b592516524bea03bd6061	0x00002B86	31	f138ed589ec1080f9f30f8a877e13767ffc53033e29916cb87b1a9fa21b1e8bc	<Any>,     Capital,    Capitals	<任一>,     首都,    首都	draft	目標159；原文 <Any> 為萬用占位語法，保留角括號，內容譯為任一；對應 Capital／Capitals 譯首都，與定稿表 Capital 之部落首都變體語境一致。
NAMES.TXT:@TRIBES:0x00002BF3	NAMES.TXT	4bf5ba261f71e9215450801d0ac4b00a66e91b046a3b592516524bea03bd6061	0x00002BF3	43	4e83123645aa6fe379f5169aab4313dd9cb4ab90c51aceb9c72e4f31a9a27f99	Incas,     Inca,     Jewelled Relics, 3, 97	印加, 印加, 鑲寶聖物, 3, 97	draft	目標159
NAMES.TXT:@TRIBES:0x00002C20	NAMES.TXT	4bf5ba261f71e9215450801d0ac4b00a66e91b046a3b592516524bea03bd6061	0x00002C20	44	95377d012018c9e506ef683677ce2f80baac24b7a92133532787945e1ddf87a4	Aztecs,    Aztec,    Gold Bars,       2, 149	阿茲特克, 阿茲特克, 金條, 2, 149	draft	目標159
NAMES.TXT:@TRIBES:0x00002C4E	NAMES.TXT	4bf5ba261f71e9215450801d0ac4b00a66e91b046a3b592516524bea03bd6061	0x00002C4E	43	379c047f254df6708e8d75d2abf6bc8dbc7d564510833735949afbe4de283ed7	Arawaks,   Arawak,   Bone Jewelry,    1, 54	阿羅瓦克, 阿羅瓦克, 骨飾, 1, 54	draft	目標159
NAMES.TXT:@TRIBES:0x00002C7B	NAMES.TXT	4bf5ba261f71e9215450801d0ac4b00a66e91b046a3b592516524bea03bd6061	0x00002C7B	43	74bd94e7726df89bbd7114f19b2fb5db322fc427fdca8bae3a39f0bde643fe43	Iroquois,  Iroquois, Wood Carvings,   1, 87	埃羅克依, 埃羅克依, 木雕, 1, 87	draft	目標159
NAMES.TXT:@TRIBES:0x00002CA8	NAMES.TXT	4bf5ba261f71e9215450801d0ac4b00a66e91b046a3b592516524bea03bd6061	0x00002CA8	43	c94ccbfdf9489eabb76f5f1ac0d93937c5a0b7876ba383860869ccc60dbaff7f	Cherokee,  Cherokee, Turquoise,       1, 67	奇洛基, 奇洛基, 綠松石, 1, 67	draft	目標159
NAMES.TXT:@TRIBES:0x00002CD5	NAMES.TXT	4bf5ba261f71e9215450801d0ac4b00a66e91b046a3b592516524bea03bd6061	0x00002CD5	44	5e51dcbecbc17feaa67564c8296eacb35a7b57d7979601716f55e44917bb1731	Apache,    Apache,   Beads,           0, 111	阿帕契, 阿帕契, 珠串, 0, 111	draft	目標159
NAMES.TXT:@TRIBES:0x00002D03	NAMES.TXT	4bf5ba261f71e9215450801d0ac4b00a66e91b046a3b592516524bea03bd6061	0x00002D03	44	52955be65ed54a020751fd2aeca28f6eb5767de71fdc32af2dff92c471c46ff9	Sioux,     Sioux,    Beads,           0, 118	蘇族, 蘇族, 珠串, 0, 118	draft	目標159
NAMES.TXT:@TRIBES:0x00002D31	NAMES.TXT	4bf5ba261f71e9215450801d0ac4b00a66e91b046a3b592516524bea03bd6061	0x00002D31	43	d93cd5dc47da007288cea8f241c1fa8e5223b1fefffd71d61d0502dc85803f0b	Tupi,      Tupi,     Gems,            0, 71	突比, 突比, 寶石, 0, 71	draft	目標159
NAMES.TXT:@TRIBES:0x00002D75	NAMES.TXT	4bf5ba261f71e9215450801d0ac4b00a66e91b046a3b592516524bea03bd6061	0x00002D75	15	8387cfa7d80cf122510c1350928efd8694c2f28989730001ff9af15150834dd3	Maya,      Maya	馬雅, 馬雅	draft	目標159
NAMES.TXT:@TRIBES:0x00002D86	NAMES.TXT	4bf5ba261f71e9215450801d0ac4b00a66e91b046a3b592516524bea03bd6061	0x00002D86	17	8f126fda0ca993aa3f3aaa4b174e47a44cd0a3c4870129d5868b55c1e06ebe7b	Toltecs,   Toltec	托爾特克, 托爾特克	draft	目標159
NAMES.TXT:@TRIBES:0x00002D99	NAMES.TXT	4bf5ba261f71e9215450801d0ac4b00a66e91b046a3b592516524bea03bd6061	0x00002D99	16	ac7b29790207d5e083d0203ab2a16550ddfdaba867c9737a29c8585b82e3aff3	Kiowa,     Kiowa	基奧瓦, 基奧瓦	draft	目標159；定稿表無此部落；基奧瓦為常見中譯，另有凱奧瓦等譯法並存，供覆核。
NAMES.TXT:@TRIBES:0x00002DAB	NAMES.TXT	4bf5ba261f71e9215450801d0ac4b00a66e91b046a3b592516524bea03bd6061	0x00002DAB	16	d7f5b32b63d1b859167daa7eab49a0152ca7a643cf3d7d2ad3fcfae727e15534	Hurons,    Huron	休倫, 休倫	draft	目標159
NAMES.TXT:@TRIBES:0x00002DBD	NAMES.TXT	4bf5ba261f71e9215450801d0ac4b00a66e91b046a3b592516524bea03bd6061	0x00002DBD	15	24e412589f22e0fda5c8818160fdc9e0f9b024e6cf9d25aa44a87995f3e8388d	Hopi,      Hopi	霍皮, 霍皮	draft	目標159
NAMES.TXT:@TRIBES:0x00002DCE	NAMES.TXT	4bf5ba261f71e9215450801d0ac4b00a66e91b046a3b592516524bea03bd6061	0x00002DCE	17	6c44691e6eaa521dd3ac3f3482b1df93b5231068b20c3ebe2da714d7026a5a0a	Navajo,    Navajo	納瓦霍, 納瓦霍	draft	目標159
NAMES.TXT:@TRIBES:0x00002DE1	NAMES.TXT	4bf5ba261f71e9215450801d0ac4b00a66e91b046a3b592516524bea03bd6061	0x00002DE1	19	e61f6fb74f83b1bfdfedf732e2aa571b14a6518dba4d014f56368cc94ba2fe66	Cheyenne,  Cheyenne	夏安, 夏安	draft	目標159
NAMES.TXT:@TRIBES:0x00002DF6	NAMES.TXT	4bf5ba261f71e9215450801d0ac4b00a66e91b046a3b592516524bea03bd6061	0x00002DF6	15	1661c3d0883b1699e4412d59776d1e7040933ce07a703606431c7988421de972	Cree,      Cree	克里, 克里	draft	目標159
NAMES.TXT:@TRIBES:0x00002E09	NAMES.TXT	4bf5ba261f71e9215450801d0ac4b00a66e91b046a3b592516524bea03bd6061	0x00002E09	20	b861ef99acbbc70b1dba38c035f02b24a4485b259b45d4dea51c7d69de40f69a	Algonquin, Algonquin	阿岡昆, 阿岡昆	draft	目標159
NAMES.TXT:@TRIBES:0x00002E1F	NAMES.TXT	4bf5ba261f71e9215450801d0ac4b00a66e91b046a3b592516524bea03bd6061	0x00002E1F	19	7f61ed7ab1824e6f16a396d3ce9bf248838ec2809e086b45321c10c264fa6907	Powhatan,  Powhatan	波瓦坦, 波瓦坦	draft	目標159
NAMES.TXT:@TRIBES:0x00002E34	NAMES.TXT	4bf5ba261f71e9215450801d0ac4b00a66e91b046a3b592516524bea03bd6061	0x00002E34	19	bc36f1b51b1f663518a4e6a40bc5f62e95fc588816248a7835404493c9cb9538	Delaware,  Delaware	德拉瓦, 德拉瓦	draft	目標159
NAMES.TXT:@TRIBES:0x00002E49	NAMES.TXT	4bf5ba261f71e9215450801d0ac4b00a66e91b046a3b592516524bea03bd6061	0x00002E49	18	c916011821e2ffcb8b5810eb7350fd19c3ca9d4d3b4701f5bc95813179a4f151	Shawnee,   Shawnee	肖尼, 肖尼	draft	目標159
NAMES.TXT:@TRIBES:0x00002E5D	NAMES.TXT	4bf5ba261f71e9215450801d0ac4b00a66e91b046a3b592516524bea03bd6061	0x00002E5D	19	8b0acd7ba8e1642ebae075141b1e33b89e87fa88cf3a6c6ff3df72858632311d	Illinois,  Illinois	伊利諾, 伊利諾	draft	目標159
NAMES.TXT:@TRIBES:0x00002E72	NAMES.TXT	4bf5ba261f71e9215450801d0ac4b00a66e91b046a3b592516524bea03bd6061	0x00002E72	20	5fe02fb73ca25dd06baa2112dc187fb9c476b1c09cfc4edf38af0c0005c3162c	Chickasaw, Chickasaw	奇克索, 奇克索	draft	目標159
NAMES.TXT:@TRIBES:0x00002E88	NAMES.TXT	4bf5ba261f71e9215450801d0ac4b00a66e91b046a3b592516524bea03bd6061	0x00002E88	18	1389a299fd1abdae2aa574f33cc7463e22da6befcb89a2e56a9d06feb9b2ee80	Choctaw,   Choctaw	喬克托, 喬克托	draft	目標159
NAMES.TXT:@TRIBES:0x00002E9C	NAMES.TXT	4bf5ba261f71e9215450801d0ac4b00a66e91b046a3b592516524bea03bd6061	0x00002E9C	19	2740d7e04d01c16de6f09c979f778c6576a3298e09c0e4d58c91647a6bc9d852	Seminole,  Seminole	塞米諾爾, 塞米諾爾	draft	目標159
NAMES.TXT:@TRIBES:0x00002EB1	NAMES.TXT	4bf5ba261f71e9215450801d0ac4b00a66e91b046a3b592516524bea03bd6061	0x00002EB1	18	c9e17775525fa089af7266b360cac1a595528c399cda86f2c2f27d9ed6192789	Mohicans,  Mohican	莫希根,  莫希根	draft	目標159；此部落名不在text/terms.zh-Hant.tsv定稿表（僅收錄8個主要部落）；依terms.tsv同類部落名的音譯風格（不加族/人後綴）音譯，且中文無單複數之分，英文欄位的複數／單數兩種寫法譯為相同中文，不代表省略資訊；此列是否為正常玩家路徑可見文字尚未核對，先行音譯供覆核。
NAMES.TXT:@TRIBES:0x00002EC5	NAMES.TXT	4bf5ba261f71e9215450801d0ac4b00a66e91b046a3b592516524bea03bd6061	0x00002EC5	18	46019cfde3f4192657d4379d97f83be73f41e7b48b161724ad043622e71a5496	Zapotec,   Zapotec	薩波特克,   薩波特克	draft	目標159；此部落名不在text/terms.zh-Hant.tsv定稿表（僅收錄8個主要部落）；依terms.tsv同類部落名的音譯風格（不加族/人後綴）音譯，且中文無單複數之分，英文欄位的複數／單數兩種寫法譯為相同中文，不代表省略資訊；此列是否為正常玩家路徑可見文字尚未核對，先行音譯供覆核。
NAMES.TXT:@FATHERS:0x00003051	NAMES.TXT	4bf5ba261f71e9215450801d0ac4b00a66e91b046a3b592516524bea03bd6061	0x00003051	64	34cf97129e1d7c1559b33267f905b41a52a04eb5c9e8ddddd38467d2f3e95634	Adam Smith,                     0,      2, 8, 6 ; Economic/Trade	亞當史密斯,                     0,      2, 8, 6 ; Economic/Trade	draft	目標159；資料列僅名稱是玩家可見文字，其後數值與分號註解屬內部權重/分類資料（依docs/goals/158-text-denominator.md「名稱,數值」資料行方法論，非分號註解不計入玩家可見文字），維持英文原文與原數值不譯。名稱依text/terms.zh-Hant.tsv定稿譯名。；不換：行尾分號註解非畫面文字
NAMES.TXT:@FATHERS:0x00003093	NAMES.TXT	4bf5ba261f71e9215450801d0ac4b00a66e91b046a3b592516524bea03bd6061	0x00003093	47	5e633625fe0c3f687b5de2cd01e29ccc50b9edee6648c977d286b1cabb345bae	Jakob Fugger,                   0,      0, 5, 8	雅各布富格爾,                   0,      0, 5, 8	draft	目標159；資料列僅名稱是玩家可見文字，其後數值與分號註解屬內部權重/分類資料（依docs/goals/158-text-denominator.md「名稱,數值」資料行方法論，非分號註解不計入玩家可見文字），維持英文原文與原數值不譯。名稱依text/terms.zh-Hant.tsv定稿譯名。；不換：行尾分號註解非畫面文字
NAMES.TXT:@FATHERS:0x000030C4	NAMES.TXT	4bf5ba261f71e9215450801d0ac4b00a66e91b046a3b592516524bea03bd6061	0x000030C4	47	d3f0c7a8aef3269fa41ca3b96e38cbe58f726e104547f584b1df7e15d51f23ce	Peter Minuit,                   0,      9, 1, 0	彼得米努伊特,                   0,      9, 1, 0	draft	目標159；資料列僅名稱是玩家可見文字，其後數值與分號註解屬內部權重/分類資料（依docs/goals/158-text-denominator.md「名稱,數值」資料行方法論，非分號註解不計入玩家可見文字），維持英文原文與原數值不譯。名稱依text/terms.zh-Hant.tsv定稿譯名。；不換：行尾分號註解非畫面文字
NAMES.TXT:@FATHERS:0x000030F5	NAMES.TXT	4bf5ba261f71e9215450801d0ac4b00a66e91b046a3b592516524bea03bd6061	0x000030F5	47	ef4e7d2e5b7a1004737ff185a19080f4a0f8aff909c5da0fda3f47213ecc7037	Peter Stuyvesant,               0,      2, 4, 8	彼德史杜文生,               0,      2, 4, 8	draft	目標159；資料列僅名稱是玩家可見文字，其後數值與分號註解屬內部權重/分類資料（依docs/goals/158-text-denominator.md「名稱,數值」資料行方法論，非分號註解不計入玩家可見文字），維持英文原文與原數值不譯。名稱依text/terms.zh-Hant.tsv定稿譯名。；不換：行尾分號註解非畫面文字
NAMES.TXT:@FATHERS:0x00003126	NAMES.TXT	4bf5ba261f71e9215450801d0ac4b00a66e91b046a3b592516524bea03bd6061	0x00003126	47	ddc92b51f7b429b5585a5d1f7ef1645aa298d7bfb79ddfb162257b587b63b501	Jan de Witt,                    0,      2, 6,10	揚德維特,                    0,      2, 6,10	draft	目標159；資料列僅名稱是玩家可見文字，其後數值與分號註解屬內部權重/分類資料（依docs/goals/158-text-denominator.md「名稱,數值」資料行方法論，非分號註解不計入玩家可見文字），維持英文原文與原數值不譯。名稱依text/terms.zh-Hant.tsv定稿譯名。；不換：行尾分號註解非畫面文字
NAMES.TXT:@FATHERS:0x00003157	NAMES.TXT	4bf5ba261f71e9215450801d0ac4b00a66e91b046a3b592516524bea03bd6061	0x00003157	61	ac81d6d63c0ca04d1114f0f4a76565d7d46c4ea77af42b1710a520f4cb7bd5c6	Ferdinand Magellan,             1,      2,10,10 ; Exploration	麥哲倫,             1,      2,10,10 ; Exploration	draft	目標159；資料列僅名稱是玩家可見文字，其後數值與分號註解屬內部權重/分類資料（依docs/goals/158-text-denominator.md「名稱,數值」資料行方法論，非分號註解不計入玩家可見文字），維持英文原文與原數值不譯。名稱依text/terms.zh-Hant.tsv定稿譯名。；不換：行尾分號註解非畫面文字
NAMES.TXT:@FATHERS:0x00003196	NAMES.TXT	4bf5ba261f71e9215450801d0ac4b00a66e91b046a3b592516524bea03bd6061	0x00003196	47	0769c572d2f53b69dce60749a58c8dbf524bdb8f9b401484dd875ee2d7cf1b8b	Francisco Coronado,             1,      3, 5, 7	法蘭西斯科德科羅納多,             1,      3, 5, 7	draft	目標159；資料列僅名稱是玩家可見文字，其後數值與分號註解屬內部權重/分類資料（依docs/goals/158-text-denominator.md「名稱,數值」資料行方法論，非分號註解不計入玩家可見文字），維持英文原文與原數值不譯。名稱依text/terms.zh-Hant.tsv定稿譯名。；不換：行尾分號註解非畫面文字
NAMES.TXT:@FATHERS:0x000031C7	NAMES.TXT	4bf5ba261f71e9215450801d0ac4b00a66e91b046a3b592516524bea03bd6061	0x000031C7	47	68044e0f8cc1a92f6c5868908d004077b1191a64b1ca3bad3a3f582f6a09f776	Hernando de Soto,               1,      5,10, 5	埃爾南多德索托,               1,      5,10, 5	draft	目標159；資料列僅名稱是玩家可見文字，其後數值與分號註解屬內部權重/分類資料（依docs/goals/158-text-denominator.md「名稱,數值」資料行方法論，非分號註解不計入玩家可見文字），維持英文原文與原數值不譯。名稱依text/terms.zh-Hant.tsv定稿譯名。；不換：行尾分號註解非畫面文字
NAMES.TXT:@FATHERS:0x000031F8	NAMES.TXT	4bf5ba261f71e9215450801d0ac4b00a66e91b046a3b592516524bea03bd6061	0x000031F8	47	25f3319a48c51df3edb7219d2044fb57b5c994b229adbc81731b070d610987e6	Henry Hudson,                   1,     10, 1, 0	哈德遜,                   1,     10, 1, 0	draft	目標159；資料列僅名稱是玩家可見文字，其後數值與分號註解屬內部權重/分類資料（依docs/goals/158-text-denominator.md「名稱,數值」資料行方法論，非分號註解不計入玩家可見文字），維持英文原文與原數值不譯。名稱依text/terms.zh-Hant.tsv定稿譯名。；不換：行尾分號註解非畫面文字
NAMES.TXT:@FATHERS:0x00003229	NAMES.TXT	4bf5ba261f71e9215450801d0ac4b00a66e91b046a3b592516524bea03bd6061	0x00003229	47	ef4d8ba156b477c3ba445948f026983dd9b84ffed148172ce1dc79a6346b1f2b	Sieur De La Salle,              1,      7, 5, 3	拉薩爾,              1,      7, 5, 3	draft	目標159；資料列僅名稱是玩家可見文字，其後數值與分號註解屬內部權重/分類資料（依docs/goals/158-text-denominator.md「名稱,數值」資料行方法論，非分號註解不計入玩家可見文字），維持英文原文與原數值不譯。名稱依text/terms.zh-Hant.tsv定稿譯名。本行英文含敬稱Sieur De，terms.zh-Hant.tsv該建國之父（La Salle）定稿譯名僅「拉薩爾」，故略去敬稱音譯。；不換：行尾分號註解非畫面文字
NAMES.TXT:@FATHERS:0x0000325A	NAMES.TXT	4bf5ba261f71e9215450801d0ac4b00a66e91b046a3b592516524bea03bd6061	0x0000325A	58	c9820df3c018a3f69d61e650daa57620b4c121551d204b1f4749d72c358336e3	Hernan Cortes,                  2,      6, 5, 1 ; Military	埃爾南科爾特斯,                  2,      6, 5, 1 ; Military	draft	目標159；資料列僅名稱是玩家可見文字，其後數值與分號註解屬內部權重/分類資料（依docs/goals/158-text-denominator.md「名稱,數值」資料行方法論，非分號註解不計入玩家可見文字），維持英文原文與原數值不譯。名稱依text/terms.zh-Hant.tsv定稿譯名。；不換：行尾分號註解非畫面文字
NAMES.TXT:@FATHERS:0x00003296	NAMES.TXT	4bf5ba261f71e9215450801d0ac4b00a66e91b046a3b592516524bea03bd6061	0x00003296	47	9a682df380cd30549470db3107bb5b4160dc3e1e3bbcdce0cea50f16e4028f63	George Washington,              2,      0, 4,10	喬治華盛頓,              2,      0, 4,10	draft	目標159；資料列僅名稱是玩家可見文字，其後數值與分號註解屬內部權重/分類資料（依docs/goals/158-text-denominator.md「名稱,數值」資料行方法論，非分號註解不計入玩家可見文字），維持英文原文與原數值不譯。名稱依text/terms.zh-Hant.tsv定稿譯名。；不換：行尾分號註解非畫面文字
NAMES.TXT:@FATHERS:0x000032C7	NAMES.TXT	4bf5ba261f71e9215450801d0ac4b00a66e91b046a3b592516524bea03bd6061	0x000032C7	47	922c1d71331c7a4e502fbd091719253b8d395de75313f196bdff0702b42068e0	Paul Revere,                    2,     10, 2, 1	保羅里維爾,                    2,     10, 2, 1	draft	目標159；資料列僅名稱是玩家可見文字，其後數值與分號註解屬內部權重/分類資料（依docs/goals/158-text-denominator.md「名稱,數值」資料行方法論，非分號註解不計入玩家可見文字），維持英文原文與原數值不譯。名稱依text/terms.zh-Hant.tsv定稿譯名。；不換：行尾分號註解非畫面文字
NAMES.TXT:@FATHERS:0x000032F8	NAMES.TXT	4bf5ba261f71e9215450801d0ac4b00a66e91b046a3b592516524bea03bd6061	0x000032F8	47	440732e62365b0bd547cb345611a1835404f6623a8333de6df71c975e12a629e	Francis Drake,                  2,      4, 8, 6	法蘭西斯德雷克,                  2,      4, 8, 6	draft	目標159；資料列僅名稱是玩家可見文字，其後數值與分號註解屬內部權重/分類資料（依docs/goals/158-text-denominator.md「名稱,數值」資料行方法論，非分號註解不計入玩家可見文字），維持英文原文與原數值不譯。名稱依text/terms.zh-Hant.tsv定稿譯名。；不換：行尾分號註解非畫面文字
NAMES.TXT:@FATHERS:0x00003329	NAMES.TXT	4bf5ba261f71e9215450801d0ac4b00a66e91b046a3b592516524bea03bd6061	0x00003329	47	ed285c55bf06b6fa506fde2265db0810b7d9e8f947e24543436a4b65eb9282de	John Paul Jones,                2,      0, 6, 7	約翰保羅瓊斯,                2,      0, 6, 7	draft	目標159；資料列僅名稱是玩家可見文字，其後數值與分號註解屬內部權重/分類資料（依docs/goals/158-text-denominator.md「名稱,數值」資料行方法論，非分號註解不計入玩家可見文字），維持英文原文與原數值不譯。名稱依text/terms.zh-Hant.tsv定稿譯名。；不換：行尾分號註解非畫面文字
NAMES.TXT:@FATHERS:0x0000335A	NAMES.TXT	4bf5ba261f71e9215450801d0ac4b00a66e91b046a3b592516524bea03bd6061	0x0000335A	59	7d4dcec960676a12c7f8f91f66827d7ce0e2bbebf87c7c372b2bc317746022d6	Thomas Jefferson,               3,      4, 5, 6 ; Political	傑佛遜,               3,      4, 5, 6 ; Political	draft	目標159；資料列僅名稱是玩家可見文字，其後數值與分號註解屬內部權重/分類資料（依docs/goals/158-text-denominator.md「名稱,數值」資料行方法論，非分號註解不計入玩家可見文字），維持英文原文與原數值不譯。名稱依text/terms.zh-Hant.tsv定稿譯名。；不換：行尾分號註解非畫面文字
NAMES.TXT:@FATHERS:0x00003397	NAMES.TXT	4bf5ba261f71e9215450801d0ac4b00a66e91b046a3b592516524bea03bd6061	0x00003397	47	98d78c06acbd5ac89180c5ca12e99182be56ae23c993b583204702b5f934ddc9	Pocahontas,                     3,      7, 5, 3	寶嘉康蒂,                     3,      7, 5, 3	draft	目標159；資料列僅名稱是玩家可見文字，其後數值與分號註解屬內部權重/分類資料（依docs/goals/158-text-denominator.md「名稱,數值」資料行方法論，非分號註解不計入玩家可見文字），維持英文原文與原數值不譯。名稱依text/terms.zh-Hant.tsv定稿譯名。；不換：行尾分號註解非畫面文字
NAMES.TXT:@FATHERS:0x000033C8	NAMES.TXT	4bf5ba261f71e9215450801d0ac4b00a66e91b046a3b592516524bea03bd6061	0x000033C8	47	6d2371dc58234d354eb71329dbd7567aa05ceaa724688e27bca2fb17cf2dd3cc	Thomas Paine,                   3,      1, 2, 8	湯瑪斯潘恩,                   3,      1, 2, 8	draft	目標159；資料列僅名稱是玩家可見文字，其後數值與分號註解屬內部權重/分類資料（依docs/goals/158-text-denominator.md「名稱,數值」資料行方法論，非分號註解不計入玩家可見文字），維持英文原文與原數值不譯。名稱依text/terms.zh-Hant.tsv定稿譯名。；不換：行尾分號註解非畫面文字
NAMES.TXT:@FATHERS:0x000033F9	NAMES.TXT	4bf5ba261f71e9215450801d0ac4b00a66e91b046a3b592516524bea03bd6061	0x000033F9	47	b4d6bd465ab2996d8188e872ac3c0fc820925f6a59b5f836c75c2cf50aff3705	Simon Bolivar,                  3,      0, 4, 6	西蒙玻利瓦,                  3,      0, 4, 6	draft	目標159；資料列僅名稱是玩家可見文字，其後數值與分號註解屬內部權重/分類資料（依docs/goals/158-text-denominator.md「名稱,數值」資料行方法論，非分號註解不計入玩家可見文字），維持英文原文與原數值不譯。名稱依text/terms.zh-Hant.tsv定稿譯名。；不換：行尾分號註解非畫面文字
NAMES.TXT:@FATHERS:0x0000342A	NAMES.TXT	4bf5ba261f71e9215450801d0ac4b00a66e91b046a3b592516524bea03bd6061	0x0000342A	47	cb73d6623df7b71d14feb213dd98dddcf7d79d7ab792fe4f1d4cc7991b734076	Benjamin Franklin,              3,      5, 5, 5	班哲明佛蘭克林,              3,      5, 5, 5	draft	目標159；資料列僅名稱是玩家可見文字，其後數值與分號註解屬內部權重/分類資料（依docs/goals/158-text-denominator.md「名稱,數值」資料行方法論，非分號註解不計入玩家可見文字），維持英文原文與原數值不譯。名稱依text/terms.zh-Hant.tsv定稿譯名。；不換：行尾分號註解非畫面文字
NAMES.TXT:@FATHERS:0x0000345B	NAMES.TXT	4bf5ba261f71e9215450801d0ac4b00a66e91b046a3b592516524bea03bd6061	0x0000345B	59	753282a06d2b80f8b2892860fafe04976439ed18b3500582d220c7b5e323ba4f	William Brewster,               4,      7, 4, 1 ; Religious	威廉布魯斯特,               4,      7, 4, 1 ; Religious	draft	目標159；資料列僅名稱是玩家可見文字，其後數值與分號註解屬內部權重/分類資料（依docs/goals/158-text-denominator.md「名稱,數值」資料行方法論，非分號註解不計入玩家可見文字），維持英文原文與原數值不譯。名稱依text/terms.zh-Hant.tsv定稿譯名。；不換：行尾分號註解非畫面文字
NAMES.TXT:@FATHERS:0x00003498	NAMES.TXT	4bf5ba261f71e9215450801d0ac4b00a66e91b046a3b592516524bea03bd6061	0x00003498	47	a6578b3ffbde0f019f54b88a8418393ec1fb0050f060c3a7ce99c580a67a3d1f	William Penn,                   4,      8, 5, 2	威廉潘,                   4,      8, 5, 2	draft	目標159；資料列僅名稱是玩家可見文字，其後數值與分號註解屬內部權重/分類資料（依docs/goals/158-text-denominator.md「名稱,數值」資料行方法論，非分號註解不計入玩家可見文字），維持英文原文與原數值不譯。名稱依text/terms.zh-Hant.tsv定稿譯名。；不換：行尾分號註解非畫面文字
NAMES.TXT:@FATHERS:0x000034C9	NAMES.TXT	4bf5ba261f71e9215450801d0ac4b00a66e91b046a3b592516524bea03bd6061	0x000034C9	47	9a7f520e217ea736bfbe135883866d1b6f61b49ebb76161ceef9c047c87ed5fe	Jean de Brebeuf,                4,      6, 6, 1	讓德布雷伯夫,                4,      6, 6, 1	draft	目標159；資料列僅名稱是玩家可見文字，其後數值與分號註解屬內部權重/分類資料（依docs/goals/158-text-denominator.md「名稱,數值」資料行方法論，非分號註解不計入玩家可見文字），維持英文原文與原數值不譯。名稱依text/terms.zh-Hant.tsv定稿譯名。terms.zh-Hant.tsv鍵為「Father Jean de Brebeuf」→「讓德布雷伯夫神父」（PEDIA.TXT用法，含神父頭銜）；本行NAMES.TXT原文無Father，依原文不加神父頭銜，僅譯姓名本體，供覆核。；不換：行尾分號註解非畫面文字
NAMES.TXT:@FATHERS:0x000034FA	NAMES.TXT	4bf5ba261f71e9215450801d0ac4b00a66e91b046a3b592516524bea03bd6061	0x000034FA	47	81ead945a562af87b056a2d41e73d8a4bbd0ac8a7c0999a9d0e7d59f68c33ef0	Juan de Sepulveda,              4,      3, 8, 3	胡安德塞普爾韋達,              4,      3, 8, 3	draft	目標159；資料列僅名稱是玩家可見文字，其後數值與分號註解屬內部權重/分類資料（依docs/goals/158-text-denominator.md「名稱,數值」資料行方法論，非分號註解不計入玩家可見文字），維持英文原文與原數值不譯。名稱依text/terms.zh-Hant.tsv定稿譯名。；不換：行尾分號註解非畫面文字
NAMES.TXT:@FATHERS:0x0000352B	NAMES.TXT	4bf5ba261f71e9215450801d0ac4b00a66e91b046a3b592516524bea03bd6061	0x0000352B	47	f5b59699518dff4bf43d2c31f02f0d3b7a420ba612a37521033c4722efeb5efa	Bartolome de las Casas,         4,      0, 5,10	巴托洛梅德拉斯卡薩斯,         4,      0, 5,10	draft	目標159；資料列僅名稱是玩家可見文字，其後數值與分號註解屬內部權重/分類資料（依docs/goals/158-text-denominator.md「名稱,數值」資料行方法論，非分號註解不計入玩家可見文字），維持英文原文與原數值不譯。名稱依text/terms.zh-Hant.tsv定稿譯名。；不換：行尾分號註解非畫面文字
PEDIA.TXT:@JOB27:0x0000A0F5	PEDIA.TXT	cd0bf6880d62df13b5f9fb4212a7ac20e60032db9de7aa3ad00862c422bb34d1	0x0000A0F5	295	74dd949412da4533d5bf256b7017849a9af80fc846d7a71a01cde3707d743830	^{INDIAN CONVERTS}\nMissionaries working among the native population are able to convince \nsome of the Indians of the veracity of Christianity. These converts are \ngood outdoorsmen -- good at all the outdoor professions. However, they \nare not well suited to manufacturing or processing jobs.	^{印地安歸順者}\n在原住民之間傳教的傳教士，能讓部分印地安人相信基督教義而皈依。這些歸順者精於各種戶外工作，但不適合擔任製造或加工類職務。	draft	目標159；不換：native population 指原住民群體
WOODCUT.TXT:@WOODCUT:0x00000131	WOODCUT.TXT	32c813604a57fada85c591d2dd5ed6d29486ca1b0273fce544e6dd5b6b6fc8d2	0x00000131	10	6f92e1180b6c6ac878b89a47f584229ff203f79f7cad6d9e44f45e6329376655	woodcut 14	版畫14	draft	目標159；WOODCUT.TXT同段落前14筆是具體場景標題（如「新世界」「發現新世界」），此3筆原文只是「woodcut+編號」的通用占位字串，疑為未另外命名的過場版畫；採「版畫」＋原編號直譯，是否實際顯示於正常玩家路徑尚未核對。
WOODCUT.TXT:@WOODCUT:0x0000013D	WOODCUT.TXT	32c813604a57fada85c591d2dd5ed6d29486ca1b0273fce544e6dd5b6b6fc8d2	0x0000013D	10	aa9c509bb1683c09c9a57e140543d6b1a9e2dd4e0e22097c7c9261dea391e181	woodcut 15	版畫15	draft	目標159；WOODCUT.TXT同段落前14筆是具體場景標題（如「新世界」「發現新世界」），此3筆原文只是「woodcut+編號」的通用占位字串，疑為未另外命名的過場版畫；採「版畫」＋原編號直譯，是否實際顯示於正常玩家路徑尚未核對。
WOODCUT.TXT:@WOODCUT:0x00000149	WOODCUT.TXT	32c813604a57fada85c591d2dd5ed6d29486ca1b0273fce544e6dd5b6b6fc8d2	0x00000149	10	c69f8ddb1d56c4284290bb04463f9ccf368e1a78657eb558e3e19f41f06addff	woodcut 16	版畫16	draft	目標159；WOODCUT.TXT同段落前14筆是具體場景標題（如「新世界」「發現新世界」），此3筆原文只是「woodcut+編號」的通用占位字串，疑為未另外命名的過場版畫；採「版畫」＋原編號直譯，是否實際顯示於正常玩家路徑尚未核對。
